block,id,run,cycle,kind,fact,base_status,base_reason,base_level,tr_add(案P追加方式),tr_first(P先行ストレス),p_reason,p_ranges,claim
b346,,iter5/instances_s1/bgroup_B3.json,1,K1,HF-007,resolved,,L0,確定→確定(同じ範囲),確定→確定(同じ範囲),,"Concerns about US-Iran attacks, the sea blockade, and tanker safety continued on July 14, so the flashy 20% plan left the stage","Concerns about US-Iran attacks, the sea blockade, and tanker safety continued on July 14, so the flashy 20% plan left the stage"
b346,,iter5/instances_s1/bgroup_B3.json,1,K3,HF-009,unverified,mismatch,,確定不能→確定不能(同じ),確定不能→確定不能(同じ),p_no_quote,,"percent values found in article not matching any ledger fact: [2.0, 3.0]"
b346,,iter5/instances_s1/bgroup_B3.json,1,K3,HF-011,unverified,mismatch,,確定不能→確定不能(同じ),確定不能→確定不能(同じ),p_no_quote,,"percent values found in article not matching any ledger fact: [2.0, 3.0]"
b346,,iter5/instances_s1/bgroup_B4.json,1,K1,MUSE-HC-002,resolved,,L1,確定→確定(同じ範囲),確定→確定(同じ範囲),,A person can take over when AI alone has trouble.,“A person can take over when AI alone has trouble.”
b346,U01,iter5/instances_s1/bgroup_B4.json,2,K1,MUSE-HC-012,unverified,explanatory_mixed,,確定不能→確定,確定不能→確定,,"A call came from an AI agent. That was what it seemed. But while the conversation continued, the voice on the other end was not AI. It was a person. || produced exactly this kind of surprise.","“A call came from an AI agent. That was what it seemed. But while the conversation continued, the voice on the other end was not AI. It was a person.” Meta’s test “produced exactly this kind of surprise.”"
b346,,iter5/instances_s1/bgroup_B4.json,3,K1,MUSE-HC-012,resolved,,L4,確定→確定(同じ範囲),確定→確定(同じ範囲),,I Thought It Was an AI Call—But There Was a Person Inside? || Meta had run a test that produced exactly this kind of surprise.,“I Thought It Was an AI Call—But There Was a Person Inside?” and “Meta had run a test that produced exactly this kind of surprise.”
b346,,iter5/instances_s1/hormuz_run01_advanced.json,1,K1,HF-009,resolved,,L1,確定→確定(同じ範囲),確定→確定(同じ範囲),,"Trump withdrew the proposed Strait of Hormuz fee, but oil prices stayed high because shipping risks remained.","“Trump withdrew the proposed Strait of Hormuz fee, but oil prices stayed high because shipping risks remained.”"
b346,,iter5/instances_s1/hormuz_run03_advanced.json,1,K1,HF-009,resolved,,L0,確定→確定(同じ範囲),確定→確定(同じ範囲),,"At the same time, attacks by the United States and Iran, a sea blockade, and concerns about tanker safety continued.","At the same time, attacks by the United States and Iran, a sea blockade, and concerns about tanker safety continued."
b346,,iter5/instances_s1/hormuz_run03_advanced.json,1,K1,HF-009,resolved,,L0,確定→確定(同じ範囲),確定→確定(同じ範囲),,What we can see here is that oil prices did not fall across the board immediately after the plan was withdrawn.,What we can see here is that oil prices did not fall across the board immediately after the plan was withdrawn.
b346,,iter5/instances_s1/hormuz_run03_standard.json,1,K1,HF-009,resolved,,L0,確定→確定(同じ範囲),確定→確定(同じ範囲),,Oil prices did not fall across the whole market after the plan was withdrawn.,Oil prices did not fall across the whole market after the plan was withdrawn.
b346,,iter5/instances_s1/meta_run03_advanced.json,1,K1,MUSE-HC-012,resolved,,L1,確定→確定(同じ範囲),確定→確定(同じ範囲),,"They were enjoying the convenience of AI, only to find a human on the other end of the call without realizing it.","“They were enjoying the convenience of AI, only to find a human on the other end of the call without realizing it.”"
b346,,iter5/instances_s1/meta_run03_standard.json,1,K1,MUSE-HC-010,resolved,,L3,確定→確定(同じ範囲),確定→確定(同じ範囲),,some calls needed user information to continue.,“Some calls needed user information to continue.”
b346,,iter5/instances_s1/meta_run03_standard.json,1,K1,MUSE-HC-012,resolved,,L1,確定→確定(同じ範囲),確定→確定(同じ範囲),,They did not realize it.,“They did not realize it.”
b346,,iter5/instances_s1/meta_run03_standard.json,2,K1,MUSE-HC-011,resolved,,L1,確定→確定(同じ範囲),確定→確定(同じ範囲),,It said human staff made inappropriate comments about race during calls. These calls were about trying to lower internet or cable fees.,“It said human staff made inappropriate comments about race during calls. These calls were about trying to lower internet or cable fees.”
b346,,iter5/instances_s1/neg1_meta_b3prod_a2.json,1,K1,MUSE-HC-006,resolved,,L2,確定→確定(同じ範囲),確定→確定(同じ範囲),,"A call seemed to come from an AI agent. But as the conversation went on, the voice was not AI at all. It was a person.

Meta had run a test that caused exactly this surprise.","“A call seemed to come from an AI agent. But as the conversation went on, the voice was not AI at all. It was a person. Meta had run a test that caused exactly this surprise.”"
b346,,iter5/instances_s1/neg2_meta_refresh_a2.json,1,K1,MUSE-HC-012,resolved,,L1,確定→確定(同じ範囲),確定→確定(同じ範囲),,They enjoyed the ease of AI. But they did not know that a human was on the other end.,“They enjoyed the ease of AI. But they did not know that a human was on the other end.”
b346,,iter5/instances_s1/neg3_hormuz_prodrunner_b1b.json,1,K1,HF-009,resolved,,L0,確定→確定(同じ範囲),確定→確定(同じ範囲),,"The fee plan left the stage, but the events driving oil prices—and the prices themselves—quickly returned.","The fee plan left the stage, but the events driving oil prices—and the prices themselves—quickly returned."
b346,,iter5/instances_s1/neg4_smallbag_div_a2.json,1,K1,"F003, F004",resolved,,L0,確定→確定(同じ範囲),確定→確定(同じ範囲),,"Even so, trends now look different. Bags no longer play a game with only one size on the throne.","Even so, trends now look different. Bags no longer play a game with only one size on the throne."
b346,,iter5/instances_s1/neg6_smallbag_div_b1b.json,1,K1,"F003, F001, F002, F004",resolved,,L3,確定→確定(同じ範囲),確定→確定(同じ範囲),,the way trends look has changed. Bags are no longer in a game where one size alone sits on the throne.,“The way trends look has changed. Bags are no longer in a game where one size alone sits on the throne.”
b346,,iter5/instances_s1/safety_A2A3.json,1,K1,HF-003,resolved,,L1,確定→確定(同じ範囲),確定→確定(同じ範囲),,The idea was that those carrying the cargo would repay the money the United States spends to keep the strait safe.,“The idea was that those carrying the cargo would repay the money the United States spends to keep the strait safe.”
b346,,iter5/instances_s1/safety_A4.json,1,K1,MUSE-HC-006,resolved,,L1,確定→確定(同じ範囲),確定→確定(同じ範囲),,"Through Muse, trained human contract workers made some calls and completed the exchanges with users.","“Through Muse, trained human contract workers made some calls and completed the exchanges with users.”"
b346,U02,iter5/instances_s1/safety_A4.json,1,K1,MUSE-HC-012,unverified,explanatory_mixed,,確定不能→確定,確定不能→確定,,That was what people thought as they spoke. || people who thought they were speaking with AI were actually speaking with human staff,“people who thought they were speaking with AI were actually speaking with human staff”および冒頭の「That was what people thought as they spoke.」
b346,,iter5/instances_s1/safety_A4.json,2,K1,MUSE-HC-012,resolved,,L1,確定→確定(同じ範囲),確定→確定(同じ範囲),,An AI called. That was what people thought as they spoke.,“An AI called. That was what people thought as they spoke.”
b346,,iter5/instances_s1/safety_A4.json,2,K1,MUSE-HC-006,resolved,,L1,確定→確定(同じ範囲),確定→確定(同じ範囲),,"The idea was practical: when AI struggled, a person could help. Keeping a human in reserve seemed safer than leaving everything to AI.","“The idea was practical: when AI struggled, a person could help. Keeping a human in reserve seemed safer than leaving everything to AI.”"
b346,,iter5/instances_s1/safety_A4.json,2,K1,MUSE-HC-010,resolved,,L1,確定→確定(同じ範囲),確定→確定(同じ範囲),,One helper meant one more person handling private data.,“One helper meant one more person handling private data.”
b346,,iter5/instances_s1/safety_A5.json,1,K1,MUSE-HC-012,resolved,,L0,確定→確定(同じ範囲),確定→確定(同じ範囲),,They also temporarily put back the feature in which humans handled the calls. They did not stop Muse itself.,They also temporarily put back the feature in which humans handled the calls. They did not stop Muse itself.
b346,,iter5/instances_s1/safety_er009_changed_actor.json,1,K1,,resolved,,L0,確定→確定(同じ範囲),確定→確定(同じ範囲),,"A team at Harvard Business School studied more than 13 million credit card payments in New York City taxis, and found that higher suggested tip rates led passengers to leave more money.","A team at Harvard Business School studied more than 13 million credit card payments in New York City taxis, and found that higher suggested tip rates led passengers to leave more money."
b346,,iter5/instances_s1/safety_er009_changed_causality.json,1,K1,,resolved,,L0,確定→確定(同じ範囲),確定→確定(同じ範囲),,The rise in US restaurant tipping from about 10-15 percent in the early 1970s to about 20 percent by the late 1990s was directly caused by the introduction of digital tip screens.,The rise in US restaurant tipping from about 10-15 percent in the early 1970s to about 20 percent by the late 1990s was directly caused by the introduction of digital tip screens.
b346,,iter5/instances_s1/safety_er009_changed_certainty.json,1,K1,,resolved,,L0,確定→確定(同じ範囲),確定→確定(同じ範囲),,It is now proven beyond doubt that suggested tip screens cause guilt tipping in every customer who sees one.,It is now proven beyond doubt that suggested tip screens cause guilt tipping in every customer who sees one.
b346,,iter5/instances_s1/safety_er009_changed_comparison.json,1,K1,,resolved,,L0,確定→確定(同じ範囲),確定→確定(同じ範囲),,"Passengers who saw LOWER suggested tip rates left more money than those who saw higher suggested rates, according to the New York City taxi study.","Passengers who saw LOWER suggested tip rates left more money than those who saw higher suggested rates, according to the New York City taxi study."
b346,,iter5/instances_s1/safety_er009_changed_negation.json,1,K1,,resolved,,L0,確定→確定(同じ範囲),確定→確定(同じ範囲),,The taxi study found that passengers who saw higher suggested tip rates did NOT leave more money; the suggested rate had no effect on the final tip.,The taxi study found that passengers who saw higher suggested tip rates did NOT leave more money; the suggested rate had no effect on the final tip.
b346,,iter5/instances_s1/safety_er009_changed_number.json,1,K1,,resolved,,L0,確定→確定(同じ範囲),確定→確定(同じ範囲),,"Researchers studied more than 30 million credit card payments in New York City taxis, and found that higher suggested tip rates led passengers to leave more money.","Researchers studied more than 30 million credit card payments in New York City taxis, and found that higher suggested tip rates led passengers to leave more money."
b346,,iter5/instances_s1/safety_er009_changed_number.json,1,K3,F-002,unverified,mismatch,,確定不能→確定不能(同じ),確定不能→確定不能(同じ),p_no_quote,,count values found in article not matching any ledger fact: [30000000.0]
b346,,iter5/instances_s1/safety_er009_changed_scope.json,1,K1,,resolved,,L0,確定→確定(同じ範囲),確定→確定(同じ範囲),,"The taxi study's results have now been directly confirmed in restaurants nationwide: higher suggested tip rates on restaurant screens cause customers to leave more money, just as they did in the New York City taxi data.","The taxi study's results have now been directly confirmed in restaurants nationwide: higher suggested tip rates on restaurant screens cause customers to leave more money, just as they did in the New York City taxi data."
b346,,iter5/instances_s1/safety_er009_changed_time.json,1,K1,,resolved,,L0,確定→確定(同じ範囲),確定→確定(同じ範囲),,"In 2019, researchers published a study in the American Economic Journal: Applied Economics showing that higher suggested tip rates led New York City taxi passengers to leave more money.","In 2019, researchers published a study in the American Economic Journal: Applied Economics showing that higher suggested tip rates led New York City taxi passengers to leave more money."
b346,,iter5/instances_s1/safety_er009_unsupported_new_claim.json,1,K1,,resolved,,L0,確定→確定(同じ範囲),確定→確定(同じ範囲),,The same New York City taxi researchers also found that male passengers tipped twice as much as female passengers when shown a higher suggested rate.,The same New York City taxi researchers also found that male passengers tipped twice as much as female passengers when shown a higher suggested rate.
b346,U03,iter5/instances_s2/bgroup_B2_hormuz.json,1,K1,"HF-002, HF-007",resolved,,L5_edge_punct,確定→確定(同じ範囲),確定→確定(同じ範囲),,Trump’s proposed Hormuz fee vanished overnight,“Trump’s proposed Hormuz fee vanished overnight.”
b346,U04,iter5/instances_s2/bgroup_B3.json,1,K1,"HF-007, HF-011",resolved,,L5_edge_punct,確定→確定(同じ範囲),確定→確定(同じ範囲),,"Concerns about US-Iran attacks, the sea blockade, and tanker safety continued on July 14, so the flashy 20% plan left the stage","Concerns about US-Iran attacks, the sea blockade, and tanker safety continued on July 14, so the flashy 20% plan left the stage."
b346,,iter5/instances_s2/bgroup_B3.json,1,K3,HF-009,unverified,mismatch,,確定不能→確定不能(同じ),確定不能→確定不能(同じ),p_no_quote,,"percent values found in article not matching any ledger fact: [2.0, 3.0]"
b346,,iter5/instances_s2/bgroup_B3.json,1,K3,HF-011,unverified,mismatch,,確定不能→確定不能(同じ),確定不能→確定不能(同じ),p_no_quote,,"percent values found in article not matching any ledger fact: [2.0, 3.0]"
b346,,iter5/instances_s2/bgroup_B4.json,1,K1,MUSE-HC-002,resolved,,L1,確定→確定(同じ範囲),確定→確定(同じ範囲),,A person can take over when AI alone has trouble.,“A person can take over when AI alone has trouble.”
b346,,iter5/instances_s2/bgroup_B4.json,2,K1,MUSE-HC-006,resolved,,L4,確定→確定(同じ範囲),確定→確定(同じ範囲),,"I Thought It Was an AI Call—But There Was a Person Inside? || A call came from an AI agent. That was what it seemed. But while the conversation continued, the voice on the other end was not AI. It was a person. || Meta had run a test that produced exactly this kind of surprise.","“I Thought It Was an AI Call—But There Was a Person Inside?”; “A call came from an AI agent. That was what it seemed. But while the conversation continued, the voice on the other end was not AI. It was a person.”; “Meta had run a test that produced exactly this kind of surprise.”"
b346,,iter5/instances_s2/hormuz_run01_advanced.json,1,K1,HF-009,resolved,,L1,確定→確定(同じ範囲),確定→確定(同じ範囲),,"Trump withdrew the proposed Strait of Hormuz fee, but oil prices stayed high because shipping risks remained.","“Trump withdrew the proposed Strait of Hormuz fee, but oil prices stayed high because shipping risks remained.”"
b346,,iter5/instances_s2/hormuz_run02_advanced.json,1,K1,HF-009,resolved,,L0,確定→確定(同じ範囲),確定→確定(同じ範囲),,"Trump’s proposed Hormuz fee vanished overnight, but crude oil prices stayed high as tensions and tanker fears remained.","Trump’s proposed Hormuz fee vanished overnight, but crude oil prices stayed high as tensions and tanker fears remained."
b346,U05,iter5/instances_s2/hormuz_run03_advanced.json,1,K1,HF-009 / HF-011,unverified,mismatch,,確定不能→確定不能(同じ),確定不能→確定不能(同じ),p_fragment_not_in_article,,“attacks by the United States and Iran ... continued”
b346,,iter5/instances_s2/hormuz_run03_standard.json,1,K1,HF-009,resolved,,L0,確定→確定(同じ範囲),確定→確定(同じ範囲),,Oil prices did not fall across the whole market after the plan was withdrawn.,Oil prices did not fall across the whole market after the plan was withdrawn.
b346,,iter5/instances_s2/hormuz_run03_standard.json,2,K1,HF-009,resolved,,L0,確定→確定(同じ範囲),確定→確定(同じ範囲),,Oil prices did not fall across the whole market after the plan was withdrawn.,Oil prices did not fall across the whole market after the plan was withdrawn.
b346,,iter5/instances_s2/meta_run03_standard.json,1,K1,MUSE-HC-010,resolved,,L3,確定→確定(同じ範囲),確定→確定(同じ範囲),,some calls needed user information to continue.,“Some calls needed user information to continue.”
b346,,iter5/instances_s2/meta_run03_standard.json,1,K1,MUSE-HC-012,resolved,,L1,確定→確定(同じ範囲),確定→確定(同じ範囲),,They did not realize it.,“They did not realize it.”
b346,,iter5/instances_s2/meta_run03_standard.json,2,K1,MUSE-HC-011,resolved,,L1,確定→確定(同じ範囲),確定→確定(同じ範囲),,These calls were about trying to lower internet or cable fees.,“These calls were about trying to lower internet or cable fees.”
b346,,iter5/instances_s2/neg1_meta_b3prod_a2.json,1,K1,MUSE-HC-006,resolved,,L2,確定→確定(同じ範囲),確定→確定(同じ範囲),,"A call seemed to come from an AI agent. But as the conversation went on, the voice was not AI at all. It was a person.

Meta had run a test that caused exactly this surprise.","“A call seemed to come from an AI agent. But as the conversation went on, the voice was not AI at all. It was a person. Meta had run a test that caused exactly this surprise.”"
b346,,iter5/instances_s2/neg2_meta_refresh_a2.json,1,K1,MUSE-HC-012,resolved,,L1,確定→確定(同じ範囲),確定→確定(同じ範囲),,They enjoyed the ease of AI. But they did not know that a human was on the other end.,“They enjoyed the ease of AI. But they did not know that a human was on the other end.”
b346,,iter5/instances_s2/neg3_hormuz_prodrunner_b1b.json,1,K1,HF-009,resolved,,L0,確定→確定(同じ範囲),確定→確定(同じ範囲),,"The fee plan left the stage, but the events driving oil prices—and the prices themselves—quickly returned.","The fee plan left the stage, but the events driving oil prices—and the prices themselves—quickly returned."
b346,,iter5/instances_s2/neg4_smallbag_div_a2.json,1,K1,F003; F004; F005,resolved,,L3,確定→確定(同じ範囲),確定→確定(同じ範囲),,trends now look different. Bags no longer play a game with only one size on the throne.,“Trends now look different. Bags no longer play a game with only one size on the throne.”
b346,,iter5/instances_s2/neg6_smallbag_div_b1b.json,1,K1,"F002, F003, F004",resolved,,L1,確定→確定(同じ範囲),確定→確定(同じ範囲),,Bags are no longer in a game where one size alone sits on the throne.,“Bags are no longer in a game where one size alone sits on the throne.”
b346,,iter5/instances_s2/safety_A2A3.json,1,K1,HF-003,resolved,,L1,確定→確定(同じ範囲),確定→確定(同じ範囲),,The idea was that those carrying the cargo would repay the money the United States spends to keep the strait safe.,“The idea was that those carrying the cargo would repay the money the United States spends to keep the strait safe.”
b346,,iter5/instances_s2/safety_A4.json,1,K1,MUSE-HC-006,resolved,,L1,確定→確定(同じ範囲),確定→確定(同じ範囲),,"Through Muse, trained human contract workers made some calls and completed the exchanges with users.","“Through Muse, trained human contract workers made some calls and completed the exchanges with users.”"
b346,U02,iter5/instances_s2/safety_A4.json,1,K1,MUSE-HC-012,unverified,explanatory_mixed,,確定不能→確定,確定不能→確定,,That was what people thought as they spoke. || people who thought they were speaking with AI were actually speaking with human staff,“people who thought they were speaking with AI were actually speaking with human staff”および冒頭の「That was what people thought as they spoke.」
b346,U06,iter5/instances_s2/safety_A4.json,2,K1,MUSE-HC-012,unverified,explanatory_mixed,,確定不能→確定,確定不能→確定,,That was what people thought as they spoke.,“That was what people thought as they spoke.” The opening also presents the call as one people believed was from an AI.
b346,,iter5/instances_s2/safety_A4.json,2,K1,MUSE-HC-006,resolved,,L1,確定→確定(同じ範囲),確定→確定(同じ範囲),,"The idea was practical: when AI struggled, a person could help. Keeping a human in reserve seemed safer than leaving everything to AI.","“The idea was practical: when AI struggled, a person could help. Keeping a human in reserve seemed safer than leaving everything to AI.”"
b346,,iter5/instances_s2/safety_A4.json,2,K1,MUSE-HC-010,resolved,,L1,確定→確定(同じ範囲),確定→確定(同じ範囲),,One helper meant one more person handling private data.,“One helper meant one more person handling private data.”
b346,,iter5/instances_s2/safety_A5.json,1,K1,MUSE-HC-012,resolved,,L0,確定→確定(同じ範囲),確定→確定(同じ範囲),,They also temporarily put back the feature in which humans handled the calls. They did not stop Muse itself.,They also temporarily put back the feature in which humans handled the calls. They did not stop Muse itself.
b346,,iter5/instances_s2/safety_er009_changed_actor.json,1,K1,,resolved,,L0,確定→確定(同じ範囲),確定→確定(同じ範囲),,"A team at Harvard Business School studied more than 13 million credit card payments in New York City taxis, and found that higher suggested tip rates led passengers to leave more money.","A team at Harvard Business School studied more than 13 million credit card payments in New York City taxis, and found that higher suggested tip rates led passengers to leave more money."
b346,,iter5/instances_s2/safety_er009_changed_causality.json,1,K1,,resolved,,L0,確定→確定(同じ範囲),確定→確定(同じ範囲),,The rise in US restaurant tipping from about 10-15 percent in the early 1970s to about 20 percent by the late 1990s was directly caused by the introduction of digital tip screens.,The rise in US restaurant tipping from about 10-15 percent in the early 1970s to about 20 percent by the late 1990s was directly caused by the introduction of digital tip screens.
b346,,iter5/instances_s2/safety_er009_changed_certainty.json,1,K1,,resolved,,L0,確定→確定(同じ範囲),確定→確定(同じ範囲),,It is now proven beyond doubt that suggested tip screens cause guilt tipping in every customer who sees one.,It is now proven beyond doubt that suggested tip screens cause guilt tipping in every customer who sees one.
b346,,iter5/instances_s2/safety_er009_changed_comparison.json,1,K1,,resolved,,L0,確定→確定(同じ範囲),確定→確定(同じ範囲),,"Passengers who saw LOWER suggested tip rates left more money than those who saw higher suggested rates, according to the New York City taxi study.","Passengers who saw LOWER suggested tip rates left more money than those who saw higher suggested rates, according to the New York City taxi study."
b346,,iter5/instances_s2/safety_er009_changed_negation.json,1,K1,,resolved,,L0,確定→確定(同じ範囲),確定→確定(同じ範囲),,The taxi study found that passengers who saw higher suggested tip rates did NOT leave more money; the suggested rate had no effect on the final tip.,The taxi study found that passengers who saw higher suggested tip rates did NOT leave more money; the suggested rate had no effect on the final tip.
b346,,iter5/instances_s2/safety_er009_changed_number.json,1,K1,,resolved,,L0,確定→確定(同じ範囲),確定→確定(同じ範囲),,"Researchers studied more than 30 million credit card payments in New York City taxis, and found that higher suggested tip rates led passengers to leave more money.","Researchers studied more than 30 million credit card payments in New York City taxis, and found that higher suggested tip rates led passengers to leave more money."
b346,,iter5/instances_s2/safety_er009_changed_number.json,1,K3,F-002,unverified,mismatch,,確定不能→確定不能(同じ),確定不能→確定不能(同じ),p_no_quote,,count values found in article not matching any ledger fact: [30000000.0]
b346,,iter5/instances_s2/safety_er009_changed_scope.json,1,K1,,resolved,,L0,確定→確定(同じ範囲),確定→確定(同じ範囲),,"The taxi study's results have now been directly confirmed in restaurants nationwide: higher suggested tip rates on restaurant screens cause customers to leave more money, just as they did in the New York City taxi data.","The taxi study's results have now been directly confirmed in restaurants nationwide: higher suggested tip rates on restaurant screens cause customers to leave more money, just as they did in the New York City taxi data."
b346,,iter5/instances_s2/safety_er009_changed_time.json,1,K1,,resolved,,L0,確定→確定(同じ範囲),確定→確定(同じ範囲),,"In 2019, researchers published a study in the American Economic Journal: Applied Economics showing that higher suggested tip rates led New York City taxi passengers to leave more money.","In 2019, researchers published a study in the American Economic Journal: Applied Economics showing that higher suggested tip rates led New York City taxi passengers to leave more money."
b346,,iter5/instances_s2/safety_er009_changed_time.json,2,K1,F-004,resolved,,L0,確定→確定(同じ範囲),確定→確定(同じ範囲),,"In 2014, researchers published a study in the American Economic Journal: Applied Economics showing that higher suggested tip rates led New York City taxi passengers to leave more money.","In 2014, researchers published a study in the American Economic Journal: Applied Economics showing that higher suggested tip rates led New York City taxi passengers to leave more money."
b346,,iter5/instances_s2/safety_er009_unsupported_new_claim.json,1,K1,,resolved,,L0,確定→確定(同じ範囲),確定→確定(同じ範囲),,The same New York City taxi researchers also found that male passengers tipped twice as much as female passengers when shown a higher suggested rate.,The same New York City taxi researchers also found that male passengers tipped twice as much as female passengers when shown a higher suggested rate.
b346,U07,iter6/instances_s1/bgroup_B3.json,1,K1,HF-007,resolved,,L5_edge_punct,確定→確定(同じ範囲),確定→確定(同じ範囲),,"Concerns about US-Iran attacks, the sea blockade, and tanker safety continued on July 14, so the flashy 20% plan left the stage, but the chart only pulled back briefly before recovering","Concerns about US-Iran attacks, the sea blockade, and tanker safety continued on July 14, so the flashy 20% plan left the stage, but the chart only pulled back briefly before recovering."
b346,,iter6/instances_s1/bgroup_B4.json,1,K1,MUSE-HC-006,resolved,,L1,確定→確定(同じ範囲),確定→確定(同じ範囲),,Meta had run a test that produced exactly this kind of surprise.,“Meta had run a test that produced exactly this kind of surprise.”
b346,,iter6/instances_s1/bgroup_B4.json,1,K1,MUSE-HC-002,resolved,,L1,確定→確定(同じ範囲),確定→確定(同じ範囲),,A person can take over when AI alone has trouble.,“A person can take over when AI alone has trouble.”
b346,,iter6/instances_s1/bgroup_B4.json,2,K1,MUSE-HC-006,resolved,,L1,確定→確定(同じ範囲),確定→確定(同じ範囲),,"A call came from an AI agent. That was what it seemed. But while the conversation continued, the voice on the other end was not AI. It was a person.","“A call came from an AI agent. That was what it seemed. But while the conversation continued, the voice on the other end was not AI. It was a person.”"
b346,,iter6/instances_s1/bgroup_B4.json,2,K1,MUSE-HC-010,resolved,,L1,確定→確定(同じ範囲),確定→確定(同じ範囲),,"Names, plans, and private matters are easier to share when you know who is hearing them.","“Names, plans, and private matters are easier to share when you know who is hearing them.”"
b346,U08,iter6/instances_s1/bgroup_B4.json,3,K1,MUSE-HC-006,unverified,explanatory_mixed,,確定不能→確定,確定不能→確定,,I Thought It Was an AI Call—But There Was a Person Inside? || A call came from an AI agent. That was what it seemed.,"The headline says “I Thought It Was an AI Call—But There Was a Person Inside?” and the opening says, “A call came from an AI agent. That was what it seemed.”"
b346,,iter6/instances_s1/hormuz_run03_standard.json,1,K1,HF-009,resolved,,L0,確定→確定(同じ範囲),確定→確定(同じ範囲),,Oil prices did not fall across the whole market after the plan was withdrawn.,Oil prices did not fall across the whole market after the plan was withdrawn.
b346,,iter6/instances_s1/meta_run03_advanced.json,1,K1,MUSE-HC-012,resolved,,L3,確定→確定(同じ範囲),確定→確定(同じ範囲),,"if this was not properly explained, users had no way to know whether they were talking to AI or a person. They were enjoying the convenience of AI, only to find a human on the other end of the call without realizing it.","“If this was not properly explained, users had no way to know whether they were talking to AI or a person. They were enjoying the convenience of AI, only to find a human on the other end of the call without realizing it.”"
b346,,iter6/instances_s1/meta_run03_standard.json,1,K1,MUSE-HC-010,resolved,,L3,確定→確定(同じ範囲),確定→確定(同じ範囲),,some calls needed user information to continue.,“Some calls needed user information to continue.”
b346,,iter6/instances_s1/meta_run03_standard.json,1,K1,MUSE-HC-012,resolved,,L1,確定→確定(同じ範囲),確定→確定(同じ範囲),,They did not realize it.,“They did not realize it.”
b346,,iter6/instances_s1/meta_run03_standard.json,2,K1,MUSE-HC-012,resolved,,L1,確定→確定(同じ範囲),確定→確定(同じ範囲),,They did not realize it.,“They did not realize it.”
b346,,iter6/instances_s1/neg1_meta_b3prod_a2.json,1,K1,MUSE-HC-006,resolved,,L2,確定→確定(同じ範囲),確定→確定(同じ範囲),,"A call seemed to come from an AI agent. But as the conversation went on, the voice was not AI at all. It was a person.

Meta had run a test that caused exactly this surprise.","“A call seemed to come from an AI agent. But as the conversation went on, the voice was not AI at all. It was a person. Meta had run a test that caused exactly this surprise.”"
b346,U09,iter6/instances_s1/neg1_meta_b3prod_a2.json,2,K1,MUSE-HC-006,unverified,explanatory_mixed,,確定不能→確定,確定不能→確定,,We Thought It Was AI—But There Was a Person Inside Meta’s Muse || Meta had run a test that caused exactly this surprise,"“Meta had run a test that caused exactly this surprise,” reinforced by the headline “We Thought It Was AI—But There Was a Person Inside Meta’s Muse.”"
b346,U10,iter6/instances_s1/neg1_meta_b3prod_a2.json,3,K1,MUSE-HC-006,unverified,explanatory_mixed,,確定不能→確定,確定不能→確定,,We Thought It Was AI—But There Was a Person Inside Meta’s Muse,Headline: “We Thought It Was AI—But There Was a Person Inside Meta’s Muse.”
b346,,iter6/instances_s1/neg2_meta_refresh_a2.json,1,K1,MUSE-HC-012,resolved,,L1,確定→確定(同じ範囲),確定→確定(同じ範囲),,They enjoyed the ease of AI. But they did not know that a human was on the other end.,“They enjoyed the ease of AI. But they did not know that a human was on the other end.”
b346,,iter6/instances_s1/neg3_hormuz_prodrunner_b1b.json,1,K1,HF-009,resolved,,L0,確定→確定(同じ範囲),確定→確定(同じ範囲),,"The fee plan left the stage, but the events driving oil prices—and the prices themselves—quickly returned.","The fee plan left the stage, but the events driving oil prices—and the prices themselves—quickly returned."
b346,,iter6/instances_s1/safety_A2A3.json,1,K1,HF-003,resolved,,L1,確定→確定(同じ範囲),確定→確定(同じ範囲),,The idea was that those carrying the cargo would repay the money the United States spends to keep the strait safe.,“The idea was that those carrying the cargo would repay the money the United States spends to keep the strait safe.”
b346,,iter6/instances_s1/safety_A2A3.json,2,K1,HF-009,resolved,,L1,確定→確定(同じ範囲),確定→確定(同じ範囲),,"Just after the charge plan disappeared, prices began to fall. Soon, however, they returned to a high level.","“Just after the charge plan disappeared, prices began to fall. Soon, however, they returned to a high level.”"
b346,,iter6/instances_s1/safety_A4.json,1,K1,MUSE-HC-006,resolved,,L1,確定→確定(同じ範囲),確定→確定(同じ範囲),,"Through Muse, trained human contract workers made some calls and completed the exchanges with users.","“Through Muse, trained human contract workers made some calls and completed the exchanges with users.”"
b346,U02,iter6/instances_s1/safety_A4.json,1,K1,MUSE-HC-012,unverified,explanatory_mixed,,確定不能→確定,確定不能→確定,,That was what people thought as they spoke. || people who thought they were speaking with AI were actually speaking with human staff,“people who thought they were speaking with AI were actually speaking with human staff”および冒頭の「That was what people thought as they spoke.」
b346,,iter6/instances_s1/safety_A4.json,1,K1,MUSE-HC-010,resolved,,L1,確定→確定(同じ範囲),確定→確定(同じ範囲),,One helper meant one more person handling private data.,“One helper meant one more person handling private data.”
b346,,iter6/instances_s1/safety_A4.json,2,K1,MUSE-HC-012,resolved,,L1,確定→確定(同じ範囲),確定→確定(同じ範囲),,An AI called. That was what people thought as they spoke.,“An AI called. That was what people thought as they spoke.”
b346,,iter6/instances_s1/safety_A4.json,2,K1,MUSE-HC-006,resolved,,L1,確定→確定(同じ範囲),確定→確定(同じ範囲),,"when AI struggled, a person could help","“when AI struggled, a person could help”"
b346,,iter6/instances_s1/safety_A5.json,1,K1,MUSE-HC-012,resolved,,L0,確定→確定(同じ範囲),確定→確定(同じ範囲),,They also temporarily put back the feature in which humans handled the calls. They did not stop Muse itself.,They also temporarily put back the feature in which humans handled the calls. They did not stop Muse itself.
b346,,iter6/instances_s1/safety_er009_changed_actor.json,1,K1,,resolved,,L0,確定→確定(同じ範囲),確定→確定(同じ範囲),,"A team at Harvard Business School studied more than 13 million credit card payments in New York City taxis, and found that higher suggested tip rates led passengers to leave more money.","A team at Harvard Business School studied more than 13 million credit card payments in New York City taxis, and found that higher suggested tip rates led passengers to leave more money."
b346,,iter6/instances_s1/safety_er009_changed_causality.json,1,K1,,resolved,,L0,確定→確定(同じ範囲),確定→確定(同じ範囲),,The rise in US restaurant tipping from about 10-15 percent in the early 1970s to about 20 percent by the late 1990s was directly caused by the introduction of digital tip screens.,The rise in US restaurant tipping from about 10-15 percent in the early 1970s to about 20 percent by the late 1990s was directly caused by the introduction of digital tip screens.
b346,,iter6/instances_s1/safety_er009_changed_certainty.json,1,K1,,resolved,,L0,確定→確定(同じ範囲),確定→確定(同じ範囲),,It is now proven beyond doubt that suggested tip screens cause guilt tipping in every customer who sees one.,It is now proven beyond doubt that suggested tip screens cause guilt tipping in every customer who sees one.
b346,,iter6/instances_s1/safety_er009_changed_comparison.json,1,K1,,resolved,,L0,確定→確定(同じ範囲),確定→確定(同じ範囲),,"Passengers who saw LOWER suggested tip rates left more money than those who saw higher suggested rates, according to the New York City taxi study.","Passengers who saw LOWER suggested tip rates left more money than those who saw higher suggested rates, according to the New York City taxi study."
b346,,iter6/instances_s1/safety_er009_changed_negation.json,1,K1,,resolved,,L0,確定→確定(同じ範囲),確定→確定(同じ範囲),,The taxi study found that passengers who saw higher suggested tip rates did NOT leave more money; the suggested rate had no effect on the final tip.,The taxi study found that passengers who saw higher suggested tip rates did NOT leave more money; the suggested rate had no effect on the final tip.
b346,,iter6/instances_s1/safety_er009_changed_number.json,1,K1,,resolved,,L0,確定→確定(同じ範囲),確定→確定(同じ範囲),,"Researchers studied more than 30 million credit card payments in New York City taxis, and found that higher suggested tip rates led passengers to leave more money.","Researchers studied more than 30 million credit card payments in New York City taxis, and found that higher suggested tip rates led passengers to leave more money."
b346,,iter6/instances_s1/safety_er009_changed_number.json,1,K3,F-002,unverified,mismatch,,確定不能→確定不能(同じ),確定不能→確定不能(同じ),p_no_quote,,count values found in article not matching any ledger fact: [30000000.0]
b346,,iter6/instances_s1/safety_er009_changed_scope.json,1,K1,,resolved,,L0,確定→確定(同じ範囲),確定→確定(同じ範囲),,"The taxi study's results have now been directly confirmed in restaurants nationwide: higher suggested tip rates on restaurant screens cause customers to leave more money, just as they did in the New York City taxi data.","The taxi study's results have now been directly confirmed in restaurants nationwide: higher suggested tip rates on restaurant screens cause customers to leave more money, just as they did in the New York City taxi data."
b346,,iter6/instances_s1/safety_er009_changed_time.json,1,K1,,resolved,,L0,確定→確定(同じ範囲),確定→確定(同じ範囲),,"In 2019, researchers published a study in the American Economic Journal: Applied Economics showing that higher suggested tip rates led New York City taxi passengers to leave more money.","In 2019, researchers published a study in the American Economic Journal: Applied Economics showing that higher suggested tip rates led New York City taxi passengers to leave more money."
b346,,iter6/instances_s1/safety_er009_unsupported_new_claim.json,1,K1,,resolved,,L0,確定→確定(同じ範囲),確定→確定(同じ範囲),,The same New York City taxi researchers also found that male passengers tipped twice as much as female passengers when shown a higher suggested rate.,The same New York City taxi researchers also found that male passengers tipped twice as much as female passengers when shown a higher suggested rate.
b346,U07,iter6/instances_s2/bgroup_B3.json,1,K1,HF-007,resolved,,L5_edge_punct,確定→確定(同じ範囲),確定→確定(同じ範囲),,"Concerns about US-Iran attacks, the sea blockade, and tanker safety continued on July 14, so the flashy 20% plan left the stage, but the chart only pulled back briefly before recovering","Concerns about US-Iran attacks, the sea blockade, and tanker safety continued on July 14, so the flashy 20% plan left the stage, but the chart only pulled back briefly before recovering."
b346,,iter6/instances_s2/bgroup_B4.json,1,K1,MUSE-HC-002,resolved,,L1,確定→確定(同じ範囲),確定→確定(同じ範囲),,A person can take over when AI alone has trouble.,“A person can take over when AI alone has trouble.”
b346,,iter6/instances_s2/hormuz_run03_standard.json,1,K1,HF-009,resolved,,L0,確定→確定(同じ範囲),確定→確定(同じ範囲),,Oil prices did not fall across the whole market after the plan was withdrawn.,Oil prices did not fall across the whole market after the plan was withdrawn.
b346,,iter6/instances_s2/meta_run03_advanced.json,1,K1,MUSE-HC-012,resolved,,L3,確定→確定(同じ範囲),確定→確定(同じ範囲),,"if this was not properly explained, users had no way to know whether they were talking to AI or a person. They were enjoying the convenience of AI, only to find a human on the other end of the call without realizing it.","“If this was not properly explained, users had no way to know whether they were talking to AI or a person. They were enjoying the convenience of AI, only to find a human on the other end of the call without realizing it.”"
b346,,iter6/instances_s2/meta_run03_standard.json,1,K1,MUSE-HC-010,resolved,,L3,確定→確定(同じ範囲),確定→確定(同じ範囲),,some calls needed user information to continue.,“Some calls needed user information to continue.”
b346,,iter6/instances_s2/meta_run03_standard.json,1,K1,MUSE-HC-012,resolved,,L1,確定→確定(同じ範囲),確定→確定(同じ範囲),,They did not realize it.,“They did not realize it.”
b346,,iter6/instances_s2/meta_run03_standard.json,2,K1,MUSE-HC-011,resolved,,L1,確定→確定(同じ範囲),確定→確定(同じ範囲),,It said human staff made inappropriate comments about race during calls. These calls were about trying to lower internet or cable fees.,“It said human staff made inappropriate comments about race during calls. These calls were about trying to lower internet or cable fees.”
b346,,iter6/instances_s2/meta_run03_standard.json,3,K1,MUSE-HC-011,resolved,,L1,確定→確定(同じ範囲),確定→確定(同じ範囲),,These calls were about trying to lower internet or cable fees.,“These calls were about trying to lower internet or cable fees.”
b346,,iter6/instances_s2/neg1_meta_b3prod_a2.json,1,K1,MUSE-HC-006,resolved,,L2,確定→確定(同じ範囲),確定→確定(同じ範囲),,"A call seemed to come from an AI agent. But as the conversation went on, the voice was not AI at all. It was a person.

Meta had run a test that caused exactly this surprise.","“A call seemed to come from an AI agent. But as the conversation went on, the voice was not AI at all. It was a person. Meta had run a test that caused exactly this surprise.”"
b346,,iter6/instances_s2/neg1_meta_b3prod_a2.json,2,K1,MUSE-HC-006,resolved,,L2,確定→確定(同じ範囲),確定→確定(同じ範囲),,"A call seemed to come from an AI agent. But the voice was not AI at all. It was a person.

Meta had run a test that caused exactly this surprise.",“A call seemed to come from an AI agent. But the voice was not AI at all. It was a person. Meta had run a test that caused exactly this surprise.”
b346,,iter6/instances_s2/neg2_meta_refresh_a2.json,1,K1,MUSE-HC-012,resolved,,L1,確定→確定(同じ範囲),確定→確定(同じ範囲),,They enjoyed the ease of AI. But they did not know that a human was on the other end.,“They enjoyed the ease of AI. But they did not know that a human was on the other end.”
b346,,iter6/instances_s2/neg3_hormuz_prodrunner_b1b.json,1,K1,HF-009,resolved,,L0,確定→確定(同じ範囲),確定→確定(同じ範囲),,"The fee plan left the stage, but the events driving oil prices—and the prices themselves—quickly returned.","The fee plan left the stage, but the events driving oil prices—and the prices themselves—quickly returned."
b346,,iter6/instances_s2/safety_A2A3.json,1,K1,HF-003,resolved,,L1,確定→確定(同じ範囲),確定→確定(同じ範囲),,The idea was that those carrying the cargo would repay the money the United States spends to keep the strait safe.,“The idea was that those carrying the cargo would repay the money the United States spends to keep the strait safe.”
b346,,iter6/instances_s2/safety_A2A3.json,2,K1,HF-009,resolved,,L1,確定→確定(同じ範囲),確定→確定(同じ範囲),,with its distant danger reaching gasoline prices and the cost of moving goods through crude oil,“with its distant danger reaching gasoline prices and the cost of moving goods through crude oil”
b346,,iter6/instances_s2/safety_A4.json,1,K1,MUSE-HC-006,resolved,,L1,確定→確定(同じ範囲),確定→確定(同じ範囲),,"Through Muse, trained human contract workers made some calls and completed the exchanges with users.","“Through Muse, trained human contract workers made some calls and completed the exchanges with users.”"
b346,U02,iter6/instances_s2/safety_A4.json,1,K1,MUSE-HC-012,unverified,explanatory_mixed,,確定不能→確定,確定不能→確定,,That was what people thought as they spoke. || people who thought they were speaking with AI were actually speaking with human staff,“people who thought they were speaking with AI were actually speaking with human staff”および冒頭の「That was what people thought as they spoke.」
b346,,iter6/instances_s2/safety_A4.json,1,K1,MUSE-HC-010,resolved,,L1,確定→確定(同じ範囲),確定→確定(同じ範囲),,One helper meant one more person handling private data.,“One helper meant one more person handling private data.”
b346,,iter6/instances_s2/safety_A4.json,2,K1,MUSE-HC-012,resolved,,L1,確定→確定(同じ範囲),確定→確定(同じ範囲),,An AI called. That was what people thought as they spoke.,“An AI called. That was what people thought as they spoke.”
b346,,iter6/instances_s2/safety_A4.json,3,K1,MUSE-HC-006,resolved,,L1,確定→確定(同じ範囲),確定→確定(同じ範囲),,"The idea was practical: when AI struggled, a person could help.","“The idea was practical: when AI struggled, a person could help.”"
b346,,iter6/instances_s2/safety_A5.json,1,K1,MUSE-HC-012,resolved,,L0,確定→確定(同じ範囲),確定→確定(同じ範囲),,They also temporarily put back the feature in which humans handled the calls. They did not stop Muse itself.,They also temporarily put back the feature in which humans handled the calls. They did not stop Muse itself.
b346,,iter6/instances_s2/safety_er009_changed_actor.json,1,K1,,resolved,,L0,確定→確定(同じ範囲),確定→確定(同じ範囲),,"A team at Harvard Business School studied more than 13 million credit card payments in New York City taxis, and found that higher suggested tip rates led passengers to leave more money.","A team at Harvard Business School studied more than 13 million credit card payments in New York City taxis, and found that higher suggested tip rates led passengers to leave more money."
b346,,iter6/instances_s2/safety_er009_changed_causality.json,1,K1,,resolved,,L0,確定→確定(同じ範囲),確定→確定(同じ範囲),,The rise in US restaurant tipping from about 10-15 percent in the early 1970s to about 20 percent by the late 1990s was directly caused by the introduction of digital tip screens.,The rise in US restaurant tipping from about 10-15 percent in the early 1970s to about 20 percent by the late 1990s was directly caused by the introduction of digital tip screens.
b346,,iter6/instances_s2/safety_er009_changed_certainty.json,1,K1,,resolved,,L0,確定→確定(同じ範囲),確定→確定(同じ範囲),,It is now proven beyond doubt that suggested tip screens cause guilt tipping in every customer who sees one.,It is now proven beyond doubt that suggested tip screens cause guilt tipping in every customer who sees one.
b346,,iter6/instances_s2/safety_er009_changed_comparison.json,1,K1,,resolved,,L0,確定→確定(同じ範囲),確定→確定(同じ範囲),,"Passengers who saw LOWER suggested tip rates left more money than those who saw higher suggested rates, according to the New York City taxi study.","Passengers who saw LOWER suggested tip rates left more money than those who saw higher suggested rates, according to the New York City taxi study."
b346,,iter6/instances_s2/safety_er009_changed_negation.json,1,K1,,resolved,,L0,確定→確定(同じ範囲),確定→確定(同じ範囲),,The taxi study found that passengers who saw higher suggested tip rates did NOT leave more money; the suggested rate had no effect on the final tip.,The taxi study found that passengers who saw higher suggested tip rates did NOT leave more money; the suggested rate had no effect on the final tip.
b346,,iter6/instances_s2/safety_er009_changed_number.json,1,K1,,resolved,,L0,確定→確定(同じ範囲),確定→確定(同じ範囲),,"Researchers studied more than 30 million credit card payments in New York City taxis, and found that higher suggested tip rates led passengers to leave more money.","Researchers studied more than 30 million credit card payments in New York City taxis, and found that higher suggested tip rates led passengers to leave more money."
b346,,iter6/instances_s2/safety_er009_changed_number.json,1,K3,F-002,unverified,mismatch,,確定不能→確定不能(同じ),確定不能→確定不能(同じ),p_no_quote,,count values found in article not matching any ledger fact: [30000000.0]
b346,,iter6/instances_s2/safety_er009_changed_scope.json,1,K1,,resolved,,L0,確定→確定(同じ範囲),確定→確定(同じ範囲),,"The taxi study's results have now been directly confirmed in restaurants nationwide: higher suggested tip rates on restaurant screens cause customers to leave more money, just as they did in the New York City taxi data.","The taxi study's results have now been directly confirmed in restaurants nationwide: higher suggested tip rates on restaurant screens cause customers to leave more money, just as they did in the New York City taxi data."
b346,,iter6/instances_s2/safety_er009_changed_scope.json,2,K1,F-004,resolved,,L0,確定→確定(同じ範囲),確定→確定(同じ範囲),,"The taxi study's results have now been directly confirmed in restaurants nationwide: higher suggested tip rates on taxi screens cause customers to leave more money, just as they did in the New York City taxi data.","The taxi study's results have now been directly confirmed in restaurants nationwide: higher suggested tip rates on taxi screens cause customers to leave more money, just as they did in the New York City taxi data."
b346,,iter6/instances_s2/safety_er009_changed_time.json,1,K1,,resolved,,L0,確定→確定(同じ範囲),確定→確定(同じ範囲),,"In 2019, researchers published a study in the American Economic Journal: Applied Economics showing that higher suggested tip rates led New York City taxi passengers to leave more money.","In 2019, researchers published a study in the American Economic Journal: Applied Economics showing that higher suggested tip rates led New York City taxi passengers to leave more money."
b346,,iter6/instances_s2/safety_er009_unsupported_new_claim.json,1,K1,,resolved,,L0,確定→確定(同じ範囲),確定→確定(同じ範囲),,The same New York City taxi researchers also found that male passengers tipped twice as much as female passengers when shown a higher suggested rate.,The same New York City taxi researchers also found that male passengers tipped twice as much as female passengers when shown a higher suggested rate.
b346,U07,iter7/instances_s1/bgroup_B3.json,1,K1,HF-007,resolved,,L5_edge_punct,確定→確定(同じ範囲),確定→確定(同じ範囲),,"Concerns about US-Iran attacks, the sea blockade, and tanker safety continued on July 14, so the flashy 20% plan left the stage, but the chart only pulled back briefly before recovering","Concerns about US-Iran attacks, the sea blockade, and tanker safety continued on July 14, so the flashy 20% plan left the stage, but the chart only pulled back briefly before recovering."
b346,,iter7/instances_s1/hormuz_run03_standard.json,1,K1,HF-009,resolved,,L0,確定→確定(同じ範囲),確定→確定(同じ範囲),,Oil prices did not fall across the whole market after the plan was withdrawn.,Oil prices did not fall across the whole market after the plan was withdrawn.
b346,,iter7/instances_s1/meta_run03_standard.json,1,K1,MUSE-HC-010,resolved,,L3,確定→確定(同じ範囲),確定→確定(同じ範囲),,some calls needed user information to continue.,“Some calls needed user information to continue.”
b346,,iter7/instances_s1/neg1_meta_b3prod_a2.json,1,K1,MUSE-HC-006,resolved,,L2,確定→確定(同じ範囲),確定→確定(同じ範囲),,"A call seemed to come from an AI agent. But as the conversation went on, the voice was not AI at all. It was a person.

Meta had run a test that caused exactly this surprise.","“A call seemed to come from an AI agent. But as the conversation went on, the voice was not AI at all. It was a person. Meta had run a test that caused exactly this surprise.”"
b346,,iter7/instances_s1/neg1_meta_b3prod_a2.json,2,K1,MUSE-HC-012,resolved,,L0,確定→確定(同じ範囲),確定→確定(同じ範囲),,The test began without clearly telling users that contract workers would make the calls.,The test began without clearly telling users that contract workers would make the calls.
b346,,iter7/instances_s1/neg1_meta_b3prod_a2.json,2,K2,MUSE-HC-012,resolved,,L0,確定→確定(同じ範囲),確定→確定(同じ範囲),,"A user might think the exchange was with AI, even though a person was involved.","A user might think the exchange was with AI, even though a person was involved."
b346,,iter7/instances_s1/neg1_meta_b3prod_a2.json,2,K2,MUSE-HC-012,resolved,,L0,確定→確定(同じ範囲),確定→確定(同じ範囲),,A Meta executive admitted the mistake. The test had begun without clearly telling users.,A Meta executive admitted the mistake. The test had begun without clearly telling users.
b346,,iter7/instances_s1/neg3_hormuz_prodrunner_b1b.json,1,K1,HF-009,resolved,,L0,確定→確定(同じ範囲),確定→確定(同じ範囲),,"The fee plan left the stage, but the events driving oil prices—and the prices themselves—quickly returned.","The fee plan left the stage, but the events driving oil prices—and the prices themselves—quickly returned."
b346,,iter7/instances_s1/safety_A2A3.json,1,K1,HF-003,resolved,,L1,確定→確定(同じ範囲),確定→確定(同じ範囲),,The idea was that those carrying the cargo would repay the money the United States spends to keep the strait safe.,“The idea was that those carrying the cargo would repay the money the United States spends to keep the strait safe.”
b346,,iter7/instances_s1/safety_A2A3.json,2,K1,HF-003,resolved,,L0,確定→確定(同じ範囲),確定→確定(同じ範囲),,アメリカが海峡の安全を守るために使う費用を、貨物を運ぶ側に返してもらうという考えです。,アメリカが海峡の安全を守るために使う費用を、貨物を運ぶ側に返してもらうという考えです。
b346,U07,iter7/instances_s2/bgroup_B3.json,1,K1,HF-007,resolved,,L5_edge_punct,確定→確定(同じ範囲),確定→確定(同じ範囲),,"Concerns about US-Iran attacks, the sea blockade, and tanker safety continued on July 14, so the flashy 20% plan left the stage, but the chart only pulled back briefly before recovering","Concerns about US-Iran attacks, the sea blockade, and tanker safety continued on July 14, so the flashy 20% plan left the stage, but the chart only pulled back briefly before recovering."
b346,,iter7/instances_s2/hormuz_run03_standard.json,1,K1,HF-009,resolved,,L0,確定→確定(同じ範囲),確定→確定(同じ範囲),,Oil prices did not fall across the whole market after the plan was withdrawn.,Oil prices did not fall across the whole market after the plan was withdrawn.
b346,U11,iter7/instances_s2/hormuz_run03_standard.json,2,K1,HF-009,unverified,explanatory_mixed,,確定不能→確定,確定不能→確定,,"Oil prices moved briefly, then returned to a high level.","“Oil prices moved briefly, then returned to a high level.” The headline and one-line summary also state this more broadly as a claim about oil prices generally."
b346,,iter7/instances_s2/hormuz_run03_standard.json,2,K2,HF-009,resolved,,L0,確定→確定(同じ範囲),確定→確定(同じ範囲),,"The fee plan vanished, but oil prices stayed high as tensions around the Strait of Hormuz continued.","The fee plan vanished, but oil prices stayed high as tensions around the Strait of Hormuz continued."
b346,,iter7/instances_s2/meta_run03_standard.json,1,K1,MUSE-HC-010,resolved,,L3,確定→確定(同じ範囲),確定→確定(同じ範囲),,some calls needed user information to continue.,“Some calls needed user information to continue.”
b346,,iter7/instances_s2/neg3_hormuz_prodrunner_b1b.json,1,K1,HF-009,resolved,,L0,確定→確定(同じ範囲),確定→確定(同じ範囲),,"The fee plan left the stage, but the events driving oil prices—and the prices themselves—quickly returned.","The fee plan left the stage, but the events driving oil prices—and the prices themselves—quickly returned."
b346,,iter7/instances_s2/safety_A2A3.json,1,K1,HF-003,resolved,,L1,確定→確定(同じ範囲),確定→確定(同じ範囲),,The idea was that those carrying the cargo would repay the money the United States spends to keep the strait safe.,“The idea was that those carrying the cargo would repay the money the United States spends to keep the strait safe.”
b346,,iter7/instances_s2/safety_A2A3.json,2,K1,HF-003,resolved,,L0,確定→確定(同じ範囲),確定→確定(同じ範囲),,アメリカが海峡の安全を守るために使う費用を、貨物を運ぶ側に返してもらうという考えです。,アメリカが海峡の安全を守るために使う費用を、貨物を運ぶ側に返してもらうという考えです。
b346,,iter8/instances_s1/meta_run03_standard.json,1,K1,MUSE-HC-011,resolved,,L1,確定→確定(同じ範囲),確定→確定(同じ範囲),,It said human staff made inappropriate comments about race during calls. These calls were about trying to lower internet or cable fees.,“It said human staff made inappropriate comments about race during calls. These calls were about trying to lower internet or cable fees.”
b346,,iter8/instances_s1/meta_run03_standard.json,1,K2,MUSE-HC-011,resolved,,L0,確定→確定(同じ範囲),確定→確定(同じ範囲),,News reports also cited one employee’s report.,News reports also cited one employee’s report.
b346,,iter8/instances_s1/meta_run03_standard.json,1,K2,MUSE-HC-011,resolved,,L0,確定→確定(同じ範囲),確定→確定(同じ範囲),,"However, this is only one report. It would be wrong to say all contract workers did this.","However, this is only one report. It would be wrong to say all contract workers did this."
b346,,iter8/instances_s1/meta_run03_standard.json,2,K1,MUSE-HC-010,resolved,,L3,確定→確定(同じ範囲),確定→確定(同じ範囲),,some calls needed user information to continue.,Some calls needed user information to continue.
b346,,iter8/instances_s1/meta_run03_standard.json,2,K1,MUSE-HC-011,resolved,,L0,確定→確定(同じ範囲),確定→確定(同じ範囲),,These calls were about trying to lower internet or cable fees.,These calls were about trying to lower internet or cable fees.
b346,,iter8/instances_s1/meta_run03_standard.json,2,K2,MUSE-HC-012,resolved,,L0,確定→確定(同じ範囲),確定→確定(同じ範囲),,"Some calls through Meta’s AI assistant were actually handled by humans, but users were not properly told.","Some calls through Meta’s AI assistant were actually handled by humans, but users were not properly told."
b346,,iter8/instances_s1/meta_run03_standard.json,2,K2,MUSE-HC-011,resolved,,L0,確定→確定(同じ範囲),確定→確定(同じ範囲),,News reports also cited one employee’s report of an inappropriate remark during a call.,News reports also cited one employee’s report of an inappropriate remark during a call.
b346,,iter8/instances_s1/meta_run03_standard.json,2,K2,MUSE-HC-011,resolved,,L0,確定→確定(同じ範囲),確定→確定(同じ範囲),,It said human staff made inappropriate comments about race during a call.,It said human staff made inappropriate comments about race during a call.
b346,,iter8/instances_s1/meta_run03_standard.json,2,K2,MUSE-HC-011,resolved,,L0,確定→確定(同じ範囲),確定→確定(同じ範囲),,"However, this is only one report.","However, this is only one report."
b346,,iter8/instances_s1/meta_run03_standard.json,3,K1,MUSE-HC-012,resolved,,L0,確定→確定(同じ範囲),確定→確定(同じ範囲),,"They enjoyed AI’s convenience, but a human was on the other end. They did not realize it.","They enjoyed AI’s convenience, but a human was on the other end. They did not realize it."
b346,,iter8/instances_s1/meta_run03_standard.json,3,K1,MUSE-HC-011,resolved,,L0,確定→確定(同じ範囲),確定→確定(同じ範囲),,It said human staff made inappropriate comments about race during one call.,It said human staff made inappropriate comments about race during one call.
b346,,iter8/instances_s1/meta_run03_standard.json,3,K2,MUSE-HC-012,resolved,,L0,確定→確定(同じ範囲),確定→確定(同じ範囲),,They could not tell if it was AI or a person.,They could not tell if it was AI or a person.
b346,,iter8/instances_s1/meta_run03_standard.json,3,K2,MUSE-HC-011,resolved,,L0,確定→確定(同じ範囲),確定→確定(同じ範囲),,News reports also cited one employee’s report of an inappropriate remark during one call.,News reports also cited one employee’s report of an inappropriate remark during one call.
b346,,iter8/instances_s1/meta_run03_standard.json,3,K2,MUSE-HC-011,resolved,,L0,確定→確定(同じ範囲),確定→確定(同じ範囲),,This call was about trying to lower internet or cable fees.,This call was about trying to lower internet or cable fees.
b346,,iter8/instances_s1/meta_run03_standard.json,3,K2,MUSE-HC-011,resolved,,L0,確定→確定(同じ範囲),確定→確定(同じ範囲),,"However, this was one reported case.","However, this was one reported case."
b346,,iter8/instances_s1/meta_run03_standard.json,3,K2,MUSE-HC-011,resolved,,L0,確定→確定(同じ範囲),確定→確定(同じ範囲),,It would be wrong to say many contract workers did this.,It would be wrong to say many contract workers did this.
b346,,iter8/instances_s1/neg3_hormuz_prodrunner_b1b.json,1,K1,HF-009,resolved,,L0,確定→確定(同じ範囲),確定→確定(同じ範囲),,"The fee plan left the stage, but the events driving oil prices—and the prices themselves—quickly returned.","The fee plan left the stage, but the events driving oil prices—and the prices themselves—quickly returned."
b346,,iter8/instances_s1/neg3_hormuz_prodrunner_b1b.json,1,K2,HF-009,resolved,,L0,確定→確定(同じ範囲),確定→確定(同じ範囲),,"During that period, attacks between the United States and Iran, a sea blockade, and concerns about tanker safety continued.","During that period, attacks between the United States and Iran, a sea blockade, and concerns about tanker safety continued."
b346,,iter8/instances_s1/neg3_hormuz_prodrunner_b1b.json,1,K2,HF-009,resolved,,L0,確定→確定(同じ範囲),確定→確定(同じ範囲),,"The fee plan may be replaced, but events continuing at the same time do not simply disappear backstage because of one announcement.","The fee plan may be replaced, but events continuing at the same time do not simply disappear backstage because of one announcement."
b346,,iter8/instances_s1/safety_A2A3.json,1,K1,HF-003,resolved,,L1,確定→確定(同じ範囲),確定→確定(同じ範囲),,The idea was that those carrying the cargo would repay the money the United States spends to keep the strait safe.,“The idea was that those carrying the cargo would repay the money the United States spends to keep the strait safe.”
b346,,iter8/instances_s1/safety_A2A3.json,1,K1,HF-006,resolved,,L1,確定→確定(同じ範囲),確定→確定(同じ範囲),,with its distant danger reaching gasoline prices and the cost of moving goods through crude oil.,“with its distant danger reaching gasoline prices and the cost of moving goods through crude oil.”
b346,,iter8/instances_s1/safety_A2A3.json,1,K2,HF-003,resolved,,L0,確定→確定(同じ範囲),確定→確定(同じ範囲),,The idea was that those carrying the cargo would repay the money the United States spends to keep the strait safe.,The idea was that those carrying the cargo would repay the money the United States spends to keep the strait safe.
b346,,iter8/instances_s1/safety_A2A3.json,1,K2,HF-006,resolved,,L0,確定→確定(同じ範囲),確定→確定(同じ範囲),,"6 percent, because attacks between the United States and Iran continued, fears of a blockade at sea remained, and people still did not know whether tankers could pass safely—showing that the charge had left the stage, but the dangerous route remained the real lead actor, with its distant danger reaching gasoline prices and the cost of moving goods through crude oil.","6 percent, because attacks between the United States and Iran continued, fears of a blockade at sea remained, and people still did not know whether tankers could pass safely—showing that the charge had left the stage, but the dangerous route remained the real lead actor, with its distant danger reaching gasoline prices and the cost of moving goods through crude oil."
b346,,iter8/instances_s1/safety_A4.json,1,K1,MUSE-HC-006,resolved,,L1,確定→確定(同じ範囲),確定→確定(同じ範囲),,"Through Muse, trained human contract workers made some calls and completed the exchanges with users.","“Through Muse, trained human contract workers made some calls and completed the exchanges with users.”"
b346,U02,iter8/instances_s1/safety_A4.json,1,K1,MUSE-HC-012,unverified,explanatory_mixed,,確定不能→確定,確定不能→確定,,That was what people thought as they spoke. || people who thought they were speaking with AI were actually speaking with human staff,“people who thought they were speaking with AI were actually speaking with human staff”および冒頭の「That was what people thought as they spoke.」
b346,,iter8/instances_s1/safety_A4.json,1,K1,MUSE-HC-010,resolved,,L1,確定→確定(同じ範囲),確定→確定(同じ範囲),,One helper meant one more person handling private data.,“One helper meant one more person handling private data.”
b346,,iter8/instances_s1/safety_A4.json,1,K2,MUSE-HC-006,resolved,,L0,確定→確定(同じ範囲),確定→確定(同じ範囲),,"Through Muse, trained human contract workers made some calls and completed the exchanges with users.","Through Muse, trained human contract workers made some calls and completed the exchanges with users."
b346,,iter8/instances_s1/safety_A4.json,1,K2,MUSE-HC-006,resolved,,L0,確定→確定(同じ範囲),確定→確定(同じ範囲),,"In response, a Meta executive admitted that starting a test in which contract workers made calls without properly telling people was a mistake.","In response, a Meta executive admitted that starting a test in which contract workers made calls without properly telling people was a mistake."
b346,,iter8/instances_s1/safety_A4.json,1,K2,MUSE-HC-012,resolved,,L0,確定→確定(同じ範囲),確定→確定(同じ範囲),,So people who thought they were speaking with AI were actually speaking with human staff.,So people who thought they were speaking with AI were actually speaking with human staff.
b346,,iter8/instances_s1/safety_A4.json,1,K2,MUSE-HC-010,resolved,,L0,確定→確定(同じ範囲),確定→確定(同じ範囲),,One helper meant one more person handling private data.,One helper meant one more person handling private data.
b346,,iter8/instances_s1/safety_A5.json,1,K1,MUSE-HC-012,resolved,,L0,確定→確定(同じ範囲),確定→確定(同じ範囲),,They also temporarily put back the feature in which humans handled the calls. They did not stop Muse itself.,They also temporarily put back the feature in which humans handled the calls. They did not stop Muse itself.
b346,,iter8/instances_s1/safety_A5.json,1,K2,MUSE-HC-012,resolved,,L0,確定→確定(同じ範囲),確定→確定(同じ範囲),,They also temporarily put back the feature in which humans handled the calls.,They also temporarily put back the feature in which humans handled the calls.
b346,,iter8/instances_s1/safety_er009_changed_actor.json,1,K1,,resolved,,L0,確定→確定(同じ範囲),確定→確定(同じ範囲),,"A team at Harvard Business School studied more than 13 million credit card payments in New York City taxis, and found that higher suggested tip rates led passengers to leave more money.","A team at Harvard Business School studied more than 13 million credit card payments in New York City taxis, and found that higher suggested tip rates led passengers to leave more money."
b346,,iter8/instances_s1/safety_er009_changed_causality.json,1,K1,,resolved,,L0,確定→確定(同じ範囲),確定→確定(同じ範囲),,The rise in US restaurant tipping from about 10-15 percent in the early 1970s to about 20 percent by the late 1990s was directly caused by the introduction of digital tip screens.,The rise in US restaurant tipping from about 10-15 percent in the early 1970s to about 20 percent by the late 1990s was directly caused by the introduction of digital tip screens.
b346,,iter8/instances_s1/safety_er009_changed_certainty.json,1,K1,,resolved,,L0,確定→確定(同じ範囲),確定→確定(同じ範囲),,It is now proven beyond doubt that suggested tip screens cause guilt tipping in every customer who sees one.,It is now proven beyond doubt that suggested tip screens cause guilt tipping in every customer who sees one.
b346,,iter8/instances_s1/safety_er009_changed_comparison.json,1,K1,,resolved,,L0,確定→確定(同じ範囲),確定→確定(同じ範囲),,"Passengers who saw LOWER suggested tip rates left more money than those who saw higher suggested rates, according to the New York City taxi study.","Passengers who saw LOWER suggested tip rates left more money than those who saw higher suggested rates, according to the New York City taxi study."
b346,,iter8/instances_s1/safety_er009_changed_negation.json,1,K1,,resolved,,L0,確定→確定(同じ範囲),確定→確定(同じ範囲),,The taxi study found that passengers who saw higher suggested tip rates did NOT leave more money; the suggested rate had no effect on the final tip.,The taxi study found that passengers who saw higher suggested tip rates did NOT leave more money; the suggested rate had no effect on the final tip.
b346,,iter8/instances_s1/safety_er009_changed_number.json,1,K1,,resolved,,L0,確定→確定(同じ範囲),確定→確定(同じ範囲),,"Researchers studied more than 30 million credit card payments in New York City taxis, and found that higher suggested tip rates led passengers to leave more money.","Researchers studied more than 30 million credit card payments in New York City taxis, and found that higher suggested tip rates led passengers to leave more money."
b346,,iter8/instances_s1/safety_er009_changed_number.json,1,K3,F-002,resolved,,L0,確定→確定(同じ範囲),確定→確定(同じ範囲),,"Researchers studied more than 30 million credit card payments in New York City taxis, and found that higher suggested tip rates led passengers to leave more money.","Researchers studied more than 30 million credit card payments in New York City taxis, and found that higher suggested tip rates led passengers to leave more money."
b346,,iter8/instances_s1/safety_er009_changed_scope.json,1,K1,,resolved,,L0,確定→確定(同じ範囲),確定→確定(同じ範囲),,"The taxi study's results have now been directly confirmed in restaurants nationwide: higher suggested tip rates on restaurant screens cause customers to leave more money, just as they did in the New York City taxi data.","The taxi study's results have now been directly confirmed in restaurants nationwide: higher suggested tip rates on restaurant screens cause customers to leave more money, just as they did in the New York City taxi data."
b346,,iter8/instances_s1/safety_er009_changed_scope.json,2,K1,F-004,resolved,,L0,確定→確定(同じ範囲),確定→確定(同じ範囲),,"The taxi study's results have now been directly confirmed in New York City taxis: higher suggested tip rates on taxi screens cause customers to leave more money., just as they did in the New York City taxi data.","The taxi study's results have now been directly confirmed in New York City taxis: higher suggested tip rates on taxi screens cause customers to leave more money., just as they did in the New York City taxi data."
b346,,iter8/instances_s1/safety_er009_changed_time.json,1,K1,,resolved,,L0,確定→確定(同じ範囲),確定→確定(同じ範囲),,"In 2019, researchers published a study in the American Economic Journal: Applied Economics showing that higher suggested tip rates led New York City taxi passengers to leave more money.","In 2019, researchers published a study in the American Economic Journal: Applied Economics showing that higher suggested tip rates led New York City taxi passengers to leave more money."
b346,,iter8/instances_s1/safety_er009_unsupported_new_claim.json,1,K1,,resolved,,L0,確定→確定(同じ範囲),確定→確定(同じ範囲),,The same New York City taxi researchers also found that male passengers tipped twice as much as female passengers when shown a higher suggested rate.,The same New York City taxi researchers also found that male passengers tipped twice as much as female passengers when shown a higher suggested rate.
b346,,iter8/instances_s2/meta_run03_standard.json,1,K1,MUSE-HC-011,resolved,,L1,確定→確定(同じ範囲),確定→確定(同じ範囲),,It said human staff made inappropriate comments about race during calls. These calls were about trying to lower internet or cable fees.,“It said human staff made inappropriate comments about race during calls. These calls were about trying to lower internet or cable fees.”
b346,,iter8/instances_s2/meta_run03_standard.json,1,K2,MUSE-HC-011,resolved,,L0,確定→確定(同じ範囲),確定→確定(同じ範囲),,News reports also cited one employee’s report.,News reports also cited one employee’s report.
b346,,iter8/instances_s2/meta_run03_standard.json,1,K2,MUSE-HC-011,resolved,,L0,確定→確定(同じ範囲),確定→確定(同じ範囲),,"However, this is only one report. It would be wrong to say all contract workers did this.","However, this is only one report. It would be wrong to say all contract workers did this."
b346,,iter8/instances_s2/meta_run03_standard.json,2,K1,MUSE-HC-011,resolved,,L1,確定→確定(同じ範囲),確定→確定(同じ範囲),,These calls were about trying to lower internet or cable fees.,“These calls were about trying to lower internet or cable fees.”
b346,,iter8/instances_s2/meta_run03_standard.json,2,K1,MUSE-HC-007,resolved,,L1,確定→確定(同じ範囲),確定→確定(同じ範囲),,"They enjoyed AI’s convenience, but a human was on the other end. They did not realize it.","“They enjoyed AI’s convenience, but a human was on the other end. They did not realize it.”"
b346,,iter8/instances_s2/meta_run03_standard.json,2,K2,MUSE-HC-011,resolved,,L0,確定→確定(同じ範囲),確定→確定(同じ範囲),,It said human staff made inappropriate comments about race during one call.,It said human staff made inappropriate comments about race during one call.
b346,,iter8/instances_s2/meta_run03_standard.json,2,K2,MUSE-HC-011,resolved,,L0,確定→確定(同じ範囲),確定→確定(同じ範囲),,"However, this is only one case.","However, this is only one case."
b346,,iter8/instances_s2/meta_run03_standard.json,2,K2,MUSE-HC-007,resolved,,L0,確定→確定(同じ範囲),確定→確定(同じ範囲),,They could not tell if it was AI or a person.,They could not tell if it was AI or a person.
b346,,iter8/instances_s2/neg3_hormuz_prodrunner_b1b.json,1,K1,HF-009,resolved,,L0,確定→確定(同じ範囲),確定→確定(同じ範囲),,"The fee plan left the stage, but the events driving oil prices—and the prices themselves—quickly returned.","The fee plan left the stage, but the events driving oil prices—and the prices themselves—quickly returned."
b346,,iter8/instances_s2/neg3_hormuz_prodrunner_b1b.json,1,K2,HF-009,resolved,,L0,確定→確定(同じ範囲),確定→確定(同じ範囲),,"During that period, attacks between the United States and Iran, a sea blockade, and concerns about tanker safety continued.","During that period, attacks between the United States and Iran, a sea blockade, and concerns about tanker safety continued."
b346,,iter8/instances_s2/neg3_hormuz_prodrunner_b1b.json,1,K2,HF-009,resolved,,L0,確定→確定(同じ範囲),確定→確定(同じ範囲),,"The fee plan may be replaced, but events continuing at the same time do not simply disappear backstage because of one announcement.","The fee plan may be replaced, but events continuing at the same time do not simply disappear backstage because of one announcement."
b346,U07,rep10/instances_s1/bgroup_B3.json,1,K1,HF-007,resolved,,L5_edge_punct,確定→確定(同じ範囲),確定→確定(同じ範囲),,"Concerns about US-Iran attacks, the sea blockade, and tanker safety continued on July 14, so the flashy 20% plan left the stage, but the chart only pulled back briefly before recovering","Concerns about US-Iran attacks, the sea blockade, and tanker safety continued on July 14, so the flashy 20% plan left the stage, but the chart only pulled back briefly before recovering."
b346,,rep10/instances_s1/hormuz_run03_standard.json,1,K1,HF-009,resolved,,L0,確定→確定(同じ範囲),確定→確定(同じ範囲),,Oil prices did not fall across the whole market after the plan was withdrawn.,Oil prices did not fall across the whole market after the plan was withdrawn.
b346,,rep10/instances_s1/hormuz_run03_standard.json,2,K1,HF-009,resolved,,L0,確定→確定(同じ範囲),確定→確定(同じ範囲),,Brent futures did not fall after the plan was withdrawn.,Brent futures did not fall after the plan was withdrawn.
b346,,rep10/instances_s1/neg3_hormuz_prodrunner_b1b.json,1,K1,HF-009,resolved,,L0,確定→確定(同じ範囲),確定→確定(同じ範囲),,"The fee plan left the stage, but the events driving oil prices—and the prices themselves—quickly returned.","The fee plan left the stage, but the events driving oil prices—and the prices themselves—quickly returned."
b346,,rep10/instances_s1/safety_A2A3.json,1,K1,HF-003,resolved,,L1,確定→確定(同じ範囲),確定→確定(同じ範囲),,The idea was that those carrying the cargo would repay the money the United States spends to keep the strait safe.,“The idea was that those carrying the cargo would repay the money the United States spends to keep the strait safe.”
b346,,rep10/instances_s1/safety_A5.json,1,K1,MUSE-HC-012,resolved,,L0,確定→確定(同じ範囲),確定→確定(同じ範囲),,They also temporarily put back the feature in which humans handled the calls. They did not stop Muse itself.,They also temporarily put back the feature in which humans handled the calls. They did not stop Muse itself.
b346,,rep10/instances_s1/safety_er009_changed_number.json,1,K1,,resolved,,L0,確定→確定(同じ範囲),確定→確定(同じ範囲),,"Researchers studied more than 30 million credit card payments in New York City taxis, and found that higher suggested tip rates led passengers to leave more money.","Researchers studied more than 30 million credit card payments in New York City taxis, and found that higher suggested tip rates led passengers to leave more money."
b346,,rep10/instances_s1/safety_er009_changed_number.json,1,K3,F-002,resolved,,L0,確定→確定(同じ範囲),確定→確定(同じ範囲),,"Researchers studied more than 30 million credit card payments in New York City taxis, and found that higher suggested tip rates led passengers to leave more money.","Researchers studied more than 30 million credit card payments in New York City taxis, and found that higher suggested tip rates led passengers to leave more money."
b346,U07,rep10/instances_s2/bgroup_B3.json,1,K1,HF-007,resolved,,L5_edge_punct,確定→確定(同じ範囲),確定→確定(同じ範囲),,"Concerns about US-Iran attacks, the sea blockade, and tanker safety continued on July 14, so the flashy 20% plan left the stage, but the chart only pulled back briefly before recovering","Concerns about US-Iran attacks, the sea blockade, and tanker safety continued on July 14, so the flashy 20% plan left the stage, but the chart only pulled back briefly before recovering."
b346,,rep10/instances_s2/hormuz_run03_standard.json,1,K1,HF-009,resolved,,L0,確定→確定(同じ範囲),確定→確定(同じ範囲),,Oil prices did not fall across the whole market after the plan was withdrawn.,Oil prices did not fall across the whole market after the plan was withdrawn.
b346,,rep10/instances_s2/neg3_hormuz_prodrunner_b1b.json,1,K1,HF-009,resolved,,L0,確定→確定(同じ範囲),確定→確定(同じ範囲),,"The fee plan left the stage, but the events driving oil prices—and the prices themselves—quickly returned.","The fee plan left the stage, but the events driving oil prices—and the prices themselves—quickly returned."
b346,,rep10/instances_s2/safety_A2A3.json,1,K1,HF-003,resolved,,L1,確定→確定(同じ範囲),確定→確定(同じ範囲),,The idea was that those carrying the cargo would repay the money the United States spends to keep the strait safe.,“The idea was that those carrying the cargo would repay the money the United States spends to keep the strait safe.”
b346,,rep10/instances_s2/safety_A5.json,1,K1,MUSE-HC-012,resolved,,L0,確定→確定(同じ範囲),確定→確定(同じ範囲),,They also temporarily put back the feature in which humans handled the calls. They did not stop Muse itself.,They also temporarily put back the feature in which humans handled the calls. They did not stop Muse itself.
b346,,rep10/instances_s2/safety_er009_changed_number.json,1,K1,,resolved,,L0,確定→確定(同じ範囲),確定→確定(同じ範囲),,"Researchers studied more than 30 million credit card payments in New York City taxis, and found that higher suggested tip rates led passengers to leave more money.","Researchers studied more than 30 million credit card payments in New York City taxis, and found that higher suggested tip rates led passengers to leave more money."
b346,,rep10/instances_s2/safety_er009_changed_number.json,1,K3,F-002,resolved,,L0,確定→確定(同じ範囲),確定→確定(同じ範囲),,"Researchers studied more than 30 million credit card payments in New York City taxis, and found that higher suggested tip rates led passengers to leave more money.","Researchers studied more than 30 million credit card payments in New York City taxis, and found that higher suggested tip rates led passengers to leave more money."
b346,U07,rep11/instances_s1/bgroup_B3.json,1,K1,HF-007,resolved,,L5_edge_punct,確定→確定(同じ範囲),確定→確定(同じ範囲),,"Concerns about US-Iran attacks, the sea blockade, and tanker safety continued on July 14, so the flashy 20% plan left the stage, but the chart only pulled back briefly before recovering","Concerns about US-Iran attacks, the sea blockade, and tanker safety continued on July 14, so the flashy 20% plan left the stage, but the chart only pulled back briefly before recovering."
b346,,rep11/instances_s1/meta_run03_standard.json,1,K1,MUSE-HC-010,resolved,,L3,確定→確定(同じ範囲),確定→確定(同じ範囲),,some calls needed user information to continue.,“Some calls needed user information to continue.”
b346,,rep11/instances_s1/meta_run03_standard.json,2,K2,MUSE-HC-012,resolved,,L0,確定→確定(同じ範囲),確定→確定(同じ範囲),,"They enjoyed AI’s convenience, but a human was on the other end.","They enjoyed AI’s convenience, but a human was on the other end."
b346,,rep11/instances_s1/neg1_meta_b3prod_a2.json,1,K1,MUSE-HC-006,resolved,,L2,確定→確定(同じ範囲),確定→確定(同じ範囲),,"A call seemed to come from an AI agent. But as the conversation went on, the voice was not AI at all. It was a person.

Meta had run a test that caused exactly this surprise.","“A call seemed to come from an AI agent. But as the conversation went on, the voice was not AI at all. It was a person. Meta had run a test that caused exactly this surprise.”"
b346,U07,rep11/instances_s2/bgroup_B3.json,1,K1,HF-007,resolved,,L5_edge_punct,確定→確定(同じ範囲),確定→確定(同じ範囲),,"Concerns about US-Iran attacks, the sea blockade, and tanker safety continued on July 14, so the flashy 20% plan left the stage, but the chart only pulled back briefly before recovering","Concerns about US-Iran attacks, the sea blockade, and tanker safety continued on July 14, so the flashy 20% plan left the stage, but the chart only pulled back briefly before recovering."
b346,,rep11/instances_s2/meta_run03_standard.json,1,K1,MUSE-HC-010,resolved,,L3,確定→確定(同じ範囲),確定→確定(同じ範囲),,some calls needed user information to continue.,“Some calls needed user information to continue.”
b346,,rep11/instances_s2/neg1_meta_b3prod_a2.json,1,K1,MUSE-HC-006,resolved,,L2,確定→確定(同じ範囲),確定→確定(同じ範囲),,"A call seemed to come from an AI agent. But as the conversation went on, the voice was not AI at all. It was a person.

Meta had run a test that caused exactly this surprise.","“A call seemed to come from an AI agent. But as the conversation went on, the voice was not AI at all. It was a person. Meta had run a test that caused exactly this surprise.”"
b346,U07,rep12/instances_s1/bgroup_B3.json,1,K1,HF-007,resolved,,L5_edge_punct,確定→確定(同じ範囲),確定→確定(同じ範囲),,"Concerns about US-Iran attacks, the sea blockade, and tanker safety continued on July 14, so the flashy 20% plan left the stage, but the chart only pulled back briefly before recovering","Concerns about US-Iran attacks, the sea blockade, and tanker safety continued on July 14, so the flashy 20% plan left the stage, but the chart only pulled back briefly before recovering."
b346,,rep12/instances_s1/meta_run03_standard.json,1,K1,MUSE-HC-010,resolved,,L3,確定→確定(同じ範囲),確定→確定(同じ範囲),,some calls needed user information to continue.,“Some calls needed user information to continue.”
b346,U07,rep12/instances_s2/bgroup_B3.json,1,K1,HF-007,resolved,,L5_edge_punct,確定→確定(同じ範囲),確定→確定(同じ範囲),,"Concerns about US-Iran attacks, the sea blockade, and tanker safety continued on July 14, so the flashy 20% plan left the stage, but the chart only pulled back briefly before recovering","Concerns about US-Iran attacks, the sea blockade, and tanker safety continued on July 14, so the flashy 20% plan left the stage, but the chart only pulled back briefly before recovering."
b346,,rep12/instances_s2/meta_run03_standard.json,1,K1,MUSE-HC-010,resolved,,L3,確定→確定(同じ範囲),確定→確定(同じ範囲),,some calls needed user information to continue.,“Some calls needed user information to continue.”
b346,U07,rep13/instances_s1/bgroup_B3.json,1,K1,HF-007,resolved,,L5_edge_punct,確定→確定(同じ範囲),確定→確定(同じ範囲),,"Concerns about US-Iran attacks, the sea blockade, and tanker safety continued on July 14, so the flashy 20% plan left the stage, but the chart only pulled back briefly before recovering","Concerns about US-Iran attacks, the sea blockade, and tanker safety continued on July 14, so the flashy 20% plan left the stage, but the chart only pulled back briefly before recovering."
b346,U07,rep13/instances_s2/bgroup_B3.json,1,K1,HF-007,resolved,,L5_edge_punct,確定→確定(同じ範囲),確定→確定(同じ範囲),,"Concerns about US-Iran attacks, the sea blockade, and tanker safety continued on July 14, so the flashy 20% plan left the stage, but the chart only pulled back briefly before recovering","Concerns about US-Iran attacks, the sea blockade, and tanker safety continued on July 14, so the flashy 20% plan left the stage, but the chart only pulled back briefly before recovering."
b346,,rep14/instances_s1/hormuz_run03_standard.json,1,K1,HF-009,resolved,,L0,確定→確定(同じ範囲),確定→確定(同じ範囲),,Oil prices did not fall across the whole market after the plan was withdrawn.,Oil prices did not fall across the whole market after the plan was withdrawn.
b346,,rep14/instances_s1/hormuz_run03_standard.json,1,K2,HF-009,resolved,,L0,確定→確定(同じ範囲),確定→確定(同じ範囲),,"The fee plan vanished, but oil prices stayed high as tensions around the Strait of Hormuz continued.","The fee plan vanished, but oil prices stayed high as tensions around the Strait of Hormuz continued."
b346,,rep14/instances_s1/hormuz_run03_standard.json,2,K1,HF-009,resolved,,L0,確定→確定(同じ範囲),確定→確定(同じ範囲),,"Oil prices moved briefly, then returned to a high level.","Oil prices moved briefly, then returned to a high level."
b346,,rep14/instances_s1/hormuz_run03_standard.json,2,K2,HF-009,resolved,,L0,確定→確定(同じ範囲),確定→確定(同じ範囲),,Brent futures did not fall across the whole market after the plan was withdrawn.,Brent futures did not fall across the whole market after the plan was withdrawn.
b346,,rep14/instances_s2/hormuz_run03_standard.json,1,K1,HF-009,resolved,,L0,確定→確定(同じ範囲),確定→確定(同じ範囲),,Oil prices did not fall across the whole market after the plan was withdrawn.,Oil prices did not fall across the whole market after the plan was withdrawn.
b346,,rep14/instances_s2/hormuz_run03_standard.json,1,K2,HF-009,resolved,,L0,確定→確定(同じ範囲),確定→確定(同じ範囲),,"The fee plan vanished, but oil prices stayed high as tensions around the Strait of Hormuz continued.","The fee plan vanished, but oil prices stayed high as tensions around the Strait of Hormuz continued."
b346,,rep14/instances_s2/hormuz_run03_standard.json,2,K1,HF-009,resolved,,L0,確定→確定(同じ範囲),確定→確定(同じ範囲),,"Oil prices moved briefly, then returned to a high level.","Oil prices moved briefly, then returned to a high level."
b346,,rep14/instances_s2/hormuz_run03_standard.json,2,K2,HF-009,resolved,,L0,確定→確定(同じ範囲),確定→確定(同じ範囲),,Brent futures prices did not fall across the whole market after the plan was withdrawn.,Brent futures prices did not fall across the whole market after the plan was withdrawn.
b346,,rep15/instances_s1/hormuz_run03_standard.json,1,K1,HF-009,resolved,,L0,確定→確定(同じ範囲),確定→確定(同じ範囲),,Oil prices did not fall across the whole market after the plan was withdrawn.,Oil prices did not fall across the whole market after the plan was withdrawn.
b346,,rep15/instances_s1/hormuz_run03_standard.json,1,K2,HF-009,resolved,,L0,確定→確定(同じ範囲),確定→確定(同じ範囲),,"The fee plan vanished, but oil prices stayed high as tensions around the Strait of Hormuz continued.","The fee plan vanished, but oil prices stayed high as tensions around the Strait of Hormuz continued."
b346,,rep15/instances_s1/hormuz_run03_standard.json,2,K1,HF-009,resolved,,L0,確定→確定(同じ範囲),確定→確定(同じ範囲),,"Oil prices moved briefly, then returned to a high level.","Oil prices moved briefly, then returned to a high level."
b346,U07,rep16/instances_s1/bgroup_B3.json,1,K1,HF-007,resolved,,L5_edge_punct,確定→確定(同じ範囲),確定→確定(同じ範囲),,"Concerns about US-Iran attacks, the sea blockade, and tanker safety continued on July 14, so the flashy 20% plan left the stage, but the chart only pulled back briefly before recovering","Concerns about US-Iran attacks, the sea blockade, and tanker safety continued on July 14, so the flashy 20% plan left the stage, but the chart only pulled back briefly before recovering."
b346,,rep16/instances_s1/neg1_meta_b3prod_a2.json,1,K1,MUSE-HC-006,resolved,,L0,確定→確定(同じ範囲),確定→確定(同じ範囲),,Meta had run a test that caused exactly this surprise.,Meta had run a test that caused exactly this surprise.
b346,,rep16/instances_s1/neg3_hormuz_prodrunner_b1b.json,1,K1,HF-003,resolved,,L0,確定→確定(同じ範囲),確定→確定(同じ範囲),,Trump posted that all cargo passing through the Strait of Hormuz should provide a 20 percent reimbursement.,Trump posted that all cargo passing through the Strait of Hormuz should provide a 20 percent reimbursement.
b346,,rep16/instances_s1/neg3_hormuz_prodrunner_b1b.json,2,K1,HF-009,resolved,,L0,確定→確定(同じ範囲),確定→確定(同じ範囲),,"The fee plan left the stage, but the events driving oil prices—and the prices themselves—quickly returned.","The fee plan left the stage, but the events driving oil prices—and the prices themselves—quickly returned."
b346,,rep16/instances_s1/neg3_hormuz_prodrunner_b1b.json,2,K2,HF-009,resolved,,L0,確定→確定(同じ範囲),確定→確定(同じ範囲),,"During that period, attacks between the United States and Iran, a sea blockade, and concerns about tanker safety continued.","During that period, attacks between the United States and Iran, a sea blockade, and concerns about tanker safety continued."
b346,,rep16/instances_s1/neg3_hormuz_prodrunner_b1b.json,2,K2,HF-009,resolved,,L0,確定→確定(同じ範囲),確定→確定(同じ範囲),,"The fee plan may be replaced, but events continuing at the same time do not simply disappear backstage because of one announcement.","The fee plan may be replaced, but events continuing at the same time do not simply disappear backstage because of one announcement."
b346,,rep16/instances_s1/neg3_hormuz_prodrunner_b1b.json,2,K1,HF-003,resolved,,L0,確定→確定(同じ範囲),確定→確定(同じ範囲),,トランプ氏は、アメリカがホルムズ海峡の安全確保に使う費用について、海峡を通るすべての貨物に二割の償還を求めると投稿した。,トランプ氏は、アメリカがホルムズ海峡の安全確保に使う費用について、海峡を通るすべての貨物に二割の償還を求めると投稿した。
b346,U07,rep16/instances_s2/bgroup_B3.json,1,K1,HF-007,resolved,,L5_edge_punct,確定→確定(同じ範囲),確定→確定(同じ範囲),,"Concerns about US-Iran attacks, the sea blockade, and tanker safety continued on July 14, so the flashy 20% plan left the stage, but the chart only pulled back briefly before recovering","Concerns about US-Iran attacks, the sea blockade, and tanker safety continued on July 14, so the flashy 20% plan left the stage, but the chart only pulled back briefly before recovering."
b346,,rep16/instances_s2/neg1_meta_b3prod_a2.json,1,K1,MUSE-HC-006,resolved,,L0,確定→確定(同じ範囲),確定→確定(同じ範囲),,Meta had run a test that caused exactly this surprise.,Meta had run a test that caused exactly this surprise.
b346,,rep17/instances_s1/neg3_hormuz_prodrunner_b1b.json,1,K1,HF-009,resolved,,L0,確定→確定(同じ範囲),確定→確定(同じ範囲),,"The fee plan left the stage, but the events driving oil prices—and the prices themselves—quickly returned.","The fee plan left the stage, but the events driving oil prices—and the prices themselves—quickly returned."
b346,,rep17/instances_s1/neg3_hormuz_prodrunner_b1b.json,1,K2,HF-009,resolved,,L0,確定→確定(同じ範囲),確定→確定(同じ範囲),,"During that period, attacks between the United States and Iran, a sea blockade, and concerns about tanker safety continued.","During that period, attacks between the United States and Iran, a sea blockade, and concerns about tanker safety continued."
b346,,rep17/instances_s1/neg3_hormuz_prodrunner_b1b.json,1,K2,HF-009,resolved,,L0,確定→確定(同じ範囲),確定→確定(同じ範囲),,"The fee plan may be replaced, but events continuing at the same time do not simply disappear backstage because of one announcement.","The fee plan may be replaced, but events continuing at the same time do not simply disappear backstage because of one announcement."
b346,,rep17/instances_s2/neg3_hormuz_prodrunner_b1b.json,1,K1,HF-009,resolved,,L0,確定→確定(同じ範囲),確定→確定(同じ範囲),,"The fee plan left the stage, but the events driving oil prices—and the prices themselves—quickly returned.","The fee plan left the stage, but the events driving oil prices—and the prices themselves—quickly returned."
b346,,rep17/instances_s2/neg3_hormuz_prodrunner_b1b.json,1,K2,HF-009,resolved,,L0,確定→確定(同じ範囲),確定→確定(同じ範囲),,"During that period, attacks between the United States and Iran, a sea blockade, and concerns about tanker safety continued.","During that period, attacks between the United States and Iran, a sea blockade, and concerns about tanker safety continued."
b346,,rep17/instances_s2/neg3_hormuz_prodrunner_b1b.json,1,K2,HF-009,resolved,,L0,確定→確定(同じ範囲),確定→確定(同じ範囲),,"The fee plan may be replaced, but events continuing at the same time do not simply disappear backstage because of one announcement.","The fee plan may be replaced, but events continuing at the same time do not simply disappear backstage because of one announcement."
b346,,rep18/instances_s1/bgroup_B3.json,1,K1,HF-007,resolved,,L0,確定→確定(同じ範囲),確定→確定(同じ範囲),,"Concerns about US-Iran attacks, the sea blockade, and tanker safety continued on July 14, so the flashy 20% plan left the stage, but the chart only pulled back briefly before recovering: the policy turn and the oil chart’s “not over yet” movement happened on the same day.","Concerns about US-Iran attacks, the sea blockade, and tanker safety continued on July 14, so the flashy 20% plan left the stage, but the chart only pulled back briefly before recovering: the policy turn and the oil chart’s “not over yet” movement happened on the same day."
b346,,rep18/instances_s1/safety_A2A3.json,1,K1,HF-003,resolved,,L1,確定→確定(同じ範囲),確定→確定(同じ範囲),,The idea was that those carrying the cargo would repay the money the United States spends to keep the strait safe.,“The idea was that those carrying the cargo would repay the money the United States spends to keep the strait safe.”
b346,,rep18/instances_s1/safety_A2A3.json,1,K1,HF-006,resolved,,L1,確定→確定(同じ範囲),確定→確定(同じ範囲),,with its distant danger reaching gasoline prices and the cost of moving goods through crude oil.,“with its distant danger reaching gasoline prices and the cost of moving goods through crude oil.”
b346,,rep18/instances_s1/safety_A2A3.json,1,K2,HF-003,resolved,,L0,確定→確定(同じ範囲),確定→確定(同じ範囲),,The idea was that those carrying the cargo would repay the money the United States spends to keep the strait safe.,The idea was that those carrying the cargo would repay the money the United States spends to keep the strait safe.
b346,,rep18/instances_s1/safety_A2A3.json,1,K2,HF-006,resolved,,L0,確定→確定(同じ範囲),確定→確定(同じ範囲),,"6 percent, because attacks between the United States and Iran continued, fears of a blockade at sea remained, and people still did not know whether tankers could pass safely—showing that the charge had left the stage, but the dangerous route remained the real lead actor, with its distant danger reaching gasoline prices and the cost of moving goods through crude oil.","6 percent, because attacks between the United States and Iran continued, fears of a blockade at sea remained, and people still did not know whether tankers could pass safely—showing that the charge had left the stage, but the dangerous route remained the real lead actor, with its distant danger reaching gasoline prices and the cost of moving goods through crude oil."
b346,,rep18/instances_s2/bgroup_B3.json,1,K1,HF-007,resolved,,L0,確定→確定(同じ範囲),確定→確定(同じ範囲),,"Concerns about US-Iran attacks, the sea blockade, and tanker safety continued on July 14, so the flashy 20% plan left the stage, but the chart only pulled back briefly before recovering: the policy turn and the oil chart’s “not over yet” movement happened on the same day.","Concerns about US-Iran attacks, the sea blockade, and tanker safety continued on July 14, so the flashy 20% plan left the stage, but the chart only pulled back briefly before recovering: the policy turn and the oil chart’s “not over yet” movement happened on the same day."
b346,,rep18/instances_s2/safety_A2A3.json,1,K1,HF-003,resolved,,L1,確定→確定(同じ範囲),確定→確定(同じ範囲),,The idea was that those carrying the cargo would repay the money the United States spends to keep the strait safe.,“The idea was that those carrying the cargo would repay the money the United States spends to keep the strait safe.”
b346,,rep18/instances_s2/safety_A2A3.json,1,K1,HF-006,resolved,,L1,確定→確定(同じ範囲),確定→確定(同じ範囲),,with its distant danger reaching gasoline prices and the cost of moving goods through crude oil.,“with its distant danger reaching gasoline prices and the cost of moving goods through crude oil.”
b346,,rep18/instances_s2/safety_A2A3.json,1,K2,HF-003,resolved,,L0,確定→確定(同じ範囲),確定→確定(同じ範囲),,The idea was that those carrying the cargo would repay the money the United States spends to keep the strait safe.,The idea was that those carrying the cargo would repay the money the United States spends to keep the strait safe.
b346,,rep18/instances_s2/safety_A2A3.json,1,K2,HF-006,resolved,,L0,確定→確定(同じ範囲),確定→確定(同じ範囲),,"6 percent, because attacks between the United States and Iran continued, fears of a blockade at sea remained, and people still did not know whether tankers could pass safely—showing that the charge had left the stage, but the dangerous route remained the real lead actor, with its distant danger reaching gasoline prices and the cost of moving goods through crude oil.","6 percent, because attacks between the United States and Iran continued, fears of a blockade at sea remained, and people still did not know whether tankers could pass safely—showing that the charge had left the stage, but the dangerous route remained the real lead actor, with its distant danger reaching gasoline prices and the cost of moving goods through crude oil."
b346,,rep19/instances_s1/meta_run03_standard.json,1,K1,MUSE-HC-011,resolved,,L1,確定→確定(同じ範囲),確定→確定(同じ範囲),,It said human staff made inappropriate comments about race during calls. These calls were about trying to lower internet or cable fees.,“It said human staff made inappropriate comments about race during calls. These calls were about trying to lower internet or cable fees.”
b346,,rep19/instances_s1/meta_run03_standard.json,1,K2,MUSE-HC-011,resolved,,L0,確定→確定(同じ範囲),確定→確定(同じ範囲),,News reports also cited one employee’s report.,News reports also cited one employee’s report.
b346,,rep19/instances_s1/meta_run03_standard.json,1,K2,MUSE-HC-011,resolved,,L0,確定→確定(同じ範囲),確定→確定(同じ範囲),,"However, this is only one report. It would be wrong to say all contract workers did this.","However, this is only one report. It would be wrong to say all contract workers did this."
b346,,rep19/instances_s1/meta_run03_standard.json,2,K1,MUSE-HC-012,resolved,,L1,確定→確定(同じ範囲),確定→確定(同じ範囲),,"They enjoyed AI’s convenience, but a human was on the other end. They did not realize it.","“They enjoyed AI’s convenience, but a human was on the other end. They did not realize it.”"
b346,,rep19/instances_s1/meta_run03_standard.json,2,K1,MUSE-HC-010,resolved,,L1,確定→確定(同じ範囲),確定→確定(同じ範囲),,some calls needed user information to continue.,“some calls needed user information to continue.”
b346,,rep19/instances_s1/meta_run03_standard.json,2,K1,MUSE-HC-011,resolved,,L1,確定→確定(同じ範囲),確定→確定(同じ範囲),,These calls were about trying to lower internet or cable fees.,“These calls were about trying to lower internet or cable fees.”
b346,,rep19/instances_s1/meta_run03_standard.json,2,K2,MUSE-HC-011,resolved,,L0,確定→確定(同じ範囲),確定→確定(同じ範囲),,News reports also cited one employee’s report about a phone call.,News reports also cited one employee’s report about a phone call.
b346,,rep19/instances_s1/meta_run03_standard.json,2,K2,MUSE-HC-011,resolved,,L0,確定→確定(同じ範囲),確定→確定(同じ範囲),,It said human staff made inappropriate comments about race during a call.,It said human staff made inappropriate comments about race during a call.
b346,,rep19/instances_s1/meta_run03_standard.json,2,K2,MUSE-HC-011,resolved,,L0,確定→確定(同じ範囲),確定→確定(同じ範囲),,"However, this is only one case. It would be wrong to say all contract workers did this.","However, this is only one case. It would be wrong to say all contract workers did this."
b346,,rep19/instances_s1/meta_run03_standard.json,3,K1,MUSE-HC-012,resolved,,L4,確定→確定(同じ範囲),確定→確定(同じ範囲),,"If no one explained this clearly, users could not know. They could not tell if it was AI or a person. || Some calls through Meta’s AI assistant were actually handled by humans, but users were not properly told.","“If no one explained this clearly, users could not know. They could not tell if it was AI or a person.” / “Some calls through Meta’s AI assistant were actually handled by humans, but users were not properly told.”"
b346,,rep19/instances_s1/meta_run03_standard.json,3,K2,MUSE-HC-012,resolved,,L0,確定→確定(同じ範囲),確定→確定(同じ範囲),,The problem was telling users who was speaking.,The problem was telling users who was speaking.
b346,,rep19/instances_s1/meta_run03_standard.json,3,K2,MUSE-HC-012,resolved,,L0,確定→確定(同じ範囲),確定→確定(同じ範囲),,People asking Muse to call might think AI was calling.,People asking Muse to call might think AI was calling.
b346,,rep19/instances_s1/meta_run03_standard.json,3,K2,MUSE-HC-012,resolved,,L0,確定→確定(同じ範囲),確定→確定(同じ範囲),,"But sometimes, a human was speaking instead.","But sometimes, a human was speaking instead."
b346,,rep19/instances_s1/meta_run03_standard.json,3,K2,MUSE-HC-012,resolved,,L0,確定→確定(同じ範囲),確定→確定(同じ範囲),,Meta said it was a mistake to start the test without clear notice.,Meta said it was a mistake to start the test without clear notice.
b346,,rep20/instances_s1/meta_run03_standard.json,1,K1,MUSE-HC-011,resolved,,L1,確定→確定(同じ範囲),確定→確定(同じ範囲),,It said human staff made inappropriate comments about race during calls. These calls were about trying to lower internet or cable fees.,“It said human staff made inappropriate comments about race during calls. These calls were about trying to lower internet or cable fees.”
b346,,rep20/instances_s1/meta_run03_standard.json,2,K1,MUSE-HC-010,resolved,,L3,確定→確定(同じ範囲),確定→確定(同じ範囲),,some calls needed user information to continue.,“Some calls needed user information to continue.”
b346,,rep20/instances_s2/meta_run03_standard.json,1,K1,MUSE-HC-011,resolved,,L1,確定→確定(同じ範囲),確定→確定(同じ範囲),,It said human staff made inappropriate comments about race during calls. These calls were about trying to lower internet or cable fees.,“It said human staff made inappropriate comments about race during calls. These calls were about trying to lower internet or cable fees.”
b346,,rep20/instances_s2/meta_run03_standard.json,2,K1,MUSE-HC-012,resolved,,L4,確定→確定(同じ範囲),確定→確定(同じ範囲),,They could not tell if it was AI or a person || They did not realize it.,“They could not tell if it was AI or a person” and “They did not realize it.”
b346,,rep20/instances_safety_a/safety_er009_changed_actor.json,1,K1,,resolved,,L0,確定→確定(同じ範囲),確定→確定(同じ範囲),,"A team at Harvard Business School studied more than 13 million credit card payments in New York City taxis, and found that higher suggested tip rates led passengers to leave more money.","A team at Harvard Business School studied more than 13 million credit card payments in New York City taxis, and found that higher suggested tip rates led passengers to leave more money."
b346,,rep20/instances_safety_a/safety_er009_changed_number.json,1,K1,,resolved,,L0,確定→確定(同じ範囲),確定→確定(同じ範囲),,"Researchers studied more than 30 million credit card payments in New York City taxis, and found that higher suggested tip rates led passengers to leave more money.","Researchers studied more than 30 million credit card payments in New York City taxis, and found that higher suggested tip rates led passengers to leave more money."
b346,,rep20/instances_safety_a/safety_er009_changed_number.json,1,K3,F-002,resolved,,L0,確定→確定(同じ範囲),確定→確定(同じ範囲),,"Researchers studied more than 30 million credit card payments in New York City taxis, and found that higher suggested tip rates led passengers to leave more money.","Researchers studied more than 30 million credit card payments in New York City taxis, and found that higher suggested tip rates led passengers to leave more money."
b346,,rep21/instances_s1/meta_run03_standard.json,1,K1,MUSE-HC-011,resolved,,L1,確定→確定(同じ範囲),確定→確定(同じ範囲),,It said human staff made inappropriate comments about race during calls. These calls were about trying to lower internet or cable fees.,“It said human staff made inappropriate comments about race during calls. These calls were about trying to lower internet or cable fees.”
b346,,rep21/instances_s1/meta_run03_standard.json,2,K1,MUSE-HC-011,resolved,,L1,確定→確定(同じ範囲),確定→確定(同じ範囲),,These calls were about trying to lower internet or cable fees.,“These calls were about trying to lower internet or cable fees.”
b346,,rep21/instances_s1/meta_run03_standard.json,3,K1,MUSE-HC-010,resolved,,L3,確定→確定(同じ範囲),確定→確定(同じ範囲),,some calls needed user information to continue.,“Some calls needed user information to continue.”
b346,,rep21/instances_s2/meta_run03_standard.json,1,K1,MUSE-HC-011,resolved,,L1,確定→確定(同じ範囲),確定→確定(同じ範囲),,It said human staff made inappropriate comments about race during calls. These calls were about trying to lower internet or cable fees.,“It said human staff made inappropriate comments about race during calls. These calls were about trying to lower internet or cable fees.”
b346,,rep21/instances_safety_a/safety_er009_changed_number.json,1,K1,,resolved,,L0,確定→確定(同じ範囲),確定→確定(同じ範囲),,"Researchers studied more than 30 million credit card payments in New York City taxis, and found that higher suggested tip rates led passengers to leave more money.","Researchers studied more than 30 million credit card payments in New York City taxis, and found that higher suggested tip rates led passengers to leave more money."
b346,,rep21/instances_safety_a/safety_er009_changed_number.json,1,K3,F-002,resolved,,L0,確定→確定(同じ範囲),確定→確定(同じ範囲),,"Researchers studied more than 30 million credit card payments in New York City taxis, and found that higher suggested tip rates led passengers to leave more money.","Researchers studied more than 30 million credit card payments in New York City taxis, and found that higher suggested tip rates led passengers to leave more money."
b346,,rep7/instances_s1/hormuz_run03_standard.json,1,K1,HF-009,resolved,,L0,確定→確定(同じ範囲),確定→確定(同じ範囲),,Oil prices did not fall across the whole market after the plan was withdrawn.,Oil prices did not fall across the whole market after the plan was withdrawn.
b346,,rep7/instances_s1/neg1_meta_b3prod_a2.json,1,K1,MUSE-HC-006,resolved,,L2,確定→確定(同じ範囲),確定→確定(同じ範囲),,"A call seemed to come from an AI agent. But as the conversation went on, the voice was not AI at all. It was a person.

Meta had run a test that caused exactly this surprise.","“A call seemed to come from an AI agent. But as the conversation went on, the voice was not AI at all. It was a person. Meta had run a test that caused exactly this surprise.”"
b346,,rep7/instances_s1/safety_er009_changed_actor.json,1,K1,,resolved,,L0,確定→確定(同じ範囲),確定→確定(同じ範囲),,"A team at Harvard Business School studied more than 13 million credit card payments in New York City taxis, and found that higher suggested tip rates led passengers to leave more money.","A team at Harvard Business School studied more than 13 million credit card payments in New York City taxis, and found that higher suggested tip rates led passengers to leave more money."
b346,,rep7/instances_s1/safety_er009_changed_number.json,1,K1,,resolved,,L0,確定→確定(同じ範囲),確定→確定(同じ範囲),,"Researchers studied more than 30 million credit card payments in New York City taxis, and found that higher suggested tip rates led passengers to leave more money.","Researchers studied more than 30 million credit card payments in New York City taxis, and found that higher suggested tip rates led passengers to leave more money."
b346,,rep7/instances_s1/safety_er009_changed_number.json,1,K3,F-002,unverified,mismatch,,確定不能→確定不能(同じ),確定不能→確定不能(同じ),p_no_quote,,count values found in article not matching any ledger fact: [30000000.0]
b346,U07,rep7/instances_s1_b3_revert_verify/bgroup_B3.json,1,K1,HF-007,resolved,,L5_edge_punct,確定→確定(同じ範囲),確定→確定(同じ範囲),,"Concerns about US-Iran attacks, the sea blockade, and tanker safety continued on July 14, so the flashy 20% plan left the stage, but the chart only pulled back briefly before recovering","Concerns about US-Iran attacks, the sea blockade, and tanker safety continued on July 14, so the flashy 20% plan left the stage, but the chart only pulled back briefly before recovering."
b346,,rep7/instances_s2/hormuz_run03_standard.json,1,K1,HF-009,resolved,,L0,確定→確定(同じ範囲),確定→確定(同じ範囲),,Oil prices did not fall across the whole market after the plan was withdrawn.,Oil prices did not fall across the whole market after the plan was withdrawn.
b346,,rep7/instances_s2/neg1_meta_b3prod_a2.json,1,K1,MUSE-HC-006,resolved,,L2,確定→確定(同じ範囲),確定→確定(同じ範囲),,"A call seemed to come from an AI agent. But as the conversation went on, the voice was not AI at all. It was a person.

Meta had run a test that caused exactly this surprise.","“A call seemed to come from an AI agent. But as the conversation went on, the voice was not AI at all. It was a person. Meta had run a test that caused exactly this surprise.”"
b346,,rep7/instances_s2/safety_er009_changed_actor.json,1,K1,,resolved,,L0,確定→確定(同じ範囲),確定→確定(同じ範囲),,"A team at Harvard Business School studied more than 13 million credit card payments in New York City taxis, and found that higher suggested tip rates led passengers to leave more money.","A team at Harvard Business School studied more than 13 million credit card payments in New York City taxis, and found that higher suggested tip rates led passengers to leave more money."
b346,,rep7/instances_s2/safety_er009_changed_number.json,1,K1,,resolved,,L0,確定→確定(同じ範囲),確定→確定(同じ範囲),,"Researchers studied more than 30 million credit card payments in New York City taxis, and found that higher suggested tip rates led passengers to leave more money.","Researchers studied more than 30 million credit card payments in New York City taxis, and found that higher suggested tip rates led passengers to leave more money."
b346,,rep7/instances_s2/safety_er009_changed_number.json,1,K3,F-002,unverified,mismatch,,確定不能→確定不能(同じ),確定不能→確定不能(同じ),p_no_quote,,count values found in article not matching any ledger fact: [30000000.0]
b346,U07,rep7/instances_s2_b3_revert_verify/bgroup_B3.json,1,K1,HF-007,resolved,,L5_edge_punct,確定→確定(同じ範囲),確定→確定(同じ範囲),,"Concerns about US-Iran attacks, the sea blockade, and tanker safety continued on July 14, so the flashy 20% plan left the stage, but the chart only pulled back briefly before recovering","Concerns about US-Iran attacks, the sea blockade, and tanker safety continued on July 14, so the flashy 20% plan left the stage, but the chart only pulled back briefly before recovering."
b346,U07,rep8/instances_s1/bgroup_B3.json,1,K1,HF-007,resolved,,L5_edge_punct,確定→確定(同じ範囲),確定→確定(同じ範囲),,"Concerns about US-Iran attacks, the sea blockade, and tanker safety continued on July 14, so the flashy 20% plan left the stage, but the chart only pulled back briefly before recovering","Concerns about US-Iran attacks, the sea blockade, and tanker safety continued on July 14, so the flashy 20% plan left the stage, but the chart only pulled back briefly before recovering."
b346,,rep8/instances_s1/hormuz_run03_standard.json,1,K1,HF-009,resolved,,L0,確定→確定(同じ範囲),確定→確定(同じ範囲),,Oil prices did not fall across the whole market after the plan was withdrawn.,Oil prices did not fall across the whole market after the plan was withdrawn.
b346,,rep8/instances_s1/safety_er009_changed_actor.json,1,K1,,resolved,,L0,確定→確定(同じ範囲),確定→確定(同じ範囲),,"A team at Harvard Business School studied more than 13 million credit card payments in New York City taxis, and found that higher suggested tip rates led passengers to leave more money.","A team at Harvard Business School studied more than 13 million credit card payments in New York City taxis, and found that higher suggested tip rates led passengers to leave more money."
b346,,rep8/instances_s1/safety_er009_changed_number.json,1,K1,,resolved,,L0,確定→確定(同じ範囲),確定→確定(同じ範囲),,"Researchers studied more than 30 million credit card payments in New York City taxis, and found that higher suggested tip rates led passengers to leave more money.","Researchers studied more than 30 million credit card payments in New York City taxis, and found that higher suggested tip rates led passengers to leave more money."
b346,,rep8/instances_s1/safety_er009_changed_number.json,1,K3,F-002,unverified,mismatch,,確定不能→確定不能(同じ),確定不能→確定不能(同じ),p_no_quote,,count values found in article not matching any ledger fact: [30000000.0]
b346,U07,rep8/instances_s2/bgroup_B3.json,1,K1,HF-007,resolved,,L5_edge_punct,確定→確定(同じ範囲),確定→確定(同じ範囲),,"Concerns about US-Iran attacks, the sea blockade, and tanker safety continued on July 14, so the flashy 20% plan left the stage, but the chart only pulled back briefly before recovering","Concerns about US-Iran attacks, the sea blockade, and tanker safety continued on July 14, so the flashy 20% plan left the stage, but the chart only pulled back briefly before recovering."
b346,,rep8/instances_s2/hormuz_run03_standard.json,1,K1,HF-009,resolved,,L0,確定→確定(同じ範囲),確定→確定(同じ範囲),,Oil prices did not fall across the whole market after the plan was withdrawn.,Oil prices did not fall across the whole market after the plan was withdrawn.
b346,,rep8/instances_s2/safety_er009_changed_actor.json,1,K1,,resolved,,L0,確定→確定(同じ範囲),確定→確定(同じ範囲),,"A team at Harvard Business School studied more than 13 million credit card payments in New York City taxis, and found that higher suggested tip rates led passengers to leave more money.","A team at Harvard Business School studied more than 13 million credit card payments in New York City taxis, and found that higher suggested tip rates led passengers to leave more money."
b346,,rep8/instances_s2/safety_er009_changed_number.json,1,K1,,resolved,,L0,確定→確定(同じ範囲),確定→確定(同じ範囲),,"Researchers studied more than 30 million credit card payments in New York City taxis, and found that higher suggested tip rates led passengers to leave more money.","Researchers studied more than 30 million credit card payments in New York City taxis, and found that higher suggested tip rates led passengers to leave more money."
b346,,rep8/instances_s2/safety_er009_changed_number.json,1,K3,F-002,unverified,mismatch,,確定不能→確定不能(同じ),確定不能→確定不能(同じ),p_no_quote,,count values found in article not matching any ledger fact: [30000000.0]
b346,U07,rep9/instances_s1/bgroup_B3.json,1,K1,HF-007,resolved,,L5_edge_punct,確定→確定(同じ範囲),確定→確定(同じ範囲),,"Concerns about US-Iran attacks, the sea blockade, and tanker safety continued on July 14, so the flashy 20% plan left the stage, but the chart only pulled back briefly before recovering","Concerns about US-Iran attacks, the sea blockade, and tanker safety continued on July 14, so the flashy 20% plan left the stage, but the chart only pulled back briefly before recovering."
b346,,rep9/instances_s1/hormuz_run03_standard.json,1,K1,HF-009,resolved,,L0,確定→確定(同じ範囲),確定→確定(同じ範囲),,Oil prices did not fall across the whole market after the plan was withdrawn.,Oil prices did not fall across the whole market after the plan was withdrawn.
b346,U12,rep9/instances_s1/hormuz_run03_standard.json,2,K1,HF-009,unverified,explanatory_mixed,,確定不能→確定,確定不能→確定,,"Oil prices moved briefly, then returned to a high level || oil prices stayed high","“Oil prices moved briefly, then returned to a high level”; “oil prices stayed high” (also reflected in the headline)."
b346,U13,rep9/instances_s1/hormuz_run03_standard.json,3,K1,HF-009,unverified,explanatory_mixed,,確定不能→確定,確定不能→確定,,High Oil Prices Stay || oil prices stayed high,“High Oil Prices Stay” (headline); “oil prices stayed high” (one-line summary).
b346,,rep9/instances_s1/meta_run03_standard.json,1,K1,MUSE-HC-010,resolved,,L3,確定→確定(同じ範囲),確定→確定(同じ範囲),,some calls needed user information to continue.,“Some calls needed user information to continue.”
b346,,rep9/instances_s1/meta_run03_standard.json,2,K1,MUSE-HC-011,resolved,,L3,確定→確定(同じ範囲),確定→確定(同じ範囲),,human staff made inappropriate comments about race during calls. These calls were about trying to lower internet or cable fees.,“Human staff made inappropriate comments about race during calls. These calls were about trying to lower internet or cable fees.”
b346,,rep9/instances_s1/neg1_meta_b3prod_a2.json,1,K1,MUSE-HC-006,resolved,,L2,確定→確定(同じ範囲),確定→確定(同じ範囲),,"A call seemed to come from an AI agent. But as the conversation went on, the voice was not AI at all. It was a person.

Meta had run a test that caused exactly this surprise.","“A call seemed to come from an AI agent. But as the conversation went on, the voice was not AI at all. It was a person. Meta had run a test that caused exactly this surprise.”"
b346,,rep9/instances_s1/neg3_hormuz_prodrunner_b1b.json,1,K1,HF-009,resolved,,L0,確定→確定(同じ範囲),確定→確定(同じ範囲),,"The fee plan left the stage, but the events driving oil prices—and the prices themselves—quickly returned.","The fee plan left the stage, but the events driving oil prices—and the prices themselves—quickly returned."
b346,,rep9/instances_s1/safety_A2A3.json,1,K1,HF-003,resolved,,L1,確定→確定(同じ範囲),確定→確定(同じ範囲),,The idea was that those carrying the cargo would repay the money the United States spends to keep the strait safe.,“The idea was that those carrying the cargo would repay the money the United States spends to keep the strait safe.”
b346,,rep9/instances_s1/safety_A5.json,1,K1,MUSE-HC-012,resolved,,L0,確定→確定(同じ範囲),確定→確定(同じ範囲),,They also temporarily put back the feature in which humans handled the calls. They did not stop Muse itself.,They also temporarily put back the feature in which humans handled the calls. They did not stop Muse itself.
b346,,rep9/instances_s1/safety_er009_changed_actor.json,1,K1,,resolved,,L0,確定→確定(同じ範囲),確定→確定(同じ範囲),,"A team at Harvard Business School studied more than 13 million credit card payments in New York City taxis, and found that higher suggested tip rates led passengers to leave more money.","A team at Harvard Business School studied more than 13 million credit card payments in New York City taxis, and found that higher suggested tip rates led passengers to leave more money."
b346,,rep9/instances_s1/safety_er009_changed_number.json,1,K1,,resolved,,L0,確定→確定(同じ範囲),確定→確定(同じ範囲),,"Researchers studied more than 30 million credit card payments in New York City taxis, and found that higher suggested tip rates led passengers to leave more money.","Researchers studied more than 30 million credit card payments in New York City taxis, and found that higher suggested tip rates led passengers to leave more money."
b346,,rep9/instances_s1/safety_er009_changed_number.json,1,K3,F-002,resolved,,L0,確定→確定(同じ範囲),確定→確定(同じ範囲),,"Researchers studied more than 30 million credit card payments in New York City taxis, and found that higher suggested tip rates led passengers to leave more money.","Researchers studied more than 30 million credit card payments in New York City taxis, and found that higher suggested tip rates led passengers to leave more money."
b346,,rep9/instances_s1/safety_er009_unsupported_new_claim.json,1,K1,,resolved,,L0,確定→確定(同じ範囲),確定→確定(同じ範囲),,The same New York City taxi researchers also found that male passengers tipped twice as much as female passengers when shown a higher suggested rate.,The same New York City taxi researchers also found that male passengers tipped twice as much as female passengers when shown a higher suggested rate.
b346,U07,rep9/instances_s2/bgroup_B3.json,1,K1,HF-007,resolved,,L5_edge_punct,確定→確定(同じ範囲),確定→確定(同じ範囲),,"Concerns about US-Iran attacks, the sea blockade, and tanker safety continued on July 14, so the flashy 20% plan left the stage, but the chart only pulled back briefly before recovering","Concerns about US-Iran attacks, the sea blockade, and tanker safety continued on July 14, so the flashy 20% plan left the stage, but the chart only pulled back briefly before recovering."
b346,,rep9/instances_s2/hormuz_run03_standard.json,1,K1,HF-009,resolved,,L0,確定→確定(同じ範囲),確定→確定(同じ範囲),,Oil prices did not fall across the whole market after the plan was withdrawn.,Oil prices did not fall across the whole market after the plan was withdrawn.
b346,,rep9/instances_s2/meta_run03_standard.json,1,K1,MUSE-HC-010,resolved,,L3,確定→確定(同じ範囲),確定→確定(同じ範囲),,some calls needed user information to continue.,“Some calls needed user information to continue.”
b346,,rep9/instances_s2/meta_run03_standard.json,2,K1,MUSE-HC-011,resolved,,L3,確定→確定(同じ範囲),確定→確定(同じ範囲),,human staff made inappropriate comments about race during calls. These calls were about trying to lower internet or cable fees.,“Human staff made inappropriate comments about race during calls. These calls were about trying to lower internet or cable fees.”
b346,,rep9/instances_s2/neg3_hormuz_prodrunner_b1b.json,1,K1,HF-009,resolved,,L0,確定→確定(同じ範囲),確定→確定(同じ範囲),,"The fee plan left the stage, but the events driving oil prices—and the prices themselves—quickly returned.","The fee plan left the stage, but the events driving oil prices—and the prices themselves—quickly returned."
b346,,rep9/instances_s2/safety_er009_changed_actor.json,1,K1,,resolved,,L0,確定→確定(同じ範囲),確定→確定(同じ範囲),,"A team at Harvard Business School studied more than 13 million credit card payments in New York City taxis, and found that higher suggested tip rates led passengers to leave more money.","A team at Harvard Business School studied more than 13 million credit card payments in New York City taxis, and found that higher suggested tip rates led passengers to leave more money."
b346,,rep9/instances_s2/safety_er009_changed_number.json,1,K1,,resolved,,L0,確定→確定(同じ範囲),確定→確定(同じ範囲),,"Researchers studied more than 30 million credit card payments in New York City taxis, and found that higher suggested tip rates led passengers to leave more money.","Researchers studied more than 30 million credit card payments in New York City taxis, and found that higher suggested tip rates led passengers to leave more money."
b346,,rep9/instances_s2/safety_er009_changed_number.json,1,K3,F-002,resolved,,L0,確定→確定(同じ範囲),確定→確定(同じ範囲),,"Researchers studied more than 30 million credit card payments in New York City taxis, and found that higher suggested tip rates led passengers to leave more money.","Researchers studied more than 30 million credit card payments in New York City taxis, and found that higher suggested tip rates led passengers to leave more money."
b346,,rep9/instances_s2/safety_er009_unsupported_new_claim.json,1,K1,,resolved,,L0,確定→確定(同じ範囲),確定→確定(同じ範囲),,The same New York City taxi researchers also found that male passengers tipped twice as much as female passengers when shown a higher suggested rate.,The same New York City taxi researchers also found that male passengers tipped twice as much as female passengers when shown a higher suggested rate.
c_ctl,,bgroup_B4,1,primary,,resolved,,,確定→確定(同じ範囲),確定→確定(同じ範囲),,,A person can take over when AI alone has trouble.
c_ctl,,bgroup_B4,2,primary,,resolved,,,確定→確定(同じ範囲),確定→確定(同じ範囲),,,A person can take over when AI alone has trouble.
c_ctl,,bgroup_B4,2,primary,,resolved,,,確定→確定(同じ範囲),確定→確定(同じ範囲),,,"Names, plans, and private matters are easier to share when you know who is hearing them."
c_ctl,,bgroup_B4,3,primary,,resolved,,,確定→確定(同じ範囲),確定→確定(同じ範囲),,,“A person can take over when AI alone has trouble.”
c_ctl,,bgroup_B4,3,primary,,resolved,,,確定→確定(同じ範囲),確定→確定(同じ範囲),,,"“Names, plans, and private matters are easier to share when you know who is hearing them.”"
c_ctl,,bgroup_B4,3,enum,,resolved,,,確定→確定(同じ範囲),確定→確定(同じ範囲),,,People feel differently when they think they are speaking to a machine and when they know a person is listening.
c_ctl,,hormuz_run03_standard,1,primary,,resolved,,,確定→確定(同じ範囲),確定→確定(同じ範囲),,,Oil prices did not fall across the whole market after the plan was withdrawn.
c_ctl,,hormuz_run03_standard,1,enum,,resolved,,,確定→確定(同じ範囲),確定→確定(同じ範囲),,,"# The Fee Plan Leaves, But High Oil Prices Stay"
c_ctl,,hormuz_run03_standard,1,enum,,resolved,,,確定→確定(同じ範囲),確定→確定(同じ範囲),,,But they soon returned to a high level near their earlier level.
c_ctl,,hormuz_run03_standard,1,enum,,resolved,,,確定→確定(同じ範囲),確定→確定(同じ範囲),,,"Oil prices moved briefly, then returned to a high level."
c_ctl,,hormuz_run03_standard,1,enum,,resolved,,,確定→確定(同じ範囲),確定→確定(同じ範囲),,,"The fee plan vanished, but oil prices stayed high as tensions around the Strait of Hormuz continued."
c_ctl,,hormuz_run03_standard,2,primary,,resolved,,,確定→確定(同じ範囲),確定→確定(同じ範囲),,,Oil prices did not fall across the whole market after the plan was withdrawn.
c_ctl,,hormuz_run03_standard,2,enum,,resolved,,,確定→確定(同じ範囲),確定→確定(同じ範囲),,,"The Fee Plan Leaves, But High Oil Prices Stay"
c_ctl,,hormuz_run03_standard,2,enum,,resolved,,,確定→確定(同じ範囲),確定→確定(同じ範囲),,,But they soon returned to a high level near their earlier level.
c_ctl,,hormuz_run03_standard,2,enum,,resolved,,,確定→確定(同じ範囲),確定→確定(同じ範囲),,,"At the time of reporting, they were up about 2.6 percent, above 85 dollars a barrel."
c_ctl,,hormuz_run03_standard,2,enum,,resolved,,,確定→確定(同じ範囲),確定→確定(同じ範囲),,,"Oil prices moved briefly, then returned to a high level."
c_ctl,,hormuz_run03_standard,2,enum,,resolved,,,確定→確定(同じ範囲),確定→確定(同じ範囲),,,"The fee plan vanished, but oil prices stayed high as tensions around the Strait of Hormuz continued."
c_ctl,,hormuz_run03_standard,3,primary,,resolved,,,確定→確定(同じ範囲),確定→確定(同じ範囲),,,Oil prices did not fall across the whole market after the plan was withdrawn.
c_ctl,,hormuz_run03_standard,3,enum,,resolved,,,確定→確定(同じ範囲),確定→確定(同じ範囲),,,"The Fee Plan Leaves, But High Oil Prices Stay"
c_ctl,,hormuz_run03_standard,3,enum,,resolved,,,確定→確定(同じ範囲),確定→確定(同じ範囲),,,"Political statements changed greatly. Oil prices moved briefly, then returned to a high level."
c_ctl,,hormuz_run03_standard,3,enum,,resolved,,,確定→確定(同じ範囲),確定→確定(同じ範囲),,,"The fee plan vanished, but oil prices stayed high as tensions around the Strait of Hormuz continued."
c_ctl,,meta_run03_standard,1,primary,,resolved,,,確定→確定(同じ範囲),確定→確定(同じ範囲),,,"“They enjoyed AI’s convenience, but a human was on the other end. They did not realize it.”"
c_ctl,,meta_run03_standard,2,primary,,resolved,,,確定→確定(同じ範囲),確定→確定(同じ範囲),,,"“They enjoyed AI’s convenience, but a human was on the other end. They did not realize it.”"
c_ctl,,meta_run03_standard,2,enum,,resolved,,,確定→確定(同じ範囲),確定→確定(同じ範囲),,,The problem was not that humans made the calls. The problem was telling users who was speaking.
c_ctl,,meta_run03_standard,2,enum,,resolved,,,確定→確定(同じ範囲),確定→確定(同じ範囲),,,"Some calls through Meta’s AI assistant were actually handled by humans, but users were not properly told."
c_ctl,,meta_run03_standard,3,primary,,resolved,,,確定→確定(同じ範囲),確定→確定(同じ範囲),,,"They enjoyed AI’s convenience, but a human was on the other end. They did not realize it."
c_ctl,,meta_run03_standard,3,enum,,resolved,,,確定→確定(同じ範囲),確定→確定(同じ範囲),,,People asking Muse to call might think AI was calling.
c_ctl,,meta_run03_standard,3,enum,,resolved,,,確定→確定(同じ範囲),確定→確定(同じ範囲),,,"If no one explained this clearly, users could not know."
c_ctl,,meta_run03_standard,3,enum,,resolved,,,確定→確定(同じ範囲),確定→確定(同じ範囲),,,They could not tell if it was AI or a person.
c_ctl,,meta_run03_standard,3,enum,,resolved,,,確定→確定(同じ範囲),確定→確定(同じ範囲),,,"Some calls through Meta’s AI assistant were actually handled by humans, but users were not properly told."
c_ctl,,neg1_meta_b3prod_a2,2,primary,,resolved,,,確定→確定(同じ範囲),確定→確定(同じ範囲),,,"Ring, ring. A call seemed to come from an AI agent. But as the conversation went on, the voice was not AI at all. It was a person.

Meta had run a test that caused exactly this surprise."
c_ctl,,neg1_meta_b3prod_a2,2,primary,,resolved,,,確定→確定(同じ範囲),確定→確定(同じ範囲),,,"The test began without clearly telling users that contract workers would make the calls. A user might think the exchange was with AI, even though a person was involved."
c_ctl,,neg1_meta_b3prod_a2,2,enum,,resolved,,,確定→確定(同じ範囲),確定→確定(同じ範囲),,,We Thought It Was AI—But There Was a Person Inside Meta’s Muse
c_ctl,,neg1_meta_b3prod_a2,2,enum,,resolved,,,確定→確定(同じ範囲),確定→確定(同じ範囲),,,It was like someone took off an AI costume. Then a person stepped out.
c_ctl,,neg1_meta_b3prod_a2,2,enum,,resolved,,,確定→確定(同じ範囲),確定→確定(同じ範囲),,,### The hidden person behind the AI sign
c_ctl,,neg1_meta_b3prod_a2,2,enum,,resolved,,,確定→確定(同じ範囲),確定→確定(同じ範囲),,,A human stood behind the sign that said AI.
c_ctl,,neg1_meta_b3prod_a2,2,enum,,resolved,,,確定→確定(同じ範囲),確定→確定(同じ範囲),,,A Meta executive admitted the mistake. The test had begun without clearly telling users.
c_ctl,,neg1_meta_b3prod_a2,3,primary,,resolved,,,確定→確定(同じ範囲),確定→確定(同じ範囲),,,Meta had run a test that caused exactly this surprise.
c_ctl,,neg1_meta_b3prod_a2,3,enum,,resolved,,,確定→確定(同じ範囲),確定→確定(同じ範囲),,,# We Thought It Was AI—But There Was a Person Inside Meta’s Muse
c_ctl,,neg1_meta_b3prod_a2,3,enum,,resolved,,,確定→確定(同じ範囲),確定→確定(同じ範囲),,,"A call seemed to come from an AI agent. But as the conversation went on, the voice was not AI at all. It was a person."
c_ctl,,safety_A4,1,primary,,resolved,,,確定→確定(同じ範囲),確定→確定(同じ範囲),,,"Through Muse, trained human contract workers made some calls and completed the exchanges with users."
c_ctl,,safety_A4,1,primary,,resolved,,,確定→確定(同じ範囲),確定→確定(同じ範囲),,,So people who thought they were speaking with AI were actually speaking with human staff.
c_ctl,,safety_A4,1,primary,,resolved,,,確定→確定(同じ範囲),確定→確定(同じ範囲),,,One helper meant one more person handling private data.
c_ctl,,safety_A4,1,enum,,resolved,,,確定→確定(同じ範囲),確定→確定(同じ範囲),,,An AI called. That was what people thought as they spoke.
c_ctl,,safety_A4,1,enum,,resolved,,,確定→確定(同じ範囲),確定→確定(同じ範囲),,,the user’s sensitive information might be shared with contract workers at a call center.
c_ctl,,safety_A4,2,primary,,resolved,,,確定→確定(同じ範囲),確定→確定(同じ範囲),,,"Through Muse, trained human contract workers made some calls and completed the exchanges with users."
c_ctl,,safety_A4,2,primary,,resolved,,,確定→確定(同じ範囲),確定→確定(同じ範囲),,,So people who thought they were speaking with AI were actually speaking with human staff.
c_ctl,,safety_A4,2,primary,,resolved,,,確定→確定(同じ範囲),確定→確定(同じ範囲),,,One helper meant one more person handling private data.
c_ctl,,safety_A4,2,enum,,resolved,,,確定→確定(同じ範囲),確定→確定(同じ範囲),,,An AI called.
c_ctl,,safety_A4,2,enum,,resolved,,,確定→確定(同じ範囲),確定→確定(同じ範囲),,,That was what people thought as they spoke.
c_ctl,,safety_A4,2,enum,,resolved,,,確定→確定(同じ範囲),確定→確定(同じ範囲),,,But a human appeared from behind the scenes.
c_ctl,,safety_A4,2,enum,,resolved,,,確定→確定(同じ範囲),確定→確定(同じ範囲),,,The voice was not simply human-like; a human was really speaking.
c_ctl,,safety_A4,2,enum,,resolved,,,確定→確定(同じ範囲),確定→確定(同じ範囲),,,And people were not properly told.
c_ctl,,safety_A4,2,enum,,resolved,,,確定→確定(同じ範囲),確定→確定(同じ範囲),,,These workers did more than make the conversation smooth: the user’s sensitive information might be shared with contract workers at a call center.
c_ctl,,safety_A4,3,primary,,resolved,,,確定→確定(同じ範囲),確定→確定(同じ範囲),,,"Through Muse, trained human contract workers made some calls and completed the exchanges with users."
c_ctl,,safety_A4,3,primary,,resolved,,,確定→確定(同じ範囲),確定→確定(同じ範囲),,,One helper meant one more person handling private data.
c_ctl,,safety_A4,3,enum,,resolved,,,確定→確定(同じ範囲),確定→確定(同じ範囲),,,An AI called. That was what people thought as they spoke. But a human appeared from behind the scenes.
c_ctl,,safety_A4,3,enum,,resolved,,,確定→確定(同じ範囲),確定→確定(同じ範囲),,,So people who thought they were speaking with AI were actually speaking with human staff.
c_ctl,,safety_A4,3,enum,,resolved,,,確定→確定(同じ範囲),確定→確定(同じ範囲),,,These workers did more than make the conversation smooth: the user’s sensitive information might be shared with contract workers at a call center.
c_ctl,,safety_er009_changed_number,1,primary,,resolved,,,確定→確定(同じ範囲),確定→確定(同じ範囲),,,Researchers studied more than 30 million credit card payments in New York City taxis
c_ctl,,safety_er009_changed_number,2,primary,,resolved,,,確定→確定(同じ範囲),確定→確定(同じ範囲),,,"Researchers studied more than 30 million credit card payments in New York City taxis, and found that higher suggested tip rates led passengers to leave more money."
c_ctl,,safety_er009_changed_number,3,primary,,resolved,,,確定→確定(同じ範囲),確定→確定(同じ範囲),,,Researchers studied more than 30 million credit card payments in New York City taxis
d_nonblocking,,iter5/instances_s1/hormuz_run01_advanced.json,2,K1,,unverified,mismatch,,unverified,,p_fragment_not_in_article,,"“The price movement seemed to show that people were watching not only whether there was a fee plan, but also the danger of the strait itself.”"
d_nonblocking,,iter5/instances_s2/safety_A4.json,3,K1,,unverified,explanatory_mixed,,unverified,,p_remainder_verbatim_in_article,,The human backup plan; “But that backup plan changed the meaning of the call.”
d_nonblocking,,iter6/instances_s1/safety_A4.json,3,K1,,unverified,explanatory_mixed,,resolved,,,human backup plan || Keeping a human in reserve seemed safer than leaving everything to AI,“Keeping a human in reserve seemed safer than leaving everything to AI” and the description of this as a “human backup plan.”
d_nonblocking,,rep7/instances_s1/neg1_meta_b3prod_a2.json,2,K1,,unverified,explanatory_mixed,,resolved,,,We Thought It Was AI—But There Was a Person Inside Meta’s Muse || Meta had run a test that caused exactly this surprise.,"Headline: “We Thought It Was AI—But There Was a Person Inside Meta’s Muse”; also, “Meta had run a test that caused exactly this surprise.”"
d_nonblocking,,rep9/instances_s1/meta_run03_standard.json,2,K1,,unverified,explanatory_mixed,,resolved,,,They did not realize it,“They did not realize it” (in the passage stating that users could not know whether the caller was AI or a person).
d_nonblocking,,rep9/instances_s2/meta_run03_standard.json,2,K1,,unverified,explanatory_mixed,,resolved,,,They did not realize it.,“They did not realize it.” (referring to users who asked Muse to make calls)
d_dropped_loc,,rep20/instances_s1/meta_run03_standard.json,2,K1-loc,,unverified,explanatory_mixed,,unverified,,explanatory_mixed,,"Paragraph beginning “Also, some calls needed user information…”"
d_dropped_loc,,rep20/instances_s2/meta_run03_standard.json,2,K1-loc,,unverified,explanatory_mixed,,resolved,,,People asking Muse to call,Paragraph beginning “People asking Muse to call”
d_dropped_loc,,rep21/instances_s1/meta_run03_standard.json,2,K1-loc,,unverified,mismatch,,unverified,,mismatch,,Paragraph 7
d_dropped_loc,,rep21/instances_s1/meta_run03_standard.json,3,K1-loc,,resolved,,,resolved,,,That information might accidentally be shared with contract workers at a call center.,“That information might accidentally be shared with contract workers at a call center.”
d_dropped_loc,,iter7/instances_s1/safety_A2A3.json,3,K1-loc,,resolved,,,resolved,,,市場が見ていたのは、料金の有無だけではなかったからです。,市場が見ていたのは、料金の有無だけではなかったからです。
d_dropped_loc,,rep20/instances_s1/meta_run03_standard.json,2,K1-loc,,unverified,explanatory_mixed,,unverified,,explanatory_mixed,,Paragraph beginning “People asking Muse to call…”
d_dropped_loc,,rep20/instances_s1/meta_run03_standard.json,2,K1-loc,,unverified,label_only,,unverified,,label_only,,“In one line”
d_dropped_loc,,rep20/instances_s1/meta_run03_standard.json,3,K1-loc,,unverified,explanatory_mixed,,resolved,,,"They enjoyed AI’s convenience, but a human was on the other end. They did not realize it.","Paragraph 5: “They enjoyed AI’s convenience, but a human was on the other end. They did not realize it.”"
d_dropped_loc,,rep20/instances_s1/meta_run03_standard.json,3,K1-loc,,unverified,label_only,,unverified,,label_only,,“In one line”: “users were not properly told”
d_dropped_loc,,rep21/instances_s1/meta_run03_standard.json,2,K1-loc,,unverified,mismatch,,unverified,,mismatch,,Paragraph 5
d_dropped_loc,,rep21/instances_s1/meta_run03_standard.json,3,K1-loc,,unverified,label_only,,unverified,,label_only,,“In one line”: “users were not properly told.”
d_dropped_loc,,rep21/instances_s2/meta_run03_standard.json,2,K1-loc,,unverified,explanatory_mixed,,resolved,,,"They enjoyed AI’s convenience, but a human was on the other end. They did not realize it.","Paragraph 5: “They enjoyed AI’s convenience, but a human was on the other end. They did not realize it.”"
d_dropped_loc,,rep21/instances_s2/meta_run03_standard.json,2,K1-loc,,unverified,explanatory_mixed,,resolved,,,A Meta executive admitted the test began without a clear explanation.,Paragraph 8: “A Meta executive admitted the test began without a clear explanation.”
d_dropped_loc,,rep21/instances_s2/meta_run03_standard.json,2,K1-loc,,unverified,explanatory_mixed,,resolved,,,users were not properly told.,In one line: “users were not properly told.”
