run,dir,instance,cycle,k,kind,phase,origin,fact,materiality,cat,level,sub,n_sent,lang,a4,cause,undet,relation,rr_method,rr_ladder,rr_guard_ok,hint_rescue,final_state,stage4_reason,claim
iter5/instances_s1/bgroup_B1.json,iter5,bgroup_B1,1,0,K1,stage1,,HF-009,QUALITY,UNDET,,,,,,,no_text,,,,,,RESOLVED_STAGE2_DOWNGRADE,,「市場が見ているのは『言葉』より海の安全」「投資家が気にしているのは、20％の料金案が残るかどうかだけではない」とし、海上の危険がBrent価格の反発を説明するかのように述べている。
iter5/instances_s1/bgroup_B1.json,iter5,bgroup_B1,1,1,K1,stage1,,HF-009,ACCEPTABLE,UNDET,,,,,,,no_text,,,,,,RESOLVED_STAGE2_DOWNGRADE,,「原油価格が高い状態が続けば、ガソリンや輸送費など、私たちの身近な価格にも影響する。」
iter5/instances_s1/bgroup_B2_hormuz.json,iter5,bgroup_B2_hormuz,1,0,K1,stage1,ja_source,HF-011,QUALITY,UNDET,,,,,,,no_text,,,,,,RESOLVED_STAGE2_DOWNGRADE,,"The disappearance of the fee plan did not lead to a large, lasting fall in prices."
iter5/instances_s1/bgroup_B3.json,iter5,bgroup_B3,1,0,K1,stage1,,HF-007,BLOCKING,A1,L0,part,1,EN,,,,same(同じ),e2_paragraph_rewrite(rewrite_hint_quote),,True,,RESOLVED_REWRITE,,"Concerns about US-Iran attacks, the sea blockade, and tanker safety continued on July 14, so the flashy 20% plan left the stage"
iter5/instances_s1/bgroup_B3.json,iter5,bgroup_B3,1,1,K3,stage1,,HF-009,BLOCKING,,,,,,,,,,,,,,RESOLVED_REWRITE,,"percent values found in article not matching any ledger fact: [2.0, 3.0]"
iter5/instances_s1/bgroup_B3.json,iter5,bgroup_B3,1,2,K3,stage1,,HF-011,BLOCKING,,,,,,,,,,,,,,RESOLVED_REWRITE,,"percent values found in article not matching any ledger fact: [2.0, 3.0]"
iter5/instances_s1/bgroup_B4.json,iter5,bgroup_B4,1,0,K1,stage1,translation,MUSE-HC-006,QUALITY,A1,L1,whole,1,EN,,,,,,,,,STAGE4_ESCALATION,cycle_limit_exhausted,“Meta had run a test that produced exactly this kind of surprise.”
iter5/instances_s1/bgroup_B4.json,iter5,bgroup_B4,1,1,K1,stage1,ja_source,MUSE-HC-002,BLOCKING,A1,L1,whole,1,EN,,,,same(同じ),j1_paired_rewrite_paragraph,,True,,STAGE4_ESCALATION,cycle_limit_exhausted,“A person can take over when AI alone has trouble.”
iter5/instances_s1/bgroup_B4.json,iter5,bgroup_B4,1,2,K1,stage1,ja_source,MUSE-HC-010,QUALITY,A2,L1,,2,EN,,,,,,,,,STAGE4_ESCALATION,cycle_limit_exhausted,"“People feel differently when they think they are speaking to a machine and when they know a person is listening. Names, plans, and private matters are easier to share when you know who is hearing them.”"
iter5/instances_s1/bgroup_B4.json,iter5,bgroup_B4,1,3,K1,stage1,ja_source,MUSE-HC-004,QUALITY,A1,L1,whole,1,EN,,,,,,,,,STAGE4_ESCALATION,cycle_limit_exhausted,"“As AI makes calls and reservations, useful features make people want to know whether AI or a person is on the other end.”"
iter5/instances_s1/bgroup_B4.json,iter5,bgroup_B4,2,0,K1,recheck,ja_source,MUSE-HC-012,BLOCKING,A4,,,,,explanatory,L4条件を満たさない説明文混在(断片2つ以上+説明文),,new_unresolved(新で確定不能),j1_failed+ja_fulltext_fallback+en_local_edit,,True,True,STAGE4_ESCALATION,cycle_limit_exhausted,"“A call came from an AI agent. That was what it seemed. But while the conversation continued, the voice on the other end was not AI. It was a person.” Meta’s test “produced exactly this kind of surprise.”"
iter5/instances_s1/bgroup_B4.json,iter5,bgroup_B4,2,1,K1,recheck,ja_source,MUSE-HC-010,QUALITY,A2,L1,,2,EN,,,,,,,,,STAGE4_ESCALATION,cycle_limit_exhausted,"“People feel differently when they think they are speaking to a machine and when they know a person is listening. Names, plans, and private matters are easier to share when you know who is hearing them.”"
iter5/instances_s1/bgroup_B4.json,iter5,bgroup_B4,2,2,K1,recheck,ja_source,MUSE-HC-004,QUALITY,A1,L1,whole,1,EN,,,,,,,,,STAGE4_ESCALATION,cycle_limit_exhausted,"“As AI makes calls and reservations, useful features make people want to know whether AI or a person is on the other end.”"
iter5/instances_s1/bgroup_B4.json,iter5,bgroup_B4,3,0,K1,recheck,translation,MUSE-HC-012,BLOCKING,A3,L4,,,EN,,,,rewrite_not_executed,,,,,STAGE4_ESCALATION,cycle_limit_exhausted,“I Thought It Was an AI Call—But There Was a Person Inside?” and “Meta had run a test that produced exactly this kind of surprise.”
iter5/instances_s1/bgroup_B4.json,iter5,bgroup_B4,3,1,K1,recheck,ja_source,MUSE-HC-010,QUALITY,A1,L1,whole,1,EN,,,,,,,,,STAGE4_ESCALATION,cycle_limit_exhausted,“People feel differently when they think they are speaking to a machine and when they know a person is listening.”
iter5/instances_s1/bgroup_B4.json,iter5,bgroup_B4,3,2,K1,recheck,translation,MUSE-HC-010,QUALITY,A1,L1,whole,1,EN,,,,,,,,,STAGE4_ESCALATION,cycle_limit_exhausted,"“Names, plans, and private matters are easier to share when you know who is hearing them.”"
iter5/instances_s1/bgroup_B4.json,iter5,bgroup_B4,3,3,K1,recheck,translation,MUSE-HC-012,ACCEPTABLE,A1,L1,whole,1,EN,,,,,,,,,STAGE4_ESCALATION,cycle_limit_exhausted,“The test began without explaining that contract staff might call.”
iter5/instances_s1/hormuz_run01_advanced.json,iter5,hormuz_run01_advanced,1,0,K1,stage1,translation,HF-009,BLOCKING,A1,L1,part,1,EN,,,,current_wider(現行が拡大: 現行⊃新),e2_paragraph_rewrite(sequence_matcher(ratio=0.93)),,True,,RESOLVED_REWRITE_THEN_DOWNGRADE,,"“Trump withdrew the proposed Strait of Hormuz fee, but oil prices stayed high because shipping risks remained.”"
iter5/instances_s1/hormuz_run01_advanced.json,iter5,hormuz_run01_advanced,1,1,K1,stage1,ja_source,,ACCEPTABLE,A1,L1,part,1,EN,,,,,,,,,RESOLVED_REWRITE_THEN_DOWNGRADE,,“oil prices are linked to gasoline prices and transportation costs.”
iter5/instances_s1/hormuz_run01_advanced.json,iter5,hormuz_run01_advanced,2,0,K1,recheck,ja_source,HF-009,QUALITY,A4,,,,,mismatch,言い換え・要約(類似文あり、診断のみ),,,,,,,RESOLVED_REWRITE_THEN_DOWNGRADE,,"“The price movement seemed to show that people were watching not only whether there was a fee plan, but also the danger of the strait itself.”"
iter5/instances_s1/hormuz_run01_advanced.json,iter5,hormuz_run01_advanced,2,1,K1,recheck,ja_source,,ACCEPTABLE,A1,L3,part,1,EN,,,,,,,,,RESOLVED_REWRITE_THEN_DOWNGRADE,,“Oil prices are linked to gasoline prices and transportation costs.”
iter5/instances_s1/hormuz_run02_advanced.json,iter5,hormuz_run02_advanced,1,0,K1,stage1,,"HF-002, HF-003",QUALITY,UNDET,,,,,,,no_text,,,,,,RESOLVED_STAGE2_DOWNGRADE,,“It looked like a very large fee would appear every time a ship passed through the strait.”
iter5/instances_s1/hormuz_run03_advanced.json,iter5,hormuz_run03_advanced,1,0,K1,stage1,,HF-009,BLOCKING,A1,L0,whole,1,EN,,,,same(同じ),e2_paragraph_rewrite(exact_substring),,True,,RESOLVED_REWRITE,,"At the same time, attacks by the United States and Iran, a sea blockade, and concerns about tanker safety continued."
iter5/instances_s1/hormuz_run03_advanced.json,iter5,hormuz_run03_advanced,1,1,K1,stage1,,HF-009,BLOCKING,A1,L0,whole,1,EN,,,,current_narrower_within_one_sentence(現行⊂新、新は1文以内: 語句・句に絞った対象),e2_paragraph_rewrite(rewrite_hint_quote),,True,,RESOLVED_REWRITE,,What we can see here is that oil prices did not fall across the board immediately after the plan was withdrawn.
iter5/instances_s1/hormuz_run03_standard.json,iter5,hormuz_run03_standard,1,0,K1,stage1,ja_source,HF-009,BLOCKING,A1,L0,whole,1,EN,,,,same(同じ),j1_paired_rewrite_paragraph,,True,,RESOLVED_REWRITE_THEN_DOWNGRADE,,Oil prices did not fall across the whole market after the plan was withdrawn.
iter5/instances_s1/meta_run03_advanced.json,iter5,meta_run03_advanced,1,0,K1,stage1,ja_source,MUSE-HC-012,BLOCKING,A1,L1,whole,1,EN,,,,same(同じ),j1_paired_rewrite_paragraph,,True,,RESOLVED_REWRITE,,"“They were enjoying the convenience of AI, only to find a human on the other end of the call without realizing it.”"
iter5/instances_s1/meta_run03_standard.json,iter5,meta_run03_standard,1,0,K1,stage1,translation,MUSE-HC-010,BLOCKING,A1,L3,part,1,EN,,,,current_wider(現行が拡大: 現行⊃新),e2_paragraph_rewrite(rewrite_hint_quote),,True,,RESOLVED_REWRITE,,“Some calls needed user information to continue.”
iter5/instances_s1/meta_run03_standard.json,iter5,meta_run03_standard,1,1,K1,stage1,ja_source,MUSE-HC-012,BLOCKING,A1,L1,whole,1,EN,,,,current_wider(現行が拡大: 現行⊃新),j1_paired_rewrite_paragraph,,True,,RESOLVED_REWRITE,,“They did not realize it.”
iter5/instances_s1/meta_run03_standard.json,iter5,meta_run03_standard,2,0,K1,recheck,translation,MUSE-HC-011,BLOCKING,A2,L1,,2,EN,,,,current_narrower_drops_sentence(現行⊂新、新が2文以上/複数箇所: 一部の文のみ対象),e2_paragraph_rewrite(rewrite_hint_quote),,True,,RESOLVED_REWRITE,,“It said human staff made inappropriate comments about race during calls. These calls were about trying to lower internet or cable fees.”
iter5/instances_s1/neg1_meta_b3prod_a2.json,iter5,neg1_meta_b3prod_a2,1,0,K1,stage1,translation,MUSE-HC-006,BLOCKING,A2,L2,,4,EN,,,,current_narrower_drops_sentence(現行⊂新、新が2文以上/複数箇所: 一部の文のみ対象),e2_paragraph_rewrite(rewrite_hint_quote),,True,,RESOLVED_REWRITE_THEN_DOWNGRADE,,"“A call seemed to come from an AI agent. But as the conversation went on, the voice was not AI at all. It was a person. Meta had run a test that caused exactly this surprise.”"
iter5/instances_s1/neg1_meta_b3prod_a2.json,iter5,neg1_meta_b3prod_a2,2,0,K1,recheck,translation,MUSE-HC-006,QUALITY,A1,L0,whole,1,EN,,,,,,,,,RESOLVED_REWRITE_THEN_DOWNGRADE,,Meta had run a test that caused exactly this surprise.
iter5/instances_s1/neg1_meta_b3prod_a2.json,iter5,neg1_meta_b3prod_a2,2,1,K1,recheck,ja_source,MUSE-HC-006,QUALITY,A1,L0,whole,1,EN,,,,,,,,,RESOLVED_REWRITE_THEN_DOWNGRADE,,A human can handle situations that AI alone finds difficult.
iter5/instances_s1/neg2_meta_refresh_a2.json,iter5,neg2_meta_refresh_a2,1,0,K1,stage1,translation,MUSE-HC-012,BLOCKING,A2,L1,,2,EN,,,,same(同じ),e2_paragraph_rewrite(rewrite_hint_quote),,True,,STAGE4_ESCALATION,unconfirmed_after_reverify,“They enjoyed the ease of AI. But they did not know that a human was on the other end.”
iter5/instances_s1/neg3_hormuz_prodrunner_b1b.json,iter5,neg3_hormuz_prodrunner_b1b,1,0,K1,stage1,translation,HF-009,BLOCKING,A1,L0,whole,1,EN,,,,same(同じ),e2_paragraph_rewrite(rewrite_hint_quote),,True,,STAGE4_ESCALATION,unconfirmed_after_reverify,"The fee plan left the stage, but the events driving oil prices—and the prices themselves—quickly returned."
iter5/instances_s1/neg4_smallbag_div_a2.json,iter5,neg4_smallbag_div_a2,1,0,K1,stage1,,"F004, F006",QUALITY,A1,L0,whole,1,EN,,,,,,,,,RESOLVED_REWRITE,,"Palm-sized clutches, small pouches, and eye-catching minaudières fill runways and fashion reports."
iter5/instances_s1/neg4_smallbag_div_a2.json,iter5,neg4_smallbag_div_a2,1,1,K1,stage1,,F007,QUALITY,A1,L0,whole,1,EN,,,,,,,,,RESOLVED_REWRITE,,"They mostly hold the basics: a phone, wallet, keys, and lip products."
iter5/instances_s1/neg4_smallbag_div_a2.json,iter5,neg4_smallbag_div_a2,1,2,K1,stage1,,"F003, F004",BLOCKING,A2,L0,,2,EN,,,,same(同じ),e2_paragraph_rewrite(exact_substring),,True,,RESOLVED_REWRITE,,"Even so, trends now look different. Bags no longer play a game with only one size on the throne."
iter5/instances_s1/neg5_hormuz_div_a2.json,iter5,neg5_hormuz_div_a2,1,0,K1,stage1,translation,HF-007,ACCEPTABLE,UNDET,,,,,,,no_text,,,,,,RESOLVED_STAGE2_DOWNGRADE,,"“Concerns about US-Iran attacks, the sea blockade, and tanker safety continued on July 14. So the flashy 20% plan left the stage.”"
iter5/instances_s1/neg6_smallbag_div_b1b.json,iter5,neg6_smallbag_div_b1b,1,0,K1,stage1,,"F006, F004",QUALITY,A3,L4,,,EN,,,,,,,,,RESOLVED_REWRITE,,“Mini bags are having a big moment” and “are all over runways and fashion reports.”
iter5/instances_s1/neg6_smallbag_div_b1b.json,iter5,neg6_smallbag_div_b1b,1,1,K1,stage1,,F007,QUALITY,A1,L1,whole,1,EN,,,,,,,,,RESOLVED_REWRITE,,"“They mainly hold the basics: a phone, wallet, keys, and lip products.”"
iter5/instances_s1/neg6_smallbag_div_b1b.json,iter5,neg6_smallbag_div_b1b,1,2,K1,stage1,,"F003, F001, F002, F004",BLOCKING,A2,L3,,2,EN,,,,current_narrower_drops_sentence(現行⊂新、新が2文以上/複数箇所: 一部の文のみ対象),e2_paragraph_rewrite(sequence_matcher(ratio=0.8)),,True,,RESOLVED_REWRITE,,“The way trends look has changed. Bags are no longer in a game where one size alone sits on the throne.”
iter5/instances_s1/neg7_meta_prodrunner_b1b.json,iter5,neg7_meta_prodrunner_b1b,1,0,K1,stage1,,MUSE-HC-004,ACCEPTABLE,UNDET,,,,,,,no_text,,,,,,RESOLVED_STAGE2_DOWNGRADE,,"Meta’s AI agent, Muse, really does have phone features like these."
iter5/instances_s1/neg7_meta_prodrunner_b1b.json,iter5,neg7_meta_prodrunner_b1b,1,1,K1,stage1,,MUSE-HC-012,ACCEPTABLE,UNDET,,,,,,,no_text,,,,,,RESOLVED_STAGE2_DOWNGRADE,,It was that testing began without clearly telling users about it.
iter5/instances_s1/neg7_meta_prodrunner_b1b.json,iter5,neg7_meta_prodrunner_b1b,1,2,K1,stage1,,MUSE-HC-010,QUALITY,UNDET,,,,,,,no_text,,,,,,RESOLVED_STAGE2_DOWNGRADE,,Users could not know who was really doing the work they had asked AI to do.
iter5/instances_s1/neg7_meta_prodrunner_b1b.json,iter5,neg7_meta_prodrunner_b1b,1,3,K1,stage1,,MUSE-HC-010,QUALITY,UNDET,,,,,,,no_text,,,,,,RESOLVED_STAGE2_DOWNGRADE,,Their personal information might reach that person.
iter5/instances_s1/safety_A2A3.json,iter5,safety_A2A3,1,0,K1,stage1,ja_source,HF-003,BLOCKING,A1,L1,whole,1,EN,,,,same(同じ),j1_failed+ja_fulltext_fallback+en_local_edit,,True,,RESOLVED_REWRITE_THEN_DOWNGRADE,,“The idea was that those carrying the cargo would repay the money the United States spends to keep the strait safe.”
iter5/instances_s1/safety_A2A3.json,iter5,safety_A2A3,1,1,K1,stage1,ja_source,HF-006,ACCEPTABLE,A1,L1,part,1,EN,,,,,,,,,RESOLVED_REWRITE_THEN_DOWNGRADE,,“with its distant danger reaching gasoline prices and the cost of moving goods through crude oil.”
iter5/instances_s1/safety_A2A3.json,iter5,safety_A2A3,2,0,K1,recheck,ja_source,HF-006,QUALITY,A1,L1,part,1,EN,,,,,,,,,RESOLVED_REWRITE_THEN_DOWNGRADE,,“with its distant danger reaching gasoline prices and the cost of moving goods through crude oil.”
iter5/instances_s1/safety_A4.json,iter5,safety_A4,1,0,K1,stage1,translation,MUSE-HC-006,BLOCKING,A1,L1,whole,1,EN,,,,current_wider(現行が拡大: 現行⊃新),e2_generic_rewrite(sequence_matcher(ratio=0.87)),,True,,RESOLVED_REWRITE_THEN_DOWNGRADE,,"“Through Muse, trained human contract workers made some calls and completed the exchanges with users.”"
iter5/instances_s1/safety_A4.json,iter5,safety_A4,1,1,K1,stage1,ja_source,MUSE-HC-012,BLOCKING,A4,,,,,explanatory,L4条件を満たさない説明文混在(断片2つ以上+説明文),,new_unresolved(新で確定不能),j1_paired_rewrite_paragraph,,True,True,RESOLVED_REWRITE_THEN_DOWNGRADE,,“people who thought they were speaking with AI were actually speaking with human staff”および冒頭の「That was what people thought as they spoke.」
iter5/instances_s1/safety_A4.json,iter5,safety_A4,1,2,K1,stage1,ja_source,MUSE-HC-010,QUALITY,A1,L1,whole,1,EN,,,,,,,,,RESOLVED_REWRITE_THEN_DOWNGRADE,,“One helper meant one more person handling private data.”
iter5/instances_s1/safety_A4.json,iter5,safety_A4,2,0,K1,recheck,ja_source,MUSE-HC-012,BLOCKING,A2,L1,,2,EN,,,,same(同じ),j1_failed+ja_fulltext_fallback+en_local_edit,,True,,RESOLVED_REWRITE_THEN_DOWNGRADE,,“An AI called. That was what people thought as they spoke.”
iter5/instances_s1/safety_A4.json,iter5,safety_A4,2,1,K1,recheck,translation,MUSE-HC-006,BLOCKING,A2,L1,,2,EN,,,,same(同じ),e2_paragraph_rewrite(rewrite_hint_quote),,True,,RESOLVED_REWRITE_THEN_DOWNGRADE,,"“The idea was practical: when AI struggled, a person could help. Keeping a human in reserve seemed safer than leaving everything to AI.”"
iter5/instances_s1/safety_A4.json,iter5,safety_A4,2,2,K1,recheck,ja_source,MUSE-HC-010,BLOCKING,A1,L1,whole,1,EN,,,,current_wider(現行が拡大: 現行⊃新),j1_paired_rewrite_paragraph,,True,,RESOLVED_REWRITE_THEN_DOWNGRADE,,“One helper meant one more person handling private data.”
iter5/instances_s1/safety_A4.json,iter5,safety_A4,3,0,K1,recheck,translation,MUSE-HC-006,QUALITY,A1,L1,whole,1,EN,,,,,,,,,RESOLVED_REWRITE_THEN_DOWNGRADE,,“But that backup plan changed the meaning of the call.”
iter5/instances_s1/safety_A4.json,iter5,safety_A4,3,1,K1,recheck,ja_source,MUSE-HC-006,QUALITY,A1,L1,part,1,EN,,,,,,,,,RESOLVED_REWRITE_THEN_DOWNGRADE,,“These workers did more than make the conversation smooth”
iter5/instances_s1/safety_A5.json,iter5,safety_A5,1,0,K1,stage1,translation,MUSE-HC-012,BLOCKING,A2,L0,,2,EN,,,,same(同じ),e2_paragraph_rewrite(exact_substring),,True,,RESOLVED_REWRITE,,They also temporarily put back the feature in which humans handled the calls. They did not stop Muse itself.
iter5/instances_s1/safety_er009_changed_actor.json,iter5,safety_er009_changed_actor,1,0,K1,stage1,,,BLOCKING,A1,L0,whole,1,EN,,,,current_narrower_within_one_sentence(現行⊂新、新は1文以内: 語句・句に絞った対象),e2_paragraph_rewrite(rewrite_hint_quote),,True,,RESOLVED_REWRITE,,"A team at Harvard Business School studied more than 13 million credit card payments in New York City taxis, and found that higher suggested tip rates led passengers to leave more money."
iter5/instances_s1/safety_er009_changed_causality.json,iter5,safety_er009_changed_causality,1,0,K1,stage1,,,BLOCKING,A1,L0,whole,1,EN,,,,current_narrower_within_one_sentence(現行⊂新、新は1文以内: 語句・句に絞った対象),e2_paragraph_rewrite(rewrite_hint_quote),,True,,RESOLVED_REWRITE,,The rise in US restaurant tipping from about 10-15 percent in the early 1970s to about 20 percent by the late 1990s was directly caused by the introduction of digital tip screens.
iter5/instances_s1/safety_er009_changed_certainty.json,iter5,safety_er009_changed_certainty,1,0,K1,stage1,,,BLOCKING,A1,L0,whole,1,EN,,,,same(同じ),e2_paragraph_rewrite(rewrite_hint_quote),,True,,RESOLVED_REWRITE,,It is now proven beyond doubt that suggested tip screens cause guilt tipping in every customer who sees one.
iter5/instances_s1/safety_er009_changed_comparison.json,iter5,safety_er009_changed_comparison,1,0,K1,stage1,,,BLOCKING,A1,L0,whole,1,EN,,,,current_narrower_within_one_sentence(現行⊂新、新は1文以内: 語句・句に絞った対象),e2_paragraph_rewrite(rewrite_hint_quote),,True,,RESOLVED_REWRITE,,"Passengers who saw LOWER suggested tip rates left more money than those who saw higher suggested rates, according to the New York City taxi study."
iter5/instances_s1/safety_er009_changed_negation.json,iter5,safety_er009_changed_negation,1,0,K1,stage1,,,BLOCKING,A1,L0,whole,1,EN,,,,current_narrower_within_one_sentence(現行⊂新、新は1文以内: 語句・句に絞った対象),e2_paragraph_rewrite(rewrite_hint_quote),,True,,RESOLVED_REWRITE,,The taxi study found that passengers who saw higher suggested tip rates did NOT leave more money; the suggested rate had no effect on the final tip.
iter5/instances_s1/safety_er009_changed_number.json,iter5,safety_er009_changed_number,1,0,K1,stage1,,,BLOCKING,A1,L0,whole,1,EN,,,,current_narrower_within_one_sentence(現行⊂新、新は1文以内: 語句・句に絞った対象),e2_paragraph_rewrite(rewrite_hint_quote),,True,,RESOLVED_REWRITE,,"Researchers studied more than 30 million credit card payments in New York City taxis, and found that higher suggested tip rates led passengers to leave more money."
iter5/instances_s1/safety_er009_changed_number.json,iter5,safety_er009_changed_number,1,1,K3,stage1,,F-002,BLOCKING,,,,,,,,,,,,,,RESOLVED_REWRITE,,count values found in article not matching any ledger fact: [30000000.0]
iter5/instances_s1/safety_er009_changed_scope.json,iter5,safety_er009_changed_scope,1,0,K1,stage1,,,BLOCKING,A1,L0,whole,1,EN,,,,current_narrower_within_one_sentence(現行⊂新、新は1文以内: 語句・句に絞った対象),e2_paragraph_rewrite(rewrite_hint_quote),,True,,RESOLVED_REWRITE,,"The taxi study's results have now been directly confirmed in restaurants nationwide: higher suggested tip rates on restaurant screens cause customers to leave more money, just as they did in the New York City taxi data."
iter5/instances_s1/safety_er009_changed_time.json,iter5,safety_er009_changed_time,1,0,K1,stage1,,,BLOCKING,A1,L0,whole,1,EN,,,,same(同じ),e2_paragraph_rewrite(rewrite_hint_quote),,True,,RESOLVED_REWRITE_THEN_DOWNGRADE,,"In 2019, researchers published a study in the American Economic Journal: Applied Economics showing that higher suggested tip rates led New York City taxi passengers to leave more money."
iter5/instances_s1/safety_er009_changed_time.json,iter5,safety_er009_changed_time,2,0,K1,recheck,,F-004,ACCEPTABLE,A1,L0,whole,1,EN,,,,,,,,,RESOLVED_REWRITE_THEN_DOWNGRADE,,"In 2014, researchers published a study in the American Economic Journal: Applied Economics showing that higher suggested tip rates led New York City taxi passengers to leave more money."
iter5/instances_s1/safety_er009_unsupported_new_claim.json,iter5,safety_er009_unsupported_new_claim,1,0,K1,stage1,,,BLOCKING,A1,L0,whole,1,EN,,,,current_narrower_within_one_sentence(現行⊂新、新は1文以内: 語句・句に絞った対象),e2_paragraph_rewrite(rewrite_hint_quote),,True,,RESOLVED_REWRITE,,The same New York City taxi researchers also found that male passengers tipped twice as much as female passengers when shown a higher suggested rate.
iter5/instances_s2/bgroup_B1.json,iter5,bgroup_B1,1,0,K1,stage1,,HF-009,QUALITY,UNDET,,,,,,,no_text,,,,,,RESOLVED_STAGE2_DOWNGRADE,,「市場が見ているのは『言葉』より海の安全」「投資家が気にしているのは、20％の料金案が残るかどうかだけではない」とし、海上の危険がBrent価格の反発を説明するかのように述べている。
iter5/instances_s2/bgroup_B1.json,iter5,bgroup_B1,1,1,K1,stage1,,HF-009,ACCEPTABLE,UNDET,,,,,,,no_text,,,,,,RESOLVED_STAGE2_DOWNGRADE,,「原油価格が高い状態が続けば、ガソリンや輸送費など、私たちの身近な価格にも影響する。」
iter5/instances_s2/bgroup_B2_hormuz.json,iter5,bgroup_B2_hormuz,1,0,K1,stage1,,"HF-002, HF-003",QUALITY,A1,L1,whole,1,EN,,,,,,,,,RESOLVED_REWRITE,,“It looked like a very large fee would appear every time a ship passed through the strait.”
iter5/instances_s2/bgroup_B2_hormuz.json,iter5,bgroup_B2_hormuz,1,1,K1,stage1,,"HF-002, HF-007",BLOCKING,A4,,,,,mismatch,その他(類似文なし),,new_unresolved(新で確定不能),e2_paragraph_rewrite(sequence_matcher(ratio=0.51)),,True,False,RESOLVED_REWRITE,,“Trump’s proposed Hormuz fee vanished overnight.”
iter5/instances_s2/bgroup_B3.json,iter5,bgroup_B3,1,0,K1,stage1,,"HF-007, HF-011",BLOCKING,A4,,,,,mismatch,言い換え・要約(類似文あり、診断のみ),,new_unresolved(新で確定不能),e2_generic_rewrite(sequence_matcher(ratio=0.62)),,True,False,RESOLVED_REWRITE,,"Concerns about US-Iran attacks, the sea blockade, and tanker safety continued on July 14, so the flashy 20% plan left the stage."
iter5/instances_s2/bgroup_B3.json,iter5,bgroup_B3,1,1,K3,stage1,,HF-009,BLOCKING,,,,,,,,,,,,,,RESOLVED_REWRITE,,"percent values found in article not matching any ledger fact: [2.0, 3.0]"
iter5/instances_s2/bgroup_B3.json,iter5,bgroup_B3,1,2,K3,stage1,,HF-011,BLOCKING,,,,,,,,,,,,,,RESOLVED_REWRITE,,"percent values found in article not matching any ledger fact: [2.0, 3.0]"
iter5/instances_s2/bgroup_B4.json,iter5,bgroup_B4,1,0,K1,stage1,translation,MUSE-HC-006,QUALITY,A1,L1,whole,1,EN,,,,,,,,,RESOLVED_REWRITE_THEN_DOWNGRADE,,“Meta had run a test that produced exactly this kind of surprise.”
iter5/instances_s2/bgroup_B4.json,iter5,bgroup_B4,1,1,K1,stage1,ja_source,MUSE-HC-002,BLOCKING,A1,L1,whole,1,EN,,,,current_wider(現行が拡大: 現行⊃新),j1_failed+ja_fulltext_fallback+en_local_edit,,True,,RESOLVED_REWRITE_THEN_DOWNGRADE,,“A person can take over when AI alone has trouble.”
iter5/instances_s2/bgroup_B4.json,iter5,bgroup_B4,1,2,K1,stage1,ja_source,MUSE-HC-010,QUALITY,A2,L1,,2,EN,,,,,,,,,RESOLVED_REWRITE_THEN_DOWNGRADE,,"“People feel differently when they think they are speaking to a machine and when they know a person is listening. Names, plans, and private matters are easier to share when you know who is hearing them.”"
iter5/instances_s2/bgroup_B4.json,iter5,bgroup_B4,1,3,K1,stage1,ja_source,MUSE-HC-004,QUALITY,A1,L1,whole,1,EN,,,,,,,,,RESOLVED_REWRITE_THEN_DOWNGRADE,,"“As AI makes calls and reservations, useful features make people want to know whether AI or a person is on the other end.”"
iter5/instances_s2/bgroup_B4.json,iter5,bgroup_B4,2,0,K1,recheck,translation,MUSE-HC-006,BLOCKING,A3,L4,,,EN,,,,current_narrower_drops_sentence(現行⊂新、新が2文以上/複数箇所: 一部の文のみ対象),e2_paragraph_rewrite(rewrite_hint_quote),,True,,RESOLVED_REWRITE_THEN_DOWNGRADE,,"“I Thought It Was an AI Call—But There Was a Person Inside?”; “A call came from an AI agent. That was what it seemed. But while the conversation continued, the voice on the other end was not AI. It was a person.”; “Meta had run a test that produced exactly this kind of surprise.”"
iter5/instances_s2/bgroup_B4.json,iter5,bgroup_B4,2,1,K1,recheck,translation,MUSE-HC-010,ACCEPTABLE,A1,L1,whole,1,EN,,,,,,,,,RESOLVED_REWRITE_THEN_DOWNGRADE,,"“Names, plans, and private matters are easier to share when you know who is hearing them.”"
iter5/instances_s2/bgroup_B4.json,iter5,bgroup_B4,3,0,K1,recheck,translation,MUSE-HC-006,QUALITY,A1,L1,whole,1,EN,,,,,,,,,RESOLVED_REWRITE_THEN_DOWNGRADE,,“Meta had run a test that produced exactly this kind of surprise.”
iter5/instances_s2/bgroup_B4.json,iter5,bgroup_B4,3,1,K1,recheck,translation,MUSE-HC-010,QUALITY,A1,L1,whole,1,EN,,,,,,,,,RESOLVED_REWRITE_THEN_DOWNGRADE,,"“Names, plans, and private matters are easier to share when you know who is hearing them.”"
iter5/instances_s2/bgroup_B4.json,iter5,bgroup_B4,3,2,K1,recheck,ja_source,MUSE-HC-010,QUALITY,A1,L1,whole,1,EN,,,,,,,,,RESOLVED_REWRITE_THEN_DOWNGRADE,,"“As AI makes calls and reservations, useful features make people want to know whether AI or a person is on the other end.”"
iter5/instances_s2/hormuz_run01_advanced.json,iter5,hormuz_run01_advanced,1,0,K1,stage1,translation,HF-009,BLOCKING,A1,L1,part,1,EN,,,,current_wider(現行が拡大: 現行⊃新),e2_paragraph_rewrite(sequence_matcher(ratio=0.93)),,True,,RESOLVED_REWRITE_THEN_DOWNGRADE,,"“Trump withdrew the proposed Strait of Hormuz fee, but oil prices stayed high because shipping risks remained.”"
iter5/instances_s2/hormuz_run01_advanced.json,iter5,hormuz_run01_advanced,1,1,K1,stage1,ja_source,,ACCEPTABLE,A1,L1,part,1,EN,,,,,,,,,RESOLVED_REWRITE_THEN_DOWNGRADE,,“oil prices are linked to gasoline prices and transportation costs.”
iter5/instances_s2/hormuz_run01_advanced.json,iter5,hormuz_run01_advanced,2,0,K1,recheck,ja_source,HF-009,QUALITY,A1,L0,whole,1,EN,,,,,,,,,RESOLVED_REWRITE_THEN_DOWNGRADE,,"But its price movement seemed to show that people were watching not only whether there was a fee plan, but also the danger of the strait itself."
iter5/instances_s2/hormuz_run01_advanced.json,iter5,hormuz_run01_advanced,2,1,K1,recheck,ja_source,,ACCEPTABLE,A1,L0,part,1,EN,,,,,,,,,RESOLVED_REWRITE_THEN_DOWNGRADE,,oil prices are linked to gasoline prices and transportation costs.
iter5/instances_s2/hormuz_run02_advanced.json,iter5,hormuz_run02_advanced,1,0,K1,stage1,,"HF-002, HF-003",QUALITY,A1,L0,whole,1,EN,,,,,,,,,RESOLVED_REWRITE,,It looked like a very large fee would appear every time a ship passed through the strait.
iter5/instances_s2/hormuz_run02_advanced.json,iter5,hormuz_run02_advanced,1,1,K1,stage1,,HF-009,BLOCKING,A1,L0,part,1,EN,,,,same(同じ),e2_paragraph_rewrite(exact_substring),,True,,RESOLVED_REWRITE,,"Trump’s proposed Hormuz fee vanished overnight, but crude oil prices stayed high as tensions and tanker fears remained."
iter5/instances_s2/hormuz_run03_advanced.json,iter5,hormuz_run03_advanced,1,0,K1,stage1,,HF-009 / HF-011,BLOCKING,A4,,,,,mismatch,省略記号,,new_unresolved(新で確定不能),e2_paragraph_rewrite(sequence_matcher(ratio=0.57)),,True,False,RESOLVED_REWRITE,,“attacks by the United States and Iran ... continued”
iter5/instances_s2/hormuz_run03_standard.json,iter5,hormuz_run03_standard,1,0,K1,stage1,ja_source,HF-009,BLOCKING,A1,L0,whole,1,EN,,,,same(同じ),j1_paired_rewrite_paragraph,,True,,STAGE4_ESCALATION,same_claim_fact_id_reblocked,Oil prices did not fall across the whole market after the plan was withdrawn.
iter5/instances_s2/hormuz_run03_standard.json,iter5,hormuz_run03_standard,2,0,K1,recheck,ja_source,HF-009,BLOCKING,A1,L0,whole,1,EN,,,,rewrite_not_executed,,,,,STAGE4_ESCALATION,same_claim_fact_id_reblocked,Oil prices did not fall across the whole market after the plan was withdrawn.
iter5/instances_s2/meta_run03_advanced.json,iter5,meta_run03_advanced,1,0,K1,stage1,ja_source,MUSE-HC-012,QUALITY,UNDET,,,,,,,no_text,,,,,,RESOLVED_STAGE2_DOWNGRADE,,"“They were enjoying the convenience of AI, only to find a human on the other end of the call without realizing it.”"
iter5/instances_s2/meta_run03_standard.json,iter5,meta_run03_standard,1,0,K1,stage1,translation,MUSE-HC-010,BLOCKING,A1,L3,part,1,EN,,,,current_wider(現行が拡大: 現行⊃新),e2_paragraph_rewrite(rewrite_hint_quote),,True,,RESOLVED_REWRITE,,“Some calls needed user information to continue.”
iter5/instances_s2/meta_run03_standard.json,iter5,meta_run03_standard,1,1,K1,stage1,ja_source,MUSE-HC-012,BLOCKING,A1,L1,whole,1,EN,,,,current_wider(現行が拡大: 現行⊃新),j1_paired_rewrite_paragraph,,True,,RESOLVED_REWRITE,,“They did not realize it.”
iter5/instances_s2/meta_run03_standard.json,iter5,meta_run03_standard,2,0,K1,recheck,translation,MUSE-HC-011,BLOCKING,A1,L1,whole,1,EN,,,,same(同じ),e2_paragraph_rewrite(sequence_matcher(ratio=0.98)),,True,,RESOLVED_REWRITE,,“These calls were about trying to lower internet or cable fees.”
iter5/instances_s2/neg1_meta_b3prod_a2.json,iter5,neg1_meta_b3prod_a2,1,0,K1,stage1,translation,MUSE-HC-006,BLOCKING,A2,L2,,4,EN,,,,current_narrower_drops_sentence(現行⊂新、新が2文以上/複数箇所: 一部の文のみ対象),e2_paragraph_rewrite(rewrite_hint_quote),,True,,RESOLVED_REWRITE_THEN_DOWNGRADE,,"“A call seemed to come from an AI agent. But as the conversation went on, the voice was not AI at all. It was a person. Meta had run a test that caused exactly this surprise.”"
iter5/instances_s2/neg1_meta_b3prod_a2.json,iter5,neg1_meta_b3prod_a2,2,0,K1,recheck,translation,MUSE-HC-006,QUALITY,A1,L0,whole,1,EN,,,,,,,,,RESOLVED_REWRITE_THEN_DOWNGRADE,,Meta had run a test that caused exactly this surprise.
iter5/instances_s2/neg2_meta_refresh_a2.json,iter5,neg2_meta_refresh_a2,1,0,K1,stage1,translation,MUSE-HC-012,BLOCKING,A2,L1,,2,EN,,,,same(同じ),e2_paragraph_rewrite(rewrite_hint_quote),,True,,RESOLVED_REWRITE,,“They enjoyed the ease of AI. But they did not know that a human was on the other end.”
iter5/instances_s2/neg3_hormuz_prodrunner_b1b.json,iter5,neg3_hormuz_prodrunner_b1b,1,0,K1,stage1,translation,HF-009,BLOCKING,A1,L0,whole,1,EN,,,,same(同じ),e2_paragraph_rewrite(rewrite_hint_quote),,True,,RESOLVED_REWRITE,,"The fee plan left the stage, but the events driving oil prices—and the prices themselves—quickly returned."
iter5/instances_s2/neg4_smallbag_div_a2.json,iter5,neg4_smallbag_div_a2,1,0,K1,stage1,,F003; F004; F005,BLOCKING,A2,L3,,2,EN,,,,current_narrower_drops_sentence(現行⊂新、新が2文以上/複数箇所: 一部の文のみ対象),e2_paragraph_rewrite(sequence_matcher(ratio=0.81)),,True,,RESOLVED_REWRITE,,“Trends now look different. Bags no longer play a game with only one size on the throne.”
iter5/instances_s2/neg5_hormuz_div_a2.json,iter5,neg5_hormuz_div_a2,1,0,K1,stage1,translation,HF-007,QUALITY,UNDET,,,,,,,no_text,,,,,,RESOLVED_STAGE2_DOWNGRADE,,"“Concerns about US-Iran attacks, the sea blockade, and tanker safety continued on July 14. So the flashy 20% plan left the stage.”"
iter5/instances_s2/neg6_smallbag_div_b1b.json,iter5,neg6_smallbag_div_b1b,1,0,K1,stage1,,"F004, F006",QUALITY,A1,L1,whole,1,EN,,,,,,,,,RESOLVED_REWRITE,,"“Palm-sized clutches, small pouches, and eye-catching minaudières are all over runways and fashion reports.”"
iter5/instances_s2/neg6_smallbag_div_b1b.json,iter5,neg6_smallbag_div_b1b,1,1,K1,stage1,,F007,QUALITY,A1,L1,whole,1,EN,,,,,,,,,RESOLVED_REWRITE,,"“They mainly hold the basics: a phone, wallet, keys, and lip products.”"
iter5/instances_s2/neg6_smallbag_div_b1b.json,iter5,neg6_smallbag_div_b1b,1,2,K1,stage1,,"F002, F003, F004",BLOCKING,A1,L1,whole,1,EN,,,,same(同じ),e2_paragraph_rewrite(sequence_matcher(ratio=0.99)),,True,,RESOLVED_REWRITE,,“Bags are no longer in a game where one size alone sits on the throne.”
iter5/instances_s2/neg7_meta_prodrunner_b1b.json,iter5,neg7_meta_prodrunner_b1b,1,0,K1,stage1,,MUSE-HC-002,QUALITY,UNDET,,,,,,,no_text,,,,,,RESOLVED_STAGE2_DOWNGRADE,,"“In this convenient future, the AI on your screen handles everything for you.”"
iter5/instances_s2/neg7_meta_prodrunner_b1b.json,iter5,neg7_meta_prodrunner_b1b,1,1,K1,stage1,,MUSE-HC-004,ACCEPTABLE,UNDET,,,,,,,no_text,,,,,,RESOLVED_STAGE2_DOWNGRADE,,"“Meta’s AI agent, Muse, really does have phone features like these.”"
iter5/instances_s2/neg7_meta_prodrunner_b1b.json,iter5,neg7_meta_prodrunner_b1b,1,2,K1,stage1,,MUSE-HC-012; MUSE-HC-014,QUALITY,UNDET,,,,,,,no_text,,,,,,RESOLVED_STAGE2_DOWNGRADE,,“It was that testing began without clearly telling users about it.”
iter5/instances_s2/neg7_meta_prodrunner_b1b.json,iter5,neg7_meta_prodrunner_b1b,1,3,K1,stage1,,MUSE-HC-006; MUSE-HC-010,QUALITY,UNDET,,,,,,,no_text,,,,,,RESOLVED_STAGE2_DOWNGRADE,,“Users could not know who was really doing the work they had asked AI to do—and their personal information might reach that person.”
iter5/instances_s2/safety_A2A3.json,iter5,safety_A2A3,1,0,K1,stage1,ja_source,HF-003,BLOCKING,A1,L1,whole,1,EN,,,,same(同じ),j1_failed+ja_fulltext_fallback+en_local_edit,,True,,RESOLVED_REWRITE_THEN_DOWNGRADE,,“The idea was that those carrying the cargo would repay the money the United States spends to keep the strait safe.”
iter5/instances_s2/safety_A2A3.json,iter5,safety_A2A3,1,1,K1,stage1,ja_source,HF-006,QUALITY,A1,L1,part,1,EN,,,,,,,,,RESOLVED_REWRITE_THEN_DOWNGRADE,,“with its distant danger reaching gasoline prices and the cost of moving goods through crude oil.”
iter5/instances_s2/safety_A2A3.json,iter5,safety_A2A3,2,0,K1,recheck,ja_source,HF-006,ACCEPTABLE,A4,,,,,mismatch,その他(類似文なし),,,,,,,RESOLVED_REWRITE_THEN_DOWNGRADE,,Crude oil also passes through it.
iter5/instances_s2/safety_A2A3.json,iter5,safety_A2A3,2,1,K1,recheck,ja_source,HF-006,QUALITY,A1,L0,part,1,EN,,,,,,,,,RESOLVED_REWRITE_THEN_DOWNGRADE,,with its distant danger reaching gasoline prices and the cost of moving goods through crude oil.
iter5/instances_s2/safety_A4.json,iter5,safety_A4,1,0,K1,stage1,translation,MUSE-HC-006,BLOCKING,A1,L1,whole,1,EN,,,,same(同じ),e2_paragraph_rewrite(rewrite_hint_quote),,True,,RESOLVED_REWRITE_THEN_DOWNGRADE,,"“Through Muse, trained human contract workers made some calls and completed the exchanges with users.”"
iter5/instances_s2/safety_A4.json,iter5,safety_A4,1,1,K1,stage1,ja_source,MUSE-HC-012,BLOCKING,A4,,,,,explanatory,L4条件を満たさない説明文混在(断片2つ以上+説明文),,new_unresolved(新で確定不能),j1_failed+ja_fulltext_fallback+en_local_edit,,True,True,RESOLVED_REWRITE_THEN_DOWNGRADE,,“people who thought they were speaking with AI were actually speaking with human staff”および冒頭の「That was what people thought as they spoke.」
iter5/instances_s2/safety_A4.json,iter5,safety_A4,1,2,K1,stage1,ja_source,MUSE-HC-010,QUALITY,A1,L1,whole,1,EN,,,,,,,,,RESOLVED_REWRITE_THEN_DOWNGRADE,,“One helper meant one more person handling private data.”
iter5/instances_s2/safety_A4.json,iter5,safety_A4,2,0,K1,recheck,ja_source,MUSE-HC-012,BLOCKING,A4,,,,,explanatory,L4条件を満たさない説明文混在(断片1つ+説明文),,new_unresolved(新で確定不能),j1_failed+ja_fulltext_fallback+en_local_edit,,True,True,RESOLVED_REWRITE_THEN_DOWNGRADE,,“That was what people thought as they spoke.” The opening also presents the call as one people believed was from an AI.
iter5/instances_s2/safety_A4.json,iter5,safety_A4,2,1,K1,recheck,ja_source,MUSE-HC-006,BLOCKING,A2,L1,,2,EN,,,,same(同じ),j1_failed+ja_fulltext_fallback+en_local_edit,,True,,RESOLVED_REWRITE_THEN_DOWNGRADE,,"“The idea was practical: when AI struggled, a person could help. Keeping a human in reserve seemed safer than leaving everything to AI.”"
iter5/instances_s2/safety_A4.json,iter5,safety_A4,2,2,K1,recheck,ja_source,MUSE-HC-010,BLOCKING,A1,L1,whole,1,EN,,,,current_wider(現行が拡大: 現行⊃新),j1_paired_rewrite_paragraph,,True,,RESOLVED_REWRITE_THEN_DOWNGRADE,,“One helper meant one more person handling private data.”
iter5/instances_s2/safety_A4.json,iter5,safety_A4,3,0,K1,recheck,ja_source,MUSE-HC-006,QUALITY,A4,,,,,explanatory,L4条件を満たさない説明文混在(断片1つ+説明文),,,,,,,RESOLVED_REWRITE_THEN_DOWNGRADE,,The human backup plan; “But that backup plan changed the meaning of the call.”
iter5/instances_s2/safety_A4.json,iter5,safety_A4,3,1,K1,recheck,ja_source,,QUALITY,A1,L1,whole,1,EN,,,,,,,,,RESOLVED_REWRITE_THEN_DOWNGRADE,,“People often worry that an AI phone call will produce a strange answer.”
iter5/instances_s2/safety_A5.json,iter5,safety_A5,1,0,K1,stage1,translation,MUSE-HC-012,BLOCKING,A2,L0,,2,EN,,,,same(同じ),e2_paragraph_rewrite(rewrite_hint_quote),,True,,RESOLVED_REWRITE,,They also temporarily put back the feature in which humans handled the calls. They did not stop Muse itself.
iter5/instances_s2/safety_er009_changed_actor.json,iter5,safety_er009_changed_actor,1,0,K1,stage1,,,BLOCKING,A1,L0,whole,1,EN,,,,current_narrower_within_one_sentence(現行⊂新、新は1文以内: 語句・句に絞った対象),e2_paragraph_rewrite(rewrite_hint_quote),,True,,RESOLVED_REWRITE,,"A team at Harvard Business School studied more than 13 million credit card payments in New York City taxis, and found that higher suggested tip rates led passengers to leave more money."
iter5/instances_s2/safety_er009_changed_causality.json,iter5,safety_er009_changed_causality,1,0,K1,stage1,,,BLOCKING,A1,L0,whole,1,EN,,,,current_narrower_within_one_sentence(現行⊂新、新は1文以内: 語句・句に絞った対象),e2_paragraph_rewrite(rewrite_hint_quote),,True,,RESOLVED_REWRITE,,The rise in US restaurant tipping from about 10-15 percent in the early 1970s to about 20 percent by the late 1990s was directly caused by the introduction of digital tip screens.
iter5/instances_s2/safety_er009_changed_certainty.json,iter5,safety_er009_changed_certainty,1,0,K1,stage1,,,BLOCKING,A1,L0,whole,1,EN,,,,same(同じ),e2_paragraph_rewrite(rewrite_hint_quote),,True,,RESOLVED_REWRITE,,It is now proven beyond doubt that suggested tip screens cause guilt tipping in every customer who sees one.
iter5/instances_s2/safety_er009_changed_comparison.json,iter5,safety_er009_changed_comparison,1,0,K1,stage1,,,BLOCKING,A1,L0,whole,1,EN,,,,same(同じ),e2_paragraph_rewrite(rewrite_hint_quote),,True,,RESOLVED_REWRITE,,"Passengers who saw LOWER suggested tip rates left more money than those who saw higher suggested rates, according to the New York City taxi study."
iter5/instances_s2/safety_er009_changed_negation.json,iter5,safety_er009_changed_negation,1,0,K1,stage1,,,BLOCKING,A1,L0,whole,1,EN,,,,current_narrower_within_one_sentence(現行⊂新、新は1文以内: 語句・句に絞った対象),e2_paragraph_rewrite(rewrite_hint_quote),,True,,RESOLVED_REWRITE,,The taxi study found that passengers who saw higher suggested tip rates did NOT leave more money; the suggested rate had no effect on the final tip.
iter5/instances_s2/safety_er009_changed_number.json,iter5,safety_er009_changed_number,1,0,K1,stage1,,,BLOCKING,A1,L0,whole,1,EN,,,,current_narrower_within_one_sentence(現行⊂新、新は1文以内: 語句・句に絞った対象),e2_paragraph_rewrite(rewrite_hint_quote),,True,,RESOLVED_REWRITE,,"Researchers studied more than 30 million credit card payments in New York City taxis, and found that higher suggested tip rates led passengers to leave more money."
iter5/instances_s2/safety_er009_changed_number.json,iter5,safety_er009_changed_number,1,1,K3,stage1,,F-002,BLOCKING,,,,,,,,,,,,,,RESOLVED_REWRITE,,count values found in article not matching any ledger fact: [30000000.0]
iter5/instances_s2/safety_er009_changed_scope.json,iter5,safety_er009_changed_scope,1,0,K1,stage1,,,BLOCKING,A1,L0,whole,1,EN,,,,current_narrower_within_one_sentence(現行⊂新、新は1文以内: 語句・句に絞った対象),e2_paragraph_rewrite(rewrite_hint_quote),,True,,RESOLVED_REWRITE,,"The taxi study's results have now been directly confirmed in restaurants nationwide: higher suggested tip rates on restaurant screens cause customers to leave more money, just as they did in the New York City taxi data."
iter5/instances_s2/safety_er009_changed_time.json,iter5,safety_er009_changed_time,1,0,K1,stage1,,,BLOCKING,A1,L0,whole,1,EN,,,,current_narrower_within_one_sentence(現行⊂新、新は1文以内: 語句・句に絞った対象),e2_paragraph_rewrite(rewrite_hint_quote),,True,,RESOLVED_REWRITE,,"In 2019, researchers published a study in the American Economic Journal: Applied Economics showing that higher suggested tip rates led New York City taxi passengers to leave more money."
iter5/instances_s2/safety_er009_changed_time.json,iter5,safety_er009_changed_time,2,0,K1,recheck,,F-004,BLOCKING,A1,L0,whole,1,EN,,,,current_narrower_within_one_sentence(現行⊂新、新は1文以内: 語句・句に絞った対象),e2_paragraph_rewrite(rewrite_hint_quote),,True,,RESOLVED_REWRITE,,"In 2014, researchers published a study in the American Economic Journal: Applied Economics showing that higher suggested tip rates led New York City taxi passengers to leave more money."
iter5/instances_s2/safety_er009_unsupported_new_claim.json,iter5,safety_er009_unsupported_new_claim,1,0,K1,stage1,,,BLOCKING,A1,L0,whole,1,EN,,,,same(同じ),deterministic_delete(rewrite_hint_quote),,True,,RESOLVED_REWRITE,,The same New York City taxi researchers also found that male passengers tipped twice as much as female passengers when shown a higher suggested rate.
iter6/instances_s1/bgroup_B1.json,iter6,bgroup_B1,1,0,K1,stage1,,HF-009,QUALITY,UNDET,,,,,,,no_text,,,,,,RESOLVED_STAGE2_DOWNGRADE,,「市場が見ているのは『言葉』より海の安全」「投資家が気にしているのは、20％の料金案が残るかどうかだけではない」とし、海上の危険がBrent価格の反発を説明するかのように述べている。
iter6/instances_s1/bgroup_B1.json,iter6,bgroup_B1,1,1,K1,stage1,,HF-009,ACCEPTABLE,UNDET,,,,,,,no_text,,,,,,RESOLVED_STAGE2_DOWNGRADE,,「原油価格が高い状態が続けば、ガソリンや輸送費など、私たちの身近な価格にも影響する。」
iter6/instances_s1/bgroup_B2_hormuz.json,iter6,bgroup_B2_hormuz,1,0,K1,stage1,ja_source,HF-011,QUALITY,UNDET,,,,,,,no_text,,,,,,RESOLVED_STAGE2_DOWNGRADE,,"The disappearance of the fee plan did not lead to a large, lasting fall in prices."
iter6/instances_s1/bgroup_B3.json,iter6,bgroup_B3,1,0,K1,stage1,ja_source,HF-007,BLOCKING,A4,,,,,mismatch,言い換え・要約(類似文あり、診断のみ),,new_unresolved(新で確定不能),j1_paired_rewrite_paragraph,paired_j1_not_laddered,True,True,RESOLVED_REWRITE,,"Concerns about US-Iran attacks, the sea blockade, and tanker safety continued on July 14, so the flashy 20% plan left the stage, but the chart only pulled back briefly before recovering."
iter6/instances_s1/bgroup_B4.json,iter6,bgroup_B4,1,0,K1,stage1,translation,MUSE-HC-006,BLOCKING,A1,L1,whole,1,EN,,,,same(同じ),e1_minimal_word_edit(rewrite_hint_quote),1_word_connective,True,,STAGE4_ESCALATION,cycle_limit_exhausted_after_recheck,“Meta had run a test that produced exactly this kind of surprise.”
iter6/instances_s1/bgroup_B4.json,iter6,bgroup_B4,1,1,K1,stage1,ja_source,MUSE-HC-002,BLOCKING,A1,L1,whole,1,EN,,,,same(同じ),j1_failed+ja_fulltext_fallback+en_local_edit,paired_j1_not_laddered,True,,STAGE4_ESCALATION,cycle_limit_exhausted_after_recheck,“A person can take over when AI alone has trouble.”
iter6/instances_s1/bgroup_B4.json,iter6,bgroup_B4,1,2,K1,stage1,ja_source,MUSE-HC-010,QUALITY,A2,L1,,2,EN,,,,,,,,,STAGE4_ESCALATION,cycle_limit_exhausted_after_recheck,"“People feel differently when they think they are speaking to a machine and when they know a person is listening. Names, plans, and private matters are easier to share when you know who is hearing them.”"
iter6/instances_s1/bgroup_B4.json,iter6,bgroup_B4,1,3,K1,stage1,ja_source,MUSE-HC-004,QUALITY,A1,L1,whole,1,EN,,,,,,,,,STAGE4_ESCALATION,cycle_limit_exhausted_after_recheck,"“As AI makes calls and reservations, useful features make people want to know whether AI or a person is on the other end.”"
iter6/instances_s1/bgroup_B4.json,iter6,bgroup_B4,2,0,K1,recheck,translation,MUSE-HC-006,BLOCKING,A2,L1,,4,EN,,,,current_narrower_drops_sentence(現行⊂新、新が2文以上/複数箇所: 一部の文のみ対象),e2_generic_rewrite(sequence_matcher(ratio=0.67)),3_sentence,True,,STAGE4_ESCALATION,cycle_limit_exhausted_after_recheck,"“A call came from an AI agent. That was what it seemed. But while the conversation continued, the voice on the other end was not AI. It was a person.”"
iter6/instances_s1/bgroup_B4.json,iter6,bgroup_B4,2,1,K1,recheck,translation,MUSE-HC-010,BLOCKING,A1,L1,whole,1,EN,,,,same(同じ),e2_generic_rewrite(sequence_matcher(ratio=0.99)),3_sentence,True,,STAGE4_ESCALATION,cycle_limit_exhausted_after_recheck,"“Names, plans, and private matters are easier to share when you know who is hearing them.”"
iter6/instances_s1/bgroup_B4.json,iter6,bgroup_B4,3,0,K1,recheck,ja_source,MUSE-HC-006,BLOCKING,A4,,,,,explanatory,L4条件を満たさない説明文混在(断片2つ以上+説明文),,new_unresolved(新で確定不能),j1_failed+ja_fulltext_fallback+en_local_edit,paired_j1_not_laddered,True,True,STAGE4_ESCALATION,cycle_limit_exhausted_after_recheck,"The headline says “I Thought It Was an AI Call—But There Was a Person Inside?” and the opening says, “A call came from an AI agent. That was what it seemed.”"
iter6/instances_s1/bgroup_B4.json,iter6,bgroup_B4,3,1,K1,recheck,ja_source,MUSE-HC-004,QUALITY,A1,L1,whole,1,EN,,,,,,,,,STAGE4_ESCALATION,cycle_limit_exhausted_after_recheck,"“As AI makes calls and reservations, useful features make people want to know whether AI or a person is on the other end.”"
iter6/instances_s1/hormuz_run01_advanced.json,iter6,hormuz_run01_advanced,1,0,K1,stage1,ja_source,,ACCEPTABLE,UNDET,,,,,,,no_text,,,,,,RESOLVED_STAGE2_DOWNGRADE,,"“Even if this seems like a story about a distant sea, oil prices are linked to gasoline prices and transportation costs.”"
iter6/instances_s1/hormuz_run03_standard.json,iter6,hormuz_run03_standard,1,0,K1,stage1,ja_source,HF-009,BLOCKING,A1,L0,whole,1,EN,,,,same(同じ),j1_paired_rewrite_paragraph,paired_j1_not_laddered,True,,RESOLVED_REWRITE,,Oil prices did not fall across the whole market after the plan was withdrawn.
iter6/instances_s1/meta_run03_advanced.json,iter6,meta_run03_advanced,1,0,K1,stage1,ja_source,MUSE-HC-012,BLOCKING,A2,L3,,2,EN,,,,partial_overlap(一部重なり),j1_paired_rewrite_paragraph,paired_j1_not_laddered,True,,RESOLVED_REWRITE,,"“If this was not properly explained, users had no way to know whether they were talking to AI or a person. They were enjoying the convenience of AI, only to find a human on the other end of the call without realizing it.”"
iter6/instances_s1/meta_run03_standard.json,iter6,meta_run03_standard,1,0,K1,stage1,translation,MUSE-HC-010,BLOCKING,A1,L3,part,1,EN,,,,current_wider(現行が拡大: 現行⊃新),e1_minimal_word_edit(rewrite_hint_quote),1_word_connective,True,,STAGE4_ESCALATION,same_claim_fact_id_reblocked,“Some calls needed user information to continue.”
iter6/instances_s1/meta_run03_standard.json,iter6,meta_run03_standard,1,1,K1,stage1,ja_source,MUSE-HC-012,BLOCKING,A1,L1,whole,1,EN,,,,current_wider(現行が拡大: 現行⊃新),j1_paired_rewrite_paragraph,paired_j1_not_laddered,True,,STAGE4_ESCALATION,same_claim_fact_id_reblocked,“They did not realize it.”
iter6/instances_s1/meta_run03_standard.json,iter6,meta_run03_standard,2,0,K1,recheck,ja_source,MUSE-HC-012,BLOCKING,A1,L1,whole,1,EN,,,,rewrite_not_executed,,,,,STAGE4_ESCALATION,same_claim_fact_id_reblocked,“They did not realize it.”
iter6/instances_s1/neg1_meta_b3prod_a2.json,iter6,neg1_meta_b3prod_a2,1,0,K1,stage1,translation,MUSE-HC-006,BLOCKING,A2,L2,,4,EN,,,,current_narrower_drops_sentence(現行⊂新、新が2文以上/複数箇所: 一部の文のみ対象),e2_generic_rewrite(rewrite_hint_quote),3_sentence,True,,STAGE4_ESCALATION,cycle_limit_exhausted,"“A call seemed to come from an AI agent. But as the conversation went on, the voice was not AI at all. It was a person. Meta had run a test that caused exactly this surprise.”"
iter6/instances_s1/neg1_meta_b3prod_a2.json,iter6,neg1_meta_b3prod_a2,2,0,K1,recheck,translation,MUSE-HC-006,BLOCKING,A4,,,,,explanatory,L4条件を満たさない説明文混在(断片2つ以上+説明文),,new_unresolved(新で確定不能),e1_minimal_word_edit(er010_word_overlap(sentence_fallback(overlap=0.4))),1_word_connective,True,False,STAGE4_ESCALATION,cycle_limit_exhausted,"“Meta had run a test that caused exactly this surprise,” reinforced by the headline “We Thought It Was AI—But There Was a Person Inside Meta’s Muse.”"
iter6/instances_s1/neg1_meta_b3prod_a2.json,iter6,neg1_meta_b3prod_a2,2,1,K1,recheck,ja_source,MUSE-HC-008,QUALITY,A1,L1,whole,1,EN,,,,,,,,,STAGE4_ESCALATION,cycle_limit_exhausted,“A human can handle situations that AI alone finds difficult.”
iter6/instances_s1/neg1_meta_b3prod_a2.json,iter6,neg1_meta_b3prod_a2,3,0,K1,recheck,ja_source,MUSE-HC-006,BLOCKING,A4,,,,,explanatory,L4条件を満たさない説明文混在(断片1つ+説明文),,rewrite_not_executed,,,,True,STAGE4_ESCALATION,cycle_limit_exhausted,Headline: “We Thought It Was AI—But There Was a Person Inside Meta’s Muse.”
iter6/instances_s1/neg2_meta_refresh_a2.json,iter6,neg2_meta_refresh_a2,1,0,K1,stage1,translation,MUSE-HC-012,BLOCKING,A2,L1,,2,EN,,,,same(同じ),e1_minimal_word_edit(rewrite_hint_quote),1_word_connective,True,,RESOLVED_REWRITE,,“They enjoyed the ease of AI. But they did not know that a human was on the other end.”
iter6/instances_s1/neg3_hormuz_prodrunner_b1b.json,iter6,neg3_hormuz_prodrunner_b1b,1,0,K1,stage1,translation,HF-009,BLOCKING,A1,L0,whole,1,EN,,,,same(同じ),e1_minimal_word_edit(rewrite_hint_quote),1_word_connective,True,,RESOLVED_REWRITE,,"The fee plan left the stage, but the events driving oil prices—and the prices themselves—quickly returned."
iter6/instances_s1/neg5_hormuz_div_a2.json,iter6,neg5_hormuz_div_a2,1,0,K1,stage1,translation,HF-007,QUALITY,UNDET,,,,,,,no_text,,,,,,RESOLVED_STAGE2_DOWNGRADE,,"“Concerns about US-Iran attacks, the sea blockade, and tanker safety continued on July 14. So the flashy 20% plan left the stage.”"
iter6/instances_s1/safety_A2A3.json,iter6,safety_A2A3,1,0,K1,stage1,ja_source,HF-003,BLOCKING,A1,L1,whole,1,EN,,,,same(同じ),j1_failed+ja_fulltext_fallback+en_local_edit,paired_j1_not_laddered,True,,RESOLVED_REWRITE_THEN_DOWNGRADE,,“The idea was that those carrying the cargo would repay the money the United States spends to keep the strait safe.”
iter6/instances_s1/safety_A2A3.json,iter6,safety_A2A3,1,1,K1,stage1,ja_source,HF-006,QUALITY,A1,L1,part,1,EN,,,,,,,,,RESOLVED_REWRITE_THEN_DOWNGRADE,,“with its distant danger reaching gasoline prices and the cost of moving goods through crude oil.”
iter6/instances_s1/safety_A2A3.json,iter6,safety_A2A3,2,0,K1,recheck,ja_source,HF-009,BLOCKING,A2,L1,,2,EN,,,,same(同じ),j1_paired_rewrite_paragraph,paired_j1_not_laddered,True,,RESOLVED_REWRITE_THEN_DOWNGRADE,,"“Just after the charge plan disappeared, prices began to fall. Soon, however, they returned to a high level.”"
iter6/instances_s1/safety_A2A3.json,iter6,safety_A2A3,2,1,K1,recheck,ja_source,HF-002,ACCEPTABLE,A1,L1,part,1,EN,,,,,,,,,RESOLVED_REWRITE_THEN_DOWNGRADE,,“Crude oil also passes through it”
iter6/instances_s1/safety_A2A3.json,iter6,safety_A2A3,2,2,K1,recheck,ja_source,HF-009,QUALITY,A1,L1,part,1,EN,,,,,,,,,RESOLVED_REWRITE_THEN_DOWNGRADE,,“the dangerous route remained the real lead actor”
iter6/instances_s1/safety_A2A3.json,iter6,safety_A2A3,2,3,K1,recheck,ja_source,HF-006,ACCEPTABLE,A1,L1,part,1,EN,,,,,,,,,RESOLVED_REWRITE_THEN_DOWNGRADE,,“its distant danger reaching gasoline prices and the cost of moving goods through crude oil”
iter6/instances_s1/safety_A2A3.json,iter6,safety_A2A3,3,0,K1,recheck,translation,HF-009,ACCEPTABLE,A2,L1,,2,EN,,,,,,,,,RESOLVED_REWRITE_THEN_DOWNGRADE,,"“After the announcement, Brent futures fell a little for a short time. Soon, they were back near the high level they had reached before the announcement.”"
iter6/instances_s1/safety_A2A3.json,iter6,safety_A2A3,3,1,K1,recheck,ja_source,HF-009,QUALITY,A1,L1,part,1,EN,,,,,,,,,RESOLVED_REWRITE_THEN_DOWNGRADE,,“with its distant danger reaching gasoline prices and the cost of moving goods through crude oil.”
iter6/instances_s1/safety_A4.json,iter6,safety_A4,1,0,K1,stage1,translation,MUSE-HC-006,BLOCKING,A1,L1,whole,1,EN,,,,same(同じ),e1_minimal_word_edit(rewrite_hint_quote),1_word_connective,True,,RESOLVED_REWRITE_THEN_DOWNGRADE,,"“Through Muse, trained human contract workers made some calls and completed the exchanges with users.”"
iter6/instances_s1/safety_A4.json,iter6,safety_A4,1,1,K1,stage1,ja_source,MUSE-HC-012,BLOCKING,A4,,,,,explanatory,L4条件を満たさない説明文混在(断片2つ以上+説明文),,new_unresolved(新で確定不能),j1_failed+ja_fulltext_fallback+en_local_edit,paired_j1_not_laddered,True,True,RESOLVED_REWRITE_THEN_DOWNGRADE,,“people who thought they were speaking with AI were actually speaking with human staff”および冒頭の「That was what people thought as they spoke.」
iter6/instances_s1/safety_A4.json,iter6,safety_A4,1,2,K1,stage1,ja_source,MUSE-HC-010,BLOCKING,A1,L1,whole,1,EN,,,,current_wider(現行が拡大: 現行⊃新),j1_paired_rewrite_paragraph,paired_j1_not_laddered,True,,RESOLVED_REWRITE_THEN_DOWNGRADE,,“One helper meant one more person handling private data.”
iter6/instances_s1/safety_A4.json,iter6,safety_A4,2,0,K1,recheck,ja_source,MUSE-HC-012,BLOCKING,A2,L1,,2,EN,,,,same(同じ),j1_failed+ja_fulltext_fallback+en_local_edit,paired_j1_not_laddered,True,,RESOLVED_REWRITE_THEN_DOWNGRADE,,“An AI called. That was what people thought as they spoke.”
iter6/instances_s1/safety_A4.json,iter6,safety_A4,2,1,K1,recheck,ja_source,MUSE-HC-006,BLOCKING,A1,L1,part,1,EN,,,,current_wider(現行が拡大: 現行⊃新),j1_failed+ja_fulltext_fallback+en_local_edit,paired_j1_not_laddered,True,,RESOLVED_REWRITE_THEN_DOWNGRADE,,"“when AI struggled, a person could help”"
iter6/instances_s1/safety_A4.json,iter6,safety_A4,3,0,K1,recheck,ja_source,MUSE-HC-006,QUALITY,A4,,,,,explanatory,L4条件を満たさない説明文混在(断片2つ以上+説明文),,,,,,,RESOLVED_REWRITE_THEN_DOWNGRADE,,“Keeping a human in reserve seemed safer than leaving everything to AI” and the description of this as a “human backup plan.”
iter6/instances_s1/safety_A5.json,iter6,safety_A5,1,0,K1,stage1,translation,MUSE-HC-012,BLOCKING,A2,L0,,2,EN,,,,same(同じ),e1_minimal_word_edit(exact_substring),1_word_connective,True,,RESOLVED_REWRITE_THEN_DOWNGRADE,,They also temporarily put back the feature in which humans handled the calls. They did not stop Muse itself.
iter6/instances_s1/safety_A5.json,iter6,safety_A5,2,0,K1,recheck,ja_source,MUSE-HC-014,QUALITY,A1,L0,whole,1,EN,,,,,,,,,RESOLVED_REWRITE_THEN_DOWNGRADE,,"Going forward, Meta plans to make the feature available only when preparations are complete and it can clearly explain who will make the calls."
iter6/instances_s1/safety_er009_changed_actor.json,iter6,safety_er009_changed_actor,1,0,K1,stage1,,,BLOCKING,A1,L0,whole,1,EN,,,,current_narrower_within_one_sentence(現行⊂新、新は1文以内: 語句・句に絞った対象),e1_minimal_word_edit(rewrite_hint_quote),1_word_connective,True,,RESOLVED_REWRITE,,"A team at Harvard Business School studied more than 13 million credit card payments in New York City taxis, and found that higher suggested tip rates led passengers to leave more money."
iter6/instances_s1/safety_er009_changed_causality.json,iter6,safety_er009_changed_causality,1,0,K1,stage1,,,BLOCKING,A1,L0,whole,1,EN,,,,current_narrower_within_one_sentence(現行⊂新、新は1文以内: 語句・句に絞った対象),e2_generic_rewrite(rewrite_hint_quote),3_sentence,True,,RESOLVED_REWRITE,,The rise in US restaurant tipping from about 10-15 percent in the early 1970s to about 20 percent by the late 1990s was directly caused by the introduction of digital tip screens.
iter6/instances_s1/safety_er009_changed_certainty.json,iter6,safety_er009_changed_certainty,1,0,K1,stage1,,,BLOCKING,A1,L0,whole,1,EN,,,,current_narrower_within_one_sentence(現行⊂新、新は1文以内: 語句・句に絞った対象),e2_generic_rewrite(rewrite_hint_quote),3_sentence,True,,RESOLVED_REWRITE,,It is now proven beyond doubt that suggested tip screens cause guilt tipping in every customer who sees one.
iter6/instances_s1/safety_er009_changed_comparison.json,iter6,safety_er009_changed_comparison,1,0,K1,stage1,,,BLOCKING,A1,L0,whole,1,EN,,,,same(同じ),e1_minimal_word_edit(rewrite_hint_quote),1_word_connective,True,,RESOLVED_REWRITE,,"Passengers who saw LOWER suggested tip rates left more money than those who saw higher suggested rates, according to the New York City taxi study."
iter6/instances_s1/safety_er009_changed_negation.json,iter6,safety_er009_changed_negation,1,0,K1,stage1,,,BLOCKING,A1,L0,whole,1,EN,,,,current_narrower_within_one_sentence(現行⊂新、新は1文以内: 語句・句に絞った対象),e1_minimal_word_edit(rewrite_hint_quote),1_word_connective,True,,RESOLVED_REWRITE,,The taxi study found that passengers who saw higher suggested tip rates did NOT leave more money; the suggested rate had no effect on the final tip.
iter6/instances_s1/safety_er009_changed_number.json,iter6,safety_er009_changed_number,1,0,K1,stage1,,,BLOCKING,A1,L0,whole,1,EN,,,,current_narrower_within_one_sentence(現行⊂新、新は1文以内: 語句・句に絞った対象),e1_minimal_word_edit(rewrite_hint_quote),1_word_connective,True,,RESOLVED_REWRITE,,"Researchers studied more than 30 million credit card payments in New York City taxis, and found that higher suggested tip rates led passengers to leave more money."
iter6/instances_s1/safety_er009_changed_number.json,iter6,safety_er009_changed_number,1,1,K3,stage1,,F-002,BLOCKING,,,,,,,,,,,,,,RESOLVED_REWRITE,,count values found in article not matching any ledger fact: [30000000.0]
iter6/instances_s1/safety_er009_changed_scope.json,iter6,safety_er009_changed_scope,1,0,K1,stage1,,,BLOCKING,A1,L0,whole,1,EN,,,,current_narrower_within_one_sentence(現行⊂新、新は1文以内: 語句・句に絞った対象),e2_generic_rewrite(rewrite_hint_quote),3_sentence,True,,RESOLVED_REWRITE,,"The taxi study's results have now been directly confirmed in restaurants nationwide: higher suggested tip rates on restaurant screens cause customers to leave more money, just as they did in the New York City taxi data."
iter6/instances_s1/safety_er009_changed_time.json,iter6,safety_er009_changed_time,1,0,K1,stage1,,,BLOCKING,A1,L0,whole,1,EN,,,,current_narrower_within_one_sentence(現行⊂新、新は1文以内: 語句・句に絞った対象),e1_minimal_word_edit(rewrite_hint_quote),1_word_connective,True,,RESOLVED_REWRITE_THEN_DOWNGRADE,,"In 2019, researchers published a study in the American Economic Journal: Applied Economics showing that higher suggested tip rates led New York City taxi passengers to leave more money."
iter6/instances_s1/safety_er009_changed_time.json,iter6,safety_er009_changed_time,2,0,K1,recheck,,F-004,ACCEPTABLE,A2,L0,,2,EN,,,,,,,,,RESOLVED_REWRITE_THEN_DOWNGRADE,,"In 2014, researchers published a study in the American Economic Journal: Applied Economics. showing that higher suggested tip rates led New York City taxi passengers to leave more money."
iter6/instances_s1/safety_er009_unsupported_new_claim.json,iter6,safety_er009_unsupported_new_claim,1,0,K1,stage1,,,BLOCKING,A1,L0,whole,1,EN,,,,same(同じ),deterministic_delete(rewrite_hint_quote),0_delete,True,,RESOLVED_REWRITE,,The same New York City taxi researchers also found that male passengers tipped twice as much as female passengers when shown a higher suggested rate.
iter6/instances_s2/bgroup_B1.json,iter6,bgroup_B1,1,0,K1,stage1,,HF-009,QUALITY,UNDET,,,,,,,no_text,,,,,,RESOLVED_STAGE2_DOWNGRADE,,「市場が見ているのは『言葉』より海の安全」「投資家が気にしているのは、20％の料金案が残るかどうかだけではない」とし、海上の危険がBrent価格の反発を説明するかのように述べている。
iter6/instances_s2/bgroup_B1.json,iter6,bgroup_B1,1,1,K1,stage1,,HF-009,ACCEPTABLE,UNDET,,,,,,,no_text,,,,,,RESOLVED_STAGE2_DOWNGRADE,,「原油価格が高い状態が続けば、ガソリンや輸送費など、私たちの身近な価格にも影響する。」
iter6/instances_s2/bgroup_B2_hormuz.json,iter6,bgroup_B2_hormuz,1,0,K1,stage1,ja_source,HF-011,QUALITY,UNDET,,,,,,,no_text,,,,,,RESOLVED_STAGE2_DOWNGRADE,,"The disappearance of the fee plan did not lead to a large, lasting fall in prices."
iter6/instances_s2/bgroup_B3.json,iter6,bgroup_B3,1,0,K1,stage1,ja_source,HF-007,BLOCKING,A4,,,,,mismatch,言い換え・要約(類似文あり、診断のみ),,new_unresolved(新で確定不能),j1_paired_rewrite_paragraph,paired_j1_not_laddered,True,True,RESOLVED_REWRITE,,"Concerns about US-Iran attacks, the sea blockade, and tanker safety continued on July 14, so the flashy 20% plan left the stage, but the chart only pulled back briefly before recovering."
iter6/instances_s2/bgroup_B4.json,iter6,bgroup_B4,1,0,K1,stage1,translation,MUSE-HC-006,QUALITY,A1,L1,whole,1,EN,,,,,,,,,RESOLVED_REWRITE_THEN_DOWNGRADE,,“Meta had run a test that produced exactly this kind of surprise.”
iter6/instances_s2/bgroup_B4.json,iter6,bgroup_B4,1,1,K1,stage1,ja_source,MUSE-HC-002,BLOCKING,A1,L1,whole,1,EN,,,,current_wider(現行が拡大: 現行⊃新),j1_failed+ja_fulltext_fallback+en_local_edit,paired_j1_not_laddered,True,,RESOLVED_REWRITE_THEN_DOWNGRADE,,“A person can take over when AI alone has trouble.”
iter6/instances_s2/bgroup_B4.json,iter6,bgroup_B4,1,2,K1,stage1,ja_source,MUSE-HC-010,QUALITY,A2,L1,,2,EN,,,,,,,,,RESOLVED_REWRITE_THEN_DOWNGRADE,,"“People feel differently when they think they are speaking to a machine and when they know a person is listening. Names, plans, and private matters are easier to share when you know who is hearing them.”"
iter6/instances_s2/bgroup_B4.json,iter6,bgroup_B4,1,3,K1,stage1,ja_source,MUSE-HC-004,QUALITY,A1,L1,whole,1,EN,,,,,,,,,RESOLVED_REWRITE_THEN_DOWNGRADE,,"“As AI makes calls and reservations, useful features make people want to know whether AI or a person is on the other end.”"
iter6/instances_s2/bgroup_B4.json,iter6,bgroup_B4,2,0,K1,recheck,translation,MUSE-HC-010,QUALITY,A1,L1,whole,1,EN,,,,,,,,,RESOLVED_REWRITE_THEN_DOWNGRADE,,"“Names, plans, and private matters are easier to share when you know who is hearing them.”"
iter6/instances_s2/bgroup_B4.json,iter6,bgroup_B4,2,1,K1,recheck,ja_source,MUSE-HC-010,QUALITY,A1,L1,whole,1,EN,,,,,,,,,RESOLVED_REWRITE_THEN_DOWNGRADE,,"“As AI makes calls and reservations, useful features make people want to know whether AI or a person is on the other end.”"
iter6/instances_s2/hormuz_run01_advanced.json,iter6,hormuz_run01_advanced,1,0,K1,stage1,ja_source,,ACCEPTABLE,UNDET,,,,,,,no_text,,,,,,RESOLVED_STAGE2_DOWNGRADE,,"“Even if this seems like a story about a distant sea, oil prices are linked to gasoline prices and transportation costs.”"
iter6/instances_s2/hormuz_run03_standard.json,iter6,hormuz_run03_standard,1,0,K1,stage1,ja_source,HF-009,BLOCKING,A1,L0,whole,1,EN,,,,same(同じ),j1_paired_rewrite_paragraph,paired_j1_not_laddered,True,,RESOLVED_REWRITE,,Oil prices did not fall across the whole market after the plan was withdrawn.
iter6/instances_s2/meta_run03_advanced.json,iter6,meta_run03_advanced,1,0,K1,stage1,ja_source,MUSE-HC-012,BLOCKING,A2,L3,,2,EN,,,,current_narrower_drops_sentence(現行⊂新、新が2文以上/複数箇所: 一部の文のみ対象),j1_paired_rewrite_paragraph,paired_j1_not_laddered,True,,RESOLVED_REWRITE,,"“If this was not properly explained, users had no way to know whether they were talking to AI or a person. They were enjoying the convenience of AI, only to find a human on the other end of the call without realizing it.”"
iter6/instances_s2/meta_run03_standard.json,iter6,meta_run03_standard,1,0,K1,stage1,translation,MUSE-HC-010,BLOCKING,A1,L3,part,1,EN,,,,current_wider(現行が拡大: 現行⊃新),e1_minimal_word_edit(rewrite_hint_quote),1_word_connective,True,,STAGE4_ESCALATION,cycle_limit_exhausted,“Some calls needed user information to continue.”
iter6/instances_s2/meta_run03_standard.json,iter6,meta_run03_standard,1,1,K1,stage1,ja_source,MUSE-HC-012,BLOCKING,A1,L1,whole,1,EN,,,,current_wider(現行が拡大: 現行⊃新),j1_paired_rewrite_paragraph,paired_j1_not_laddered,True,,STAGE4_ESCALATION,cycle_limit_exhausted,“They did not realize it.”
iter6/instances_s2/meta_run03_standard.json,iter6,meta_run03_standard,2,0,K1,recheck,translation,MUSE-HC-011,BLOCKING,A2,L1,,2,EN,,,,current_narrower_drops_sentence(現行⊂新、新が2文以上/複数箇所: 一部の文のみ対象),e1_minimal_word_edit(er010_word_overlap(sentence_fallback(overlap=0.55))),1_word_connective,True,,STAGE4_ESCALATION,cycle_limit_exhausted,“It said human staff made inappropriate comments about race during calls. These calls were about trying to lower internet or cable fees.”
iter6/instances_s2/meta_run03_standard.json,iter6,meta_run03_standard,3,0,K1,recheck,translation,MUSE-HC-011,BLOCKING,A1,L1,whole,1,EN,,,,rewrite_not_executed,,,,,STAGE4_ESCALATION,cycle_limit_exhausted,“These calls were about trying to lower internet or cable fees.”
iter6/instances_s2/neg1_meta_b3prod_a2.json,iter6,neg1_meta_b3prod_a2,1,0,K1,stage1,translation,MUSE-HC-006,BLOCKING,A2,L2,,4,EN,,,,current_narrower_drops_sentence(現行⊂新、新が2文以上/複数箇所: 一部の文のみ対象),e1_minimal_word_edit(rewrite_hint_quote),1_word_connective,True,,STAGE4_ESCALATION,same_claim_fact_id_reblocked,"“A call seemed to come from an AI agent. But as the conversation went on, the voice was not AI at all. It was a person. Meta had run a test that caused exactly this surprise.”"
iter6/instances_s2/neg1_meta_b3prod_a2.json,iter6,neg1_meta_b3prod_a2,2,0,K1,recheck,ja_source,MUSE-HC-006,BLOCKING,A2,L2,,4,EN,,,,rewrite_not_executed,,,,,STAGE4_ESCALATION,same_claim_fact_id_reblocked,“A call seemed to come from an AI agent. But the voice was not AI at all. It was a person. Meta had run a test that caused exactly this surprise.”
iter6/instances_s2/neg2_meta_refresh_a2.json,iter6,neg2_meta_refresh_a2,1,0,K1,stage1,translation,MUSE-HC-012,BLOCKING,A2,L1,,2,EN,,,,same(同じ),e2_generic_rewrite(rewrite_hint_quote),3_sentence,True,,RESOLVED_REWRITE,,“They enjoyed the ease of AI. But they did not know that a human was on the other end.”
iter6/instances_s2/neg3_hormuz_prodrunner_b1b.json,iter6,neg3_hormuz_prodrunner_b1b,1,0,K1,stage1,translation,HF-009,BLOCKING,A1,L0,whole,1,EN,,,,same(同じ),e1_minimal_word_edit(rewrite_hint_quote),1_word_connective,True,,STAGE4_ESCALATION,unconfirmed_after_reverify,"The fee plan left the stage, but the events driving oil prices—and the prices themselves—quickly returned."
iter6/instances_s2/safety_A2A3.json,iter6,safety_A2A3,1,0,K1,stage1,ja_source,HF-003,BLOCKING,A1,L1,whole,1,EN,,,,same(同じ),j1_failed+ja_fulltext_fallback+en_local_edit,paired_j1_not_laddered,True,,RESOLVED_REWRITE_THEN_DOWNGRADE,,“The idea was that those carrying the cargo would repay the money the United States spends to keep the strait safe.”
iter6/instances_s2/safety_A2A3.json,iter6,safety_A2A3,1,1,K1,stage1,ja_source,HF-006,ACCEPTABLE,A1,L1,part,1,EN,,,,,,,,,RESOLVED_REWRITE_THEN_DOWNGRADE,,“with its distant danger reaching gasoline prices and the cost of moving goods through crude oil.”
iter6/instances_s2/safety_A2A3.json,iter6,safety_A2A3,2,0,K1,recheck,ja_source,HF-009,QUALITY,A1,L1,part,1,EN,,,,,,,,,RESOLVED_REWRITE_THEN_DOWNGRADE,,“the dangerous route remained the real lead actor”
iter6/instances_s2/safety_A2A3.json,iter6,safety_A2A3,2,1,K1,recheck,ja_source,HF-009,BLOCKING,A1,L1,part,1,EN,,,,same(同じ),j1_paired_rewrite_paragraph,paired_j1_not_laddered,True,,RESOLVED_REWRITE_THEN_DOWNGRADE,,“with its distant danger reaching gasoline prices and the cost of moving goods through crude oil”
iter6/instances_s2/safety_A4.json,iter6,safety_A4,1,0,K1,stage1,translation,MUSE-HC-006,BLOCKING,A1,L1,whole,1,EN,,,,same(同じ),e1_minimal_word_edit(rewrite_hint_quote),1_word_connective,True,,STAGE4_ESCALATION,cycle_limit_exhausted,"“Through Muse, trained human contract workers made some calls and completed the exchanges with users.”"
iter6/instances_s2/safety_A4.json,iter6,safety_A4,1,1,K1,stage1,ja_source,MUSE-HC-012,BLOCKING,A4,,,,,explanatory,L4条件を満たさない説明文混在(断片2つ以上+説明文),,new_unresolved(新で確定不能),j1_failed+ja_fulltext_fallback+en_local_edit,paired_j1_not_laddered,True,True,STAGE4_ESCALATION,cycle_limit_exhausted,“people who thought they were speaking with AI were actually speaking with human staff”および冒頭の「That was what people thought as they spoke.」
iter6/instances_s2/safety_A4.json,iter6,safety_A4,1,2,K1,stage1,ja_source,MUSE-HC-010,BLOCKING,A1,L1,whole,1,EN,,,,current_wider(現行が拡大: 現行⊃新),j1_paired_rewrite_paragraph,paired_j1_not_laddered,True,,STAGE4_ESCALATION,cycle_limit_exhausted,“One helper meant one more person handling private data.”
iter6/instances_s2/safety_A4.json,iter6,safety_A4,2,0,K1,recheck,ja_source,MUSE-HC-012,BLOCKING,A2,L1,,2,EN,,,,same(同じ),j1_failed+ja_fulltext_fallback+en_local_edit,paired_j1_not_laddered,True,,STAGE4_ESCALATION,cycle_limit_exhausted,“An AI called. That was what people thought as they spoke.”
iter6/instances_s2/safety_A4.json,iter6,safety_A4,3,0,K1,recheck,ja_source,MUSE-HC-006,BLOCKING,A1,L1,whole,1,EN,,,,rewrite_not_executed,,,,,STAGE4_ESCALATION,cycle_limit_exhausted,"“The idea was practical: when AI struggled, a person could help.”"
iter6/instances_s2/safety_A5.json,iter6,safety_A5,1,0,K1,stage1,translation,MUSE-HC-012,BLOCKING,A2,L0,,2,EN,,,,same(同じ),e1_minimal_word_edit(rewrite_hint_quote),1_word_connective,True,,RESOLVED_REWRITE,,They also temporarily put back the feature in which humans handled the calls. They did not stop Muse itself.
iter6/instances_s2/safety_er009_changed_actor.json,iter6,safety_er009_changed_actor,1,0,K1,stage1,,,BLOCKING,A1,L0,whole,1,EN,,,,current_narrower_within_one_sentence(現行⊂新、新は1文以内: 語句・句に絞った対象),e1_minimal_word_edit(rewrite_hint_quote),1_word_connective,True,,RESOLVED_REWRITE,,"A team at Harvard Business School studied more than 13 million credit card payments in New York City taxis, and found that higher suggested tip rates led passengers to leave more money."
iter6/instances_s2/safety_er009_changed_causality.json,iter6,safety_er009_changed_causality,1,0,K1,stage1,,,BLOCKING,A1,L0,whole,1,EN,,,,current_narrower_within_one_sentence(現行⊂新、新は1文以内: 語句・句に絞った対象),e2_generic_rewrite(rewrite_hint_quote),3_sentence,True,,RESOLVED_REWRITE,,The rise in US restaurant tipping from about 10-15 percent in the early 1970s to about 20 percent by the late 1990s was directly caused by the introduction of digital tip screens.
iter6/instances_s2/safety_er009_changed_certainty.json,iter6,safety_er009_changed_certainty,1,0,K1,stage1,,,BLOCKING,A1,L0,whole,1,EN,,,,same(同じ),e2_generic_rewrite(rewrite_hint_quote),3_sentence,True,,RESOLVED_REWRITE,,It is now proven beyond doubt that suggested tip screens cause guilt tipping in every customer who sees one.
iter6/instances_s2/safety_er009_changed_comparison.json,iter6,safety_er009_changed_comparison,1,0,K1,stage1,,,BLOCKING,A1,L0,whole,1,EN,,,,same(同じ),e1_minimal_word_edit(rewrite_hint_quote),1_word_connective,True,,RESOLVED_REWRITE,,"Passengers who saw LOWER suggested tip rates left more money than those who saw higher suggested rates, according to the New York City taxi study."
iter6/instances_s2/safety_er009_changed_negation.json,iter6,safety_er009_changed_negation,1,0,K1,stage1,,,BLOCKING,A1,L0,whole,1,EN,,,,same(同じ),e1_minimal_word_edit(rewrite_hint_quote),1_word_connective,True,,RESOLVED_REWRITE,,The taxi study found that passengers who saw higher suggested tip rates did NOT leave more money; the suggested rate had no effect on the final tip.
iter6/instances_s2/safety_er009_changed_number.json,iter6,safety_er009_changed_number,1,0,K1,stage1,,,BLOCKING,A1,L0,whole,1,EN,,,,current_narrower_within_one_sentence(現行⊂新、新は1文以内: 語句・句に絞った対象),e1_minimal_word_edit(rewrite_hint_quote),1_word_connective,True,,RESOLVED_REWRITE,,"Researchers studied more than 30 million credit card payments in New York City taxis, and found that higher suggested tip rates led passengers to leave more money."
iter6/instances_s2/safety_er009_changed_number.json,iter6,safety_er009_changed_number,1,1,K3,stage1,,F-002,BLOCKING,,,,,,,,,,,,,,RESOLVED_REWRITE,,count values found in article not matching any ledger fact: [30000000.0]
iter6/instances_s2/safety_er009_changed_scope.json,iter6,safety_er009_changed_scope,1,0,K1,stage1,,,BLOCKING,A1,L0,whole,1,EN,,,,current_narrower_within_one_sentence(現行⊂新、新は1文以内: 語句・句に絞った対象),e1_minimal_word_edit(rewrite_hint_quote),1_word_connective,True,,RESOLVED_REWRITE,,"The taxi study's results have now been directly confirmed in restaurants nationwide: higher suggested tip rates on restaurant screens cause customers to leave more money, just as they did in the New York City taxi data."
iter6/instances_s2/safety_er009_changed_scope.json,iter6,safety_er009_changed_scope,2,0,K1,recheck,,F-004,BLOCKING,A1,L0,whole,1,EN,,,,current_narrower_within_one_sentence(現行⊂新、新は1文以内: 語句・句に絞った対象),e1_minimal_word_edit(rewrite_hint_quote),1_word_connective,True,,RESOLVED_REWRITE,,"The taxi study's results have now been directly confirmed in restaurants nationwide: higher suggested tip rates on taxi screens cause customers to leave more money, just as they did in the New York City taxi data."
iter6/instances_s2/safety_er009_changed_time.json,iter6,safety_er009_changed_time,1,0,K1,stage1,,,BLOCKING,A1,L0,whole,1,EN,,,,current_narrower_within_one_sentence(現行⊂新、新は1文以内: 語句・句に絞った対象),e1_minimal_word_edit(rewrite_hint_quote),1_word_connective,True,,RESOLVED_REWRITE,,"In 2019, researchers published a study in the American Economic Journal: Applied Economics showing that higher suggested tip rates led New York City taxi passengers to leave more money."
iter6/instances_s2/safety_er009_unsupported_new_claim.json,iter6,safety_er009_unsupported_new_claim,1,0,K1,stage1,,,BLOCKING,A1,L0,whole,1,EN,,,,current_narrower_within_one_sentence(現行⊂新、新は1文以内: 語句・句に絞った対象),deterministic_delete(rewrite_hint_quote)+fulltext_fallback,6_full_article,True,,RESOLVED_REWRITE,,The same New York City taxi researchers also found that male passengers tipped twice as much as female passengers when shown a higher suggested rate.
iter7/instances_s1/bgroup_B3.json,iter7,bgroup_B3,1,0,K1,stage1,ja_source,HF-007,BLOCKING,A4,,,,,mismatch,言い換え・要約(類似文あり、診断のみ),,new_unresolved(新で確定不能),j1_e1_minimal_word,1_word_connective,True,True,RESOLVED_REWRITE,,"Concerns about US-Iran attacks, the sea blockade, and tanker safety continued on July 14, so the flashy 20% plan left the stage, but the chart only pulled back briefly before recovering."
iter7/instances_s1/hormuz_run03_standard.json,iter7,hormuz_run03_standard,1,0,K1,stage1,ja_source,HF-009,BLOCKING,A1,L0,whole,1,EN,,,,same(同じ),j1_e1_minimal_word,1_word_connective,True,,STAGE4_ESCALATION,ja_deviation_unresolved,Oil prices did not fall across the whole market after the plan was withdrawn.
iter7/instances_s1/meta_run03_advanced.json,iter7,meta_run03_advanced,1,0,K1,stage1,ja_source,MUSE-HC-012,QUALITY,UNDET,,,,,,,no_text,,,,,,RESOLVED_STAGE2_DOWNGRADE,,"And if this was not properly explained, users had no way to know whether they were talking to AI or a person. They were enjoying the convenience of AI, only to find a human on the other end of the call without realizing it."
iter7/instances_s1/meta_run03_advanced.json,iter7,meta_run03_advanced,1,1,K2,stage1,ja_source,MUSE-HC-012,ACCEPTABLE,,,,,,,,,,,,,,RESOLVED_STAGE2_DOWNGRADE,,"Some calls made through Meta’s AI assistant were actually handled by humans, without users being properly told."
iter7/instances_s1/meta_run03_standard.json,iter7,meta_run03_standard,1,0,K1,stage1,translation,MUSE-HC-010,BLOCKING,A1,L3,part,1,EN,,,,current_wider(現行が拡大: 現行⊃新),e1_minimal_word_edit(rewrite_hint_quote),1_word_connective,True,,RESOLVED_REWRITE,,“Some calls needed user information to continue.”
iter7/instances_s1/meta_run03_standard.json,iter7,meta_run03_standard,1,1,K1,stage1,ja_source,MUSE-HC-012,QUALITY,A1,L1,whole,1,EN,,,,,,,,,RESOLVED_REWRITE,,“They did not realize it.”
iter7/instances_s1/neg1_meta_b3prod_a2.json,iter7,neg1_meta_b3prod_a2,1,0,K1,stage1,translation,MUSE-HC-006,BLOCKING,A2,L2,,4,EN,,,,current_narrower_drops_sentence(現行⊂新、新が2文以上/複数箇所: 一部の文のみ対象),e2_generic_rewrite(rewrite_hint_quote),3_sentence,True,,STAGE4_ESCALATION,ja_deviation_unresolved,"“A call seemed to come from an AI agent. But as the conversation went on, the voice was not AI at all. It was a person. Meta had run a test that caused exactly this surprise.”"
iter7/instances_s1/neg1_meta_b3prod_a2.json,iter7,neg1_meta_b3prod_a2,2,0,K1,recheck,translation,MUSE-HC-006,QUALITY,A1,L0,whole,1,EN,,,,,,,,,STAGE4_ESCALATION,ja_deviation_unresolved,Meta had run a test that caused exactly this surprise.
iter7/instances_s1/neg1_meta_b3prod_a2.json,iter7,neg1_meta_b3prod_a2,2,1,K1,recheck,ja_source,MUSE-HC-012,BLOCKING,A1,L0,whole,1,EN,,,,same(同じ),j1_e1_minimal_word,1_word_connective,True,,STAGE4_ESCALATION,ja_deviation_unresolved,The test began without clearly telling users that contract workers would make the calls.
iter7/instances_s1/neg1_meta_b3prod_a2.json,iter7,neg1_meta_b3prod_a2,2,2,K2,recheck,translation,MUSE-HC-006,QUALITY,,,,,,,,,,,,,,STAGE4_ESCALATION,ja_deviation_unresolved,# We Thought It Was AI—But There Was a Person Inside Meta’s Muse
iter7/instances_s1/neg1_meta_b3prod_a2.json,iter7,neg1_meta_b3prod_a2,2,3,K2,recheck,translation,MUSE-HC-006,QUALITY,,,,,,,,,,,,,,STAGE4_ESCALATION,ja_deviation_unresolved,It was like someone took off an AI costume. Then a person stepped out.
iter7/instances_s1/neg1_meta_b3prod_a2.json,iter7,neg1_meta_b3prod_a2,2,4,K2,recheck,translation,MUSE-HC-006,QUALITY,,,,,,,,,,,,,,STAGE4_ESCALATION,ja_deviation_unresolved,The hidden person behind the AI sign
iter7/instances_s1/neg1_meta_b3prod_a2.json,iter7,neg1_meta_b3prod_a2,2,5,K2,recheck,translation,MUSE-HC-006,QUALITY,,,,,,,,,,,,,,STAGE4_ESCALATION,ja_deviation_unresolved,"Here was the reveal. The test began without clearly telling users that contract workers would make the calls. A user might think the exchange was with AI, even though a person was involved."
iter7/instances_s1/neg1_meta_b3prod_a2.json,iter7,neg1_meta_b3prod_a2,2,6,K2,recheck,translation,MUSE-HC-006,QUALITY,,,,,,,,,,,,,,STAGE4_ESCALATION,ja_deviation_unresolved,AI had not learned to speak like a human. A human stood behind the sign that said AI.
iter7/instances_s1/neg1_meta_b3prod_a2.json,iter7,neg1_meta_b3prod_a2,2,7,K2,recheck,ja_source,MUSE-HC-012,BLOCKING,,,,,,,,,,,,,,STAGE4_ESCALATION,ja_deviation_unresolved,"A user might think the exchange was with AI, even though a person was involved."
iter7/instances_s1/neg1_meta_b3prod_a2.json,iter7,neg1_meta_b3prod_a2,2,8,K2,recheck,ja_source,MUSE-HC-012,BLOCKING,,,,,,,,,,,,,,STAGE4_ESCALATION,ja_deviation_unresolved,A Meta executive admitted the mistake. The test had begun without clearly telling users.
iter7/instances_s1/neg1_meta_b3prod_a2.json,iter7,neg1_meta_b3prod_a2,3,0,K1,recheck,translation,MUSE-HC-006,QUALITY,A1,L0,part,1,EN,,,,,,,,,STAGE4_ESCALATION,ja_deviation_unresolved,We Thought It Was AI
iter7/instances_s1/neg2_meta_refresh_a2.json,iter7,neg2_meta_refresh_a2,1,0,K1,stage1,translation,MUSE-HC-012,QUALITY,UNDET,,,,,,,no_text,,,,,,RESOLVED_STAGE2_DOWNGRADE,,“They enjoyed the ease of AI. But they did not know that a human was on the other end.”
iter7/instances_s1/neg3_hormuz_prodrunner_b1b.json,iter7,neg3_hormuz_prodrunner_b1b,1,0,K1,stage1,translation,HF-009,BLOCKING,A1,L0,whole,1,EN,,,,same(同じ),e1_minimal_word_edit(rewrite_hint_quote),1_word_connective,True,,RESOLVED_REWRITE,,"The fee plan left the stage, but the events driving oil prices—and the prices themselves—quickly returned."
iter7/instances_s1/safety_A2A3.json,iter7,safety_A2A3,1,0,K1,stage1,ja_source,HF-003,BLOCKING,A1,L1,whole,1,EN,,,,same(同じ),j1_paired_rewrite,3_sentence,True,,STAGE4_ESCALATION,ja_deviation_unresolved,“The idea was that those carrying the cargo would repay the money the United States spends to keep the strait safe.”
iter7/instances_s1/safety_A2A3.json,iter7,safety_A2A3,1,1,K1,stage1,ja_source,HF-006,QUALITY,A1,L1,part,1,EN,,,,,,,,,STAGE4_ESCALATION,ja_deviation_unresolved,“with its distant danger reaching gasoline prices and the cost of moving goods through crude oil.”
iter7/instances_s1/safety_A2A3.json,iter7,safety_A2A3,2,0,K1,recheck,ja_source,HF-009,QUALITY,A1,L0,part,1,EN,,,,,,,,,STAGE4_ESCALATION,ja_deviation_unresolved,"because attacks between the United States and Iran continued, fears of a blockade at sea remained, and people still did not know whether tankers could pass safely—showing that the charge had left the stage, but the dangerous route remained the real lead actor"
iter7/instances_s1/safety_A2A3.json,iter7,safety_A2A3,2,1,K1,recheck,ja_source,HF-006,QUALITY,A1,L0,part,1,EN,,,,,,,,,STAGE4_ESCALATION,ja_deviation_unresolved,with its distant danger reaching gasoline prices and the cost of moving goods through crude oil.
iter7/instances_s1/safety_A2A3.json,iter7,safety_A2A3,2,2,K2,recheck,ja_source,HF-009,ACCEPTABLE,,,,,,,,,,,,,,STAGE4_ESCALATION,ja_deviation_unresolved,The 20 Percent Charge Left the Stage. Oil Worries Remained.
iter7/instances_s1/safety_A2A3.json,iter7,safety_A2A3,2,3,K2,recheck,ja_source,HF-009,QUALITY,,,,,,,,,,,,,,STAGE4_ESCALATION,ja_deviation_unresolved,"The fee was gone, yet the worry remained."
iter7/instances_s1/safety_A2A3.json,iter7,safety_A2A3,2,4,K2,recheck,ja_source,HF-009,QUALITY,,,,,,,,,,,,,,STAGE4_ESCALATION,ja_deviation_unresolved,"The charge had left the stage, but that did not settle the market’s concern."
iter7/instances_s1/safety_A2A3.json,iter7,safety_A2A3,2,5,K2,recheck,ja_source,HF-009,ACCEPTABLE,,,,,,,,,,,,,,STAGE4_ESCALATION,ja_deviation_unresolved,"The fee disappeared in a day, but the danger around the Strait of Hormuz remained."
iter7/instances_s1/safety_A2A3.json,iter7,safety_A2A3,2,6,K2,recheck,ja_source,HF-006,QUALITY,,,,,,,,,,,,,,STAGE4_ESCALATION,ja_deviation_unresolved,"Crude oil also passes through it, so trouble with transport could push its price higher."
iter7/instances_s1/safety_A2A3.json,iter7,safety_A2A3,2,7,K1,recheck,ja_source,HF-003,BLOCKING,A1,L0,part,1,JA,,,,new_resolved_in_JA_only(EN比較不可),j1_failed+ja_fulltext_fallback+en_fulltext_fallback,6_full_article,True,,STAGE4_ESCALATION,ja_deviation_unresolved,アメリカが海峡の安全を守るために使う費用を、貨物を運ぶ側に返してもらうという考えです。
iter7/instances_s1/safety_A2A3.json,iter7,safety_A2A3,3,0,K1,recheck,ja_source,HF-009,QUALITY,A1,L0,part,1,EN,,,,,,,,,STAGE4_ESCALATION,ja_deviation_unresolved,"showing that the charge had left the stage, but the dangerous route remained the real lead actor, with its distant danger reaching gasoline prices and the cost of moving goods through crude oil."
iter7/instances_s1/safety_A2A3.json,iter7,safety_A2A3,3,1,K1,recheck,ja_source,HF-006,QUALITY,A1,L0,part,1,JA,,,,,,,,,STAGE4_ESCALATION,ja_deviation_unresolved,市場が身構えたのは、このためです。
iter7/instances_s2/bgroup_B3.json,iter7,bgroup_B3,1,0,K1,stage1,ja_source,HF-007,BLOCKING,A4,,,,,mismatch,言い換え・要約(類似文あり、診断のみ),,new_unresolved(新で確定不能),j1_e1_minimal_word,1_word_connective,True,True,RESOLVED_REWRITE,,"Concerns about US-Iran attacks, the sea blockade, and tanker safety continued on July 14, so the flashy 20% plan left the stage, but the chart only pulled back briefly before recovering."
iter7/instances_s2/hormuz_run03_standard.json,iter7,hormuz_run03_standard,1,0,K1,stage1,ja_source,HF-009,BLOCKING,A1,L0,whole,1,EN,,,,same(同じ),j1_e1_minimal_word,1_word_connective,True,,STAGE4_ESCALATION,ja_deviation_unresolved,Oil prices did not fall across the whole market after the plan was withdrawn.
iter7/instances_s2/hormuz_run03_standard.json,iter7,hormuz_run03_standard,2,0,K1,recheck,ja_source,HF-009,BLOCKING,A4,,,,,explanatory,L4条件を満たさない説明文混在(断片1つ+説明文),,new_unresolved(新で確定不能),j1_paired_rewrite_paragraph,4_paragraph,True,True,STAGE4_ESCALATION,ja_deviation_unresolved,"“Oil prices moved briefly, then returned to a high level.” The headline and one-line summary also state this more broadly as a claim about oil prices generally."
iter7/instances_s2/hormuz_run03_standard.json,iter7,hormuz_run03_standard,2,1,K2,recheck,ja_source,HF-009,ACCEPTABLE,,,,,,,,,,,,,,STAGE4_ESCALATION,ja_deviation_unresolved,"The Fee Plan Leaves, But High Oil Prices Stay"
iter7/instances_s2/hormuz_run03_standard.json,iter7,hormuz_run03_standard,2,2,K2,recheck,ja_source,HF-009,ACCEPTABLE,,,,,,,,,,,,,,STAGE4_ESCALATION,ja_deviation_unresolved,"After the fee plan was withdrawn and replaced, Brent crude oil futures briefly lost some of their gains."
iter7/instances_s2/hormuz_run03_standard.json,iter7,hormuz_run03_standard,2,3,K2,recheck,ja_source,HF-009,ACCEPTABLE,,,,,,,,,,,,,,STAGE4_ESCALATION,ja_deviation_unresolved,But they soon returned to a high level near their earlier level.
iter7/instances_s2/hormuz_run03_standard.json,iter7,hormuz_run03_standard,2,4,K2,recheck,ja_source,HF-009,ACCEPTABLE,,,,,,,,,,,,,,STAGE4_ESCALATION,ja_deviation_unresolved,"At the time of reporting, they were up about 2.6 percent, above 85 dollars a barrel."
iter7/instances_s2/hormuz_run03_standard.json,iter7,hormuz_run03_standard,2,5,K2,recheck,ja_source,HF-009,ACCEPTABLE,,,,,,,,,,,,,,STAGE4_ESCALATION,ja_deviation_unresolved,Brent futures did not keep falling after the plan was withdrawn.
iter7/instances_s2/hormuz_run03_standard.json,iter7,hormuz_run03_standard,2,6,K2,recheck,ja_source,HF-009,BLOCKING,,,,,,,,,,,,,,STAGE4_ESCALATION,ja_deviation_unresolved,"The fee plan vanished, but oil prices stayed high as tensions around the Strait of Hormuz continued."
iter7/instances_s2/hormuz_run03_standard.json,iter7,hormuz_run03_standard,3,0,K1,recheck,ja_source,HF-009,ACCEPTABLE,A1,L0,part,1,EN,,,,,,,,,STAGE4_ESCALATION,ja_deviation_unresolved,"The Fee Plan Leaves, But High Oil Prices Stay"
iter7/instances_s2/hormuz_run03_standard.json,iter7,hormuz_run03_standard,3,1,K2,recheck,ja_source,HF-009,ACCEPTABLE,,,,,,,,,,,,,,STAGE4_ESCALATION,ja_deviation_unresolved,"After the fee plan was withdrawn and replaced, Brent crude oil futures briefly lost some of their gains."
iter7/instances_s2/hormuz_run03_standard.json,iter7,hormuz_run03_standard,3,2,K2,recheck,ja_source,HF-009,ACCEPTABLE,,,,,,,,,,,,,,STAGE4_ESCALATION,ja_deviation_unresolved,But they soon returned to a high level near their earlier level.
iter7/instances_s2/hormuz_run03_standard.json,iter7,hormuz_run03_standard,3,3,K2,recheck,ja_source,HF-009,ACCEPTABLE,,,,,,,,,,,,,,STAGE4_ESCALATION,ja_deviation_unresolved,"At the time of reporting, they were up about 2.6 percent, above 85 dollars a barrel."
iter7/instances_s2/hormuz_run03_standard.json,iter7,hormuz_run03_standard,3,4,K2,recheck,ja_source,HF-009,ACCEPTABLE,,,,,,,,,,,,,,STAGE4_ESCALATION,ja_deviation_unresolved,Brent futures did not keep falling after the plan was withdrawn.
iter7/instances_s2/hormuz_run03_standard.json,iter7,hormuz_run03_standard,3,5,K2,recheck,ja_source,HF-009,ACCEPTABLE,,,,,,,,,,,,,,STAGE4_ESCALATION,ja_deviation_unresolved,"Brent prices briefly fell back, then returned close to their earlier high level."
iter7/instances_s2/hormuz_run03_standard.json,iter7,hormuz_run03_standard,3,6,K2,recheck,ja_source,HF-009,ACCEPTABLE,,,,,,,,,,,,,,STAGE4_ESCALATION,ja_deviation_unresolved,"Brent futures dipped briefly, then returned to near their high level before the announcement."
iter7/instances_s2/meta_run03_advanced.json,iter7,meta_run03_advanced,1,0,K1,stage1,ja_source,MUSE-HC-012,QUALITY,UNDET,,,,,,,no_text,,,,,,RESOLVED_STAGE2_DOWNGRADE,,"And if this was not properly explained, users had no way to know whether they were talking to AI or a person. They were enjoying the convenience of AI, only to find a human on the other end of the call without realizing it."
iter7/instances_s2/meta_run03_advanced.json,iter7,meta_run03_advanced,1,1,K2,stage1,ja_source,MUSE-HC-012,ACCEPTABLE,,,,,,,,,,,,,,RESOLVED_STAGE2_DOWNGRADE,,"Some calls made through Meta’s AI assistant were actually handled by humans, without users being properly told."
iter7/instances_s2/meta_run03_standard.json,iter7,meta_run03_standard,1,0,K1,stage1,translation,MUSE-HC-010,BLOCKING,A1,L3,part,1,EN,,,,current_wider(現行が拡大: 現行⊃新),e1_minimal_word_edit(rewrite_hint_quote),1_word_connective,True,,RESOLVED_REWRITE,,“Some calls needed user information to continue.”
iter7/instances_s2/meta_run03_standard.json,iter7,meta_run03_standard,1,1,K1,stage1,ja_source,MUSE-HC-012,QUALITY,A1,L1,whole,1,EN,,,,,,,,,RESOLVED_REWRITE,,“They did not realize it.”
iter7/instances_s2/neg1_meta_b3prod_a2.json,iter7,neg1_meta_b3prod_a2,1,0,K1,stage1,translation,MUSE-HC-006,ACCEPTABLE,UNDET,,,,,,,no_text,,,,,,RESOLVED_STAGE2_DOWNGRADE,,"“A call seemed to come from an AI agent. But as the conversation went on, the voice was not AI at all. It was a person. Meta had run a test that caused exactly this surprise.”"
iter7/instances_s2/neg2_meta_refresh_a2.json,iter7,neg2_meta_refresh_a2,1,0,K1,stage1,translation,MUSE-HC-012,QUALITY,UNDET,,,,,,,no_text,,,,,,RESOLVED_STAGE2_DOWNGRADE,,“They enjoyed the ease of AI. But they did not know that a human was on the other end.”
iter7/instances_s2/neg3_hormuz_prodrunner_b1b.json,iter7,neg3_hormuz_prodrunner_b1b,1,0,K1,stage1,translation,HF-009,BLOCKING,A1,L0,whole,1,EN,,,,same(同じ),e1_minimal_word_edit(rewrite_hint_quote),1_word_connective,True,,RESOLVED_REWRITE,,"The fee plan left the stage, but the events driving oil prices—and the prices themselves—quickly returned."
iter7/instances_s2/safety_A2A3.json,iter7,safety_A2A3,1,0,K1,stage1,ja_source,HF-003,BLOCKING,A1,L1,whole,1,EN,,,,same(同じ),j1_paired_rewrite,3_sentence,True,,STAGE4_ESCALATION,ja_deviation_unresolved,“The idea was that those carrying the cargo would repay the money the United States spends to keep the strait safe.”
iter7/instances_s2/safety_A2A3.json,iter7,safety_A2A3,1,1,K1,stage1,ja_source,HF-006,QUALITY,A1,L1,part,1,EN,,,,,,,,,STAGE4_ESCALATION,ja_deviation_unresolved,“with its distant danger reaching gasoline prices and the cost of moving goods through crude oil.”
iter7/instances_s2/safety_A2A3.json,iter7,safety_A2A3,2,0,K1,recheck,ja_source,HF-009,QUALITY,A1,L1,part,1,EN,,,,,,,,,STAGE4_ESCALATION,ja_deviation_unresolved,“the dangerous route remained the real lead actor”
iter7/instances_s2/safety_A2A3.json,iter7,safety_A2A3,2,1,K1,recheck,ja_source,HF-006,QUALITY,A1,L1,part,1,EN,,,,,,,,,STAGE4_ESCALATION,ja_deviation_unresolved,“with its distant danger reaching gasoline prices and the cost of moving goods through crude oil”
iter7/instances_s2/safety_A2A3.json,iter7,safety_A2A3,2,2,K2,recheck,ja_source,HF-009,ACCEPTABLE,,,,,,,,,,,,,,STAGE4_ESCALATION,ja_deviation_unresolved,# The 20 Percent Charge Left the Stage. Oil Worries Remained.
iter7/instances_s2/safety_A2A3.json,iter7,safety_A2A3,2,3,K2,recheck,ja_source,HF-009,QUALITY,,,,,,,,,,,,,,STAGE4_ESCALATION,ja_deviation_unresolved,"It was as if the market were saying, “The talk about the charge is over, but the story of the strait is not.”"
iter7/instances_s2/safety_A2A3.json,iter7,safety_A2A3,2,4,K2,recheck,ja_source,HF-009,QUALITY,,,,,,,,,,,,,,STAGE4_ESCALATION,ja_deviation_unresolved,"The fee was gone, yet the worry remained."
iter7/instances_s2/safety_A2A3.json,iter7,safety_A2A3,2,5,K2,recheck,ja_source,HF-009,QUALITY,,,,,,,,,,,,,,STAGE4_ESCALATION,ja_deviation_unresolved,"The charge had left the stage, but that did not settle the market’s concern."
iter7/instances_s2/safety_A2A3.json,iter7,safety_A2A3,2,6,K2,recheck,ja_source,HF-009,QUALITY,,,,,,,,,,,,,,STAGE4_ESCALATION,ja_deviation_unresolved,"The fee disappeared in a day, but the danger around the Strait of Hormuz remained."
iter7/instances_s2/safety_A2A3.json,iter7,safety_A2A3,2,7,K1,recheck,ja_source,HF-003,BLOCKING,A1,L0,part,1,JA,,,,new_resolved_in_JA_only(EN比較不可),j1_failed+ja_fulltext_fallback+en_fulltext_fallback,6_full_article,True,,STAGE4_ESCALATION,ja_deviation_unresolved,アメリカが海峡の安全を守るために使う費用を、貨物を運ぶ側に返してもらうという考えです。
iter7/instances_s2/safety_A2A3.json,iter7,safety_A2A3,3,0,K1,recheck,ja_source,HF-009,QUALITY,A1,L0,part,1,EN,,,,,,,,,STAGE4_ESCALATION,ja_deviation_unresolved,with its distant danger reaching gasoline prices and the cost of moving goods through crude oil.
iter7/instances_s2/safety_A2A3.json,iter7,safety_A2A3,3,1,K1,recheck,ja_source,HF-006,QUALITY,A1,L0,part,1,JA,,,,,,,,,STAGE4_ESCALATION,ja_deviation_unresolved,原油もこの海峡を通るため、輸送に影響が出れば、価格が上がる可能性があります。市場が身構えたのは、このためです。
iter8/instances_s1/bgroup_B2_hormuz.json,iter8,bgroup_B2_hormuz,1,0,K1,stage1,ja_source,HF-011,QUALITY,UNDET,,,,,,,no_text,,,,,,RESOLVED_STAGE2_DOWNGRADE,,"The disappearance of the fee plan did not lead to a large, lasting fall in prices."
iter8/instances_s1/bgroup_B3.json,iter8,bgroup_B3,1,0,K1,stage1,ja_source,HF-007,QUALITY,UNDET,,,,,,,no_text,,,,,,RESOLVED_STAGE2_DOWNGRADE,,"Concerns about US-Iran attacks, the sea blockade, and tanker safety continued on July 14, so the flashy 20% plan left the stage, but the chart only pulled back briefly before recovering: the policy turn and the oil chart’s “not over yet” movement happened on the same day."
iter8/instances_s1/hormuz_run01_advanced.json,iter8,hormuz_run01_advanced,1,0,K1,stage1,ja_source,,ACCEPTABLE,UNDET,,,,,,,no_text,,,,,,RESOLVED_STAGE2_DOWNGRADE,,"Even if this seems like a story about a distant sea, oil prices are linked to gasoline prices and transportation costs."
iter8/instances_s1/hormuz_run03_standard.json,iter8,hormuz_run03_standard,1,0,K1,stage1,ja_source,HF-009,QUALITY,UNDET,,,,,,,no_text,,,,,,RESOLVED_STAGE2_DOWNGRADE,,Oil prices did not fall across the whole market after the plan was withdrawn.
iter8/instances_s1/hormuz_run03_standard.json,iter8,hormuz_run03_standard,1,1,K2,stage1,ja_source,HF-009,ACCEPTABLE,,,,,,,,,,,,,,RESOLVED_STAGE2_DOWNGRADE,,"# The Fee Plan Leaves, But High Oil Prices Stay"
iter8/instances_s1/hormuz_run03_standard.json,iter8,hormuz_run03_standard,1,2,K2,stage1,ja_source,HF-009,QUALITY,,,,,,,,,,,,,,RESOLVED_STAGE2_DOWNGRADE,,Prices seemed ready to fall. But they soon returned to a high level near their earlier level.
iter8/instances_s1/hormuz_run03_standard.json,iter8,hormuz_run03_standard,1,3,K2,stage1,ja_source,HF-009,QUALITY,,,,,,,,,,,,,,RESOLVED_STAGE2_DOWNGRADE,,"Political statements changed greatly. Oil prices moved briefly, then returned to a high level."
iter8/instances_s1/hormuz_run03_standard.json,iter8,hormuz_run03_standard,1,4,K2,stage1,ja_source,HF-009,QUALITY,,,,,,,,,,,,,,RESOLVED_STAGE2_DOWNGRADE,,"The fee plan vanished, but oil prices stayed high as tensions around the Strait of Hormuz continued."
iter8/instances_s1/meta_run03_advanced.json,iter8,meta_run03_advanced,1,0,K1,stage1,ja_source,MUSE-HC-012,QUALITY,UNDET,,,,,,,no_text,,,,,,RESOLVED_STAGE2_DOWNGRADE,,"“And if this was not properly explained, users had no way to know whether they were talking to AI or a person. They were enjoying the convenience of AI, only to find a human on the other end of the call without realizing it.”"
iter8/instances_s1/meta_run03_advanced.json,iter8,meta_run03_advanced,1,1,K2,stage1,ja_source,MUSE-HC-012,ACCEPTABLE,,,,,,,,,,,,,,RESOLVED_STAGE2_DOWNGRADE,,"Some calls made through Meta’s AI assistant were actually handled by humans, without users being properly told."
iter8/instances_s1/meta_run03_standard.json,iter8,meta_run03_standard,1,0,K1,stage1,translation,MUSE-HC-012,QUALITY,A2,L1,,2,EN,,,,,,,,,STAGE4_ESCALATION,same_claim_fact_id_reblocked,"“They enjoyed AI’s convenience, but a human was on the other end. They did not realize it.”"
iter8/instances_s1/meta_run03_standard.json,iter8,meta_run03_standard,1,1,K1,stage1,translation,MUSE-HC-011,BLOCKING,A2,L1,,2,EN,,,,current_narrower_drops_sentence(現行⊂新、新が2文以上/複数箇所: 一部の文のみ対象),e1_minimal_word_edit(er010_word_overlap(sentence_fallback(overlap=0.55))),1_word_connective,True,,STAGE4_ESCALATION,same_claim_fact_id_reblocked,“It said human staff made inappropriate comments about race during calls. These calls were about trying to lower internet or cable fees.”
iter8/instances_s1/meta_run03_standard.json,iter8,meta_run03_standard,1,2,K2,stage1,translation,MUSE-HC-012,QUALITY,,,,,,,,,,,,,,STAGE4_ESCALATION,same_claim_fact_id_reblocked,"If no one explained this clearly, users could not know. They could not tell if it was AI or a person."
iter8/instances_s1/meta_run03_standard.json,iter8,meta_run03_standard,1,3,K2,stage1,translation,MUSE-HC-012,ACCEPTABLE,,,,,,,,,,,,,,STAGE4_ESCALATION,same_claim_fact_id_reblocked,"Some calls through Meta’s AI assistant were actually handled by humans, but users were not properly told."
iter8/instances_s1/meta_run03_standard.json,iter8,meta_run03_standard,1,4,K2,stage1,translation,MUSE-HC-011,BLOCKING,,,,,,,,,,,,,,STAGE4_ESCALATION,same_claim_fact_id_reblocked,News reports also cited one employee’s report.
iter8/instances_s1/meta_run03_standard.json,iter8,meta_run03_standard,1,5,K2,stage1,translation,MUSE-HC-011,BLOCKING,,,,,,,,,,,,,,STAGE4_ESCALATION,same_claim_fact_id_reblocked,"However, this is only one report. It would be wrong to say all contract workers did this."
iter8/instances_s1/meta_run03_standard.json,iter8,meta_run03_standard,2,0,K1,recheck,translation,MUSE-HC-012,QUALITY,A2,L0,,3,EN,,,,,,,,,STAGE4_ESCALATION,same_claim_fact_id_reblocked,"They enjoyed AI’s convenience, but a human was on the other end. They did not realize it. That was happening behind the scenes."
iter8/instances_s1/meta_run03_standard.json,iter8,meta_run03_standard,2,1,K1,recheck,translation,MUSE-HC-010,BLOCKING,A1,L3,part,1,EN,,,,current_wider(現行が拡大: 現行⊃新),e2_paragraph_rewrite(rewrite_hint_quote),4_paragraph,True,,STAGE4_ESCALATION,same_claim_fact_id_reblocked,Some calls needed user information to continue.
iter8/instances_s1/meta_run03_standard.json,iter8,meta_run03_standard,2,2,K1,recheck,translation,MUSE-HC-011,BLOCKING,A1,L0,whole,1,EN,,,,current_wider(現行が拡大: 現行⊃新),e1_minimal_word_edit(rewrite_hint_quote),1_word_connective,True,,STAGE4_ESCALATION,same_claim_fact_id_reblocked,These calls were about trying to lower internet or cable fees.
iter8/instances_s1/meta_run03_standard.json,iter8,meta_run03_standard,2,3,K2,recheck,translation,MUSE-HC-012,QUALITY,,,,,,,,,,,,,,STAGE4_ESCALATION,same_claim_fact_id_reblocked,People asking Muse to call might think AI was calling.
iter8/instances_s1/meta_run03_standard.json,iter8,meta_run03_standard,2,4,K2,recheck,translation,MUSE-HC-012,QUALITY,,,,,,,,,,,,,,STAGE4_ESCALATION,same_claim_fact_id_reblocked,"If no one explained this clearly, users could not know."
iter8/instances_s1/meta_run03_standard.json,iter8,meta_run03_standard,2,5,K2,recheck,translation,MUSE-HC-012,QUALITY,,,,,,,,,,,,,,STAGE4_ESCALATION,same_claim_fact_id_reblocked,They could not tell if it was AI or a person.
iter8/instances_s1/meta_run03_standard.json,iter8,meta_run03_standard,2,6,K2,recheck,translation,MUSE-HC-012,BLOCKING,,,,,,,,,,,,,,STAGE4_ESCALATION,same_claim_fact_id_reblocked,"Some calls through Meta’s AI assistant were actually handled by humans, but users were not properly told."
iter8/instances_s1/meta_run03_standard.json,iter8,meta_run03_standard,2,7,K2,recheck,translation,MUSE-HC-010,ACCEPTABLE,,,,,,,,,,,,,,STAGE4_ESCALATION,same_claim_fact_id_reblocked,That information might accidentally be shared with contract workers at a call center.
iter8/instances_s1/meta_run03_standard.json,iter8,meta_run03_standard,2,8,K2,recheck,translation,MUSE-HC-011,BLOCKING,,,,,,,,,,,,,,STAGE4_ESCALATION,same_claim_fact_id_reblocked,News reports also cited one employee’s report of an inappropriate remark during a call.
iter8/instances_s1/meta_run03_standard.json,iter8,meta_run03_standard,2,9,K2,recheck,translation,MUSE-HC-011,BLOCKING,,,,,,,,,,,,,,STAGE4_ESCALATION,same_claim_fact_id_reblocked,It said human staff made inappropriate comments about race during a call.
iter8/instances_s1/meta_run03_standard.json,iter8,meta_run03_standard,2,10,K2,recheck,translation,MUSE-HC-011,BLOCKING,,,,,,,,,,,,,,STAGE4_ESCALATION,same_claim_fact_id_reblocked,"However, this is only one report."
iter8/instances_s1/meta_run03_standard.json,iter8,meta_run03_standard,3,0,K1,recheck,translation,MUSE-HC-012,BLOCKING,A2,L0,,2,EN,,,,rewrite_not_executed,,,,,STAGE4_ESCALATION,same_claim_fact_id_reblocked,"They enjoyed AI’s convenience, but a human was on the other end. They did not realize it."
iter8/instances_s1/meta_run03_standard.json,iter8,meta_run03_standard,3,1,K1,recheck,translation,MUSE-HC-011,BLOCKING,A1,L0,whole,1,EN,,,,rewrite_not_executed,,,,,STAGE4_ESCALATION,same_claim_fact_id_reblocked,It said human staff made inappropriate comments about race during one call.
iter8/instances_s1/meta_run03_standard.json,iter8,meta_run03_standard,3,2,K2,recheck,translation,MUSE-HC-012,QUALITY,,,,,,,,,,,,,,STAGE4_ESCALATION,same_claim_fact_id_reblocked,People asking Muse to call might think AI was calling.
iter8/instances_s1/meta_run03_standard.json,iter8,meta_run03_standard,3,3,K2,recheck,translation,MUSE-HC-012,QUALITY,,,,,,,,,,,,,,STAGE4_ESCALATION,same_claim_fact_id_reblocked,"If no one explained this clearly, users could not know."
iter8/instances_s1/meta_run03_standard.json,iter8,meta_run03_standard,3,4,K2,recheck,translation,MUSE-HC-012,BLOCKING,,,,,,,,,,,,,,STAGE4_ESCALATION,same_claim_fact_id_reblocked,They could not tell if it was AI or a person.
iter8/instances_s1/meta_run03_standard.json,iter8,meta_run03_standard,3,5,K2,recheck,translation,MUSE-HC-011,BLOCKING,,,,,,,,,,,,,,STAGE4_ESCALATION,same_claim_fact_id_reblocked,News reports also cited one employee’s report of an inappropriate remark during one call.
iter8/instances_s1/meta_run03_standard.json,iter8,meta_run03_standard,3,6,K2,recheck,translation,MUSE-HC-011,BLOCKING,,,,,,,,,,,,,,STAGE4_ESCALATION,same_claim_fact_id_reblocked,This call was about trying to lower internet or cable fees.
iter8/instances_s1/meta_run03_standard.json,iter8,meta_run03_standard,3,7,K2,recheck,translation,MUSE-HC-011,BLOCKING,,,,,,,,,,,,,,STAGE4_ESCALATION,same_claim_fact_id_reblocked,"However, this was one reported case."
iter8/instances_s1/meta_run03_standard.json,iter8,meta_run03_standard,3,8,K2,recheck,translation,MUSE-HC-011,BLOCKING,,,,,,,,,,,,,,STAGE4_ESCALATION,same_claim_fact_id_reblocked,It would be wrong to say many contract workers did this.
iter8/instances_s1/neg2_meta_refresh_a2.json,iter8,neg2_meta_refresh_a2,1,0,K1,stage1,ja_source,MUSE-HC-012,QUALITY,UNDET,,,,,,,no_text,,,,,,RESOLVED_STAGE2_DOWNGRADE,,They enjoyed the ease of AI. But they did not know that a human was on the other end.
iter8/instances_s1/neg2_meta_refresh_a2.json,iter8,neg2_meta_refresh_a2,1,1,K2,stage1,ja_source,MUSE-HC-012,ACCEPTABLE,,,,,,,,,,,,,,RESOLVED_STAGE2_DOWNGRADE,,"If this was not explained clearly, users could not know if it was AI or a person."
iter8/instances_s1/neg2_meta_refresh_a2.json,iter8,neg2_meta_refresh_a2,1,2,K2,stage1,ja_source,MUSE-HC-012,ACCEPTABLE,,,,,,,,,,,,,,RESOLVED_STAGE2_DOWNGRADE,,"Some calls through Meta’s AI assistant were handled by humans, but users were not properly told."
iter8/instances_s1/neg3_hormuz_prodrunner_b1b.json,iter8,neg3_hormuz_prodrunner_b1b,1,0,K1,stage1,translation,HF-009,BLOCKING,A1,L0,whole,1,EN,,,,same(同じ),e1_minimal_word_edit(rewrite_hint_quote),1_word_connective,True,,RESOLVED_REWRITE,,"The fee plan left the stage, but the events driving oil prices—and the prices themselves—quickly returned."
iter8/instances_s1/neg3_hormuz_prodrunner_b1b.json,iter8,neg3_hormuz_prodrunner_b1b,1,1,K2,stage1,translation,HF-009,BLOCKING,,,,,,,,,,,,,,RESOLVED_REWRITE,,"During that period, attacks between the United States and Iran, a sea blockade, and concerns about tanker safety continued."
iter8/instances_s1/neg3_hormuz_prodrunner_b1b.json,iter8,neg3_hormuz_prodrunner_b1b,1,2,K2,stage1,translation,HF-009,BLOCKING,,,,,,,,,,,,,,RESOLVED_REWRITE,,"The fee plan may be replaced, but events continuing at the same time do not simply disappear backstage because of one announcement."
iter8/instances_s1/safety_A2A3.json,iter8,safety_A2A3,1,0,K1,stage1,ja_source,HF-003,BLOCKING,UNDET,,,,,,,no_text,undetermined(本文記録なし),+ladder6_disabled,,False,,STAGE4_ESCALATION,target_not_locatable,“The idea was that those carrying the cargo would repay the money the United States spends to keep the strait safe.”
iter8/instances_s1/safety_A2A3.json,iter8,safety_A2A3,1,1,K1,stage1,ja_source,HF-006,BLOCKING,UNDET,,,,,,,no_text,undetermined(本文記録なし),j1_target_not_locatable,,False,,STAGE4_ESCALATION,target_not_locatable,“with its distant danger reaching gasoline prices and the cost of moving goods through crude oil.”
iter8/instances_s1/safety_A2A3.json,iter8,safety_A2A3,1,2,K2,stage1,ja_source,HF-003,BLOCKING,,,,,,,,,,,,,,STAGE4_ESCALATION,target_not_locatable,The idea was that those carrying the cargo would repay the money the United States spends to keep the strait safe.
iter8/instances_s1/safety_A2A3.json,iter8,safety_A2A3,1,3,K2,stage1,ja_source,HF-006,QUALITY,,,,,,,,,,,,,,STAGE4_ESCALATION,target_not_locatable,"Normally, that might have brought some relief to crude oil prices."
iter8/instances_s1/safety_A2A3.json,iter8,safety_A2A3,1,4,K2,stage1,ja_source,HF-006,QUALITY,,,,,,,,,,,,,,STAGE4_ESCALATION,target_not_locatable,"Crude oil also passes through it, so trouble with transport could push its price higher."
iter8/instances_s1/safety_A2A3.json,iter8,safety_A2A3,1,5,K2,stage1,ja_source,HF-006,BLOCKING,,,,,,,,,,,,,,STAGE4_ESCALATION,target_not_locatable,"6 percent, because attacks between the United States and Iran continued, fears of a blockade at sea remained, and people still did not know whether tankers could pass safely—showing that the charge had left the stage, but the dangerous route remained the real lead actor, with its distant danger reaching gasoline prices and the cost of moving goods through crude oil."
iter8/instances_s1/safety_A4.json,iter8,safety_A4,1,0,K1,stage1,translation,MUSE-HC-006,BLOCKING,UNDET,,,,,,,no_text,undetermined(本文記録なし),e1_minimal_word_edit(rewrite_hint_quote),1_word_connective,True,,STAGE4_ESCALATION,ladder_exhausted_without_full_rewrite,"“Through Muse, trained human contract workers made some calls and completed the exchanges with users.”"
iter8/instances_s1/safety_A4.json,iter8,safety_A4,1,1,K1,stage1,ja_source,MUSE-HC-012,BLOCKING,UNDET,,,,,,,no_text,undetermined(本文記録なし),+ladder6_disabled,,False,,STAGE4_ESCALATION,ladder_exhausted_without_full_rewrite,“people who thought they were speaking with AI were actually speaking with human staff”および冒頭の「That was what people thought as they spoke.」
iter8/instances_s1/safety_A4.json,iter8,safety_A4,1,2,K1,stage1,ja_source,MUSE-HC-010,BLOCKING,UNDET,,,,,,,no_text,undetermined(本文記録なし),+ladder6_disabled,,False,,STAGE4_ESCALATION,ladder_exhausted_without_full_rewrite,“One helper meant one more person handling private data.”
iter8/instances_s1/safety_A4.json,iter8,safety_A4,1,3,K2,stage1,translation,MUSE-HC-006,BLOCKING,,,,,,,,,,,,,,STAGE4_ESCALATION,ladder_exhausted_without_full_rewrite,"Through Muse, trained human contract workers made some calls and completed the exchanges with users."
iter8/instances_s1/safety_A4.json,iter8,safety_A4,1,4,K2,stage1,translation,MUSE-HC-006,BLOCKING,,,,,,,,,,,,,,STAGE4_ESCALATION,ladder_exhausted_without_full_rewrite,"In response, a Meta executive admitted that starting a test in which contract workers made calls without properly telling people was a mistake."
iter8/instances_s1/safety_A4.json,iter8,safety_A4,1,5,K2,stage1,ja_source,MUSE-HC-012,QUALITY,,,,,,,,,,,,,,STAGE4_ESCALATION,ladder_exhausted_without_full_rewrite,That was what people thought as they spoke.
iter8/instances_s1/safety_A4.json,iter8,safety_A4,1,6,K2,stage1,ja_source,MUSE-HC-012,BLOCKING,,,,,,,,,,,,,,STAGE4_ESCALATION,ladder_exhausted_without_full_rewrite,So people who thought they were speaking with AI were actually speaking with human staff.
iter8/instances_s1/safety_A4.json,iter8,safety_A4,1,7,K2,stage1,ja_source,MUSE-HC-010,BLOCKING,,,,,,,,,,,,,,STAGE4_ESCALATION,ladder_exhausted_without_full_rewrite,One helper meant one more person handling private data.
iter8/instances_s1/safety_A5.json,iter8,safety_A5,1,0,K1,stage1,translation,MUSE-HC-012,BLOCKING,UNDET,,,,,,,no_text,undetermined(本文記録なし),e2_generic_rewrite(rewrite_hint_quote),3_sentence,True,,STAGE4_ESCALATION,ladder_exhausted_without_full_rewrite,They also temporarily put back the feature in which humans handled the calls. They did not stop Muse itself.
iter8/instances_s1/safety_A5.json,iter8,safety_A5,1,1,K2,stage1,translation,MUSE-HC-012,QUALITY,,,,,,,,,,,,,,STAGE4_ESCALATION,ladder_exhausted_without_full_rewrite,"” The fact that humans handled the calls was not, by itself, an immediate problem."
iter8/instances_s1/safety_A5.json,iter8,safety_A5,1,2,K2,stage1,translation,MUSE-HC-012,BLOCKING,,,,,,,,,,,,,,STAGE4_ESCALATION,ladder_exhausted_without_full_rewrite,They also temporarily put back the feature in which humans handled the calls.
iter8/instances_s1/safety_A5.json,iter8,safety_A5,1,3,K2,stage1,translation,MUSE-HC-012,QUALITY,,,,,,,,,,,,,,STAGE4_ESCALATION,ladder_exhausted_without_full_rewrite,They did not stop Muse itself.
iter8/instances_s1/safety_er009_changed_actor.json,iter8,safety_er009_changed_actor,1,0,K1,stage1,,,BLOCKING,A1,L0,whole,1,EN,,,,current_narrower_within_one_sentence(現行⊂新、新は1文以内: 語句・句に絞った対象),e1_minimal_word_edit(rewrite_hint_quote),1_word_connective,True,,RESOLVED_REWRITE,,"A team at Harvard Business School studied more than 13 million credit card payments in New York City taxis, and found that higher suggested tip rates led passengers to leave more money."
iter8/instances_s1/safety_er009_changed_causality.json,iter8,safety_er009_changed_causality,1,0,K1,stage1,,,BLOCKING,A1,L0,whole,1,EN,,,,current_narrower_within_one_sentence(現行⊂新、新は1文以内: 語句・句に絞った対象),e2_generic_rewrite(rewrite_hint_quote),3_sentence,True,,RESOLVED_REWRITE,,The rise in US restaurant tipping from about 10-15 percent in the early 1970s to about 20 percent by the late 1990s was directly caused by the introduction of digital tip screens.
iter8/instances_s1/safety_er009_changed_certainty.json,iter8,safety_er009_changed_certainty,1,0,K1,stage1,,,BLOCKING,A1,L0,whole,1,EN,,,,same(同じ),e2_generic_rewrite(rewrite_hint_quote),3_sentence,True,,RESOLVED_REWRITE,,It is now proven beyond doubt that suggested tip screens cause guilt tipping in every customer who sees one.
iter8/instances_s1/safety_er009_changed_comparison.json,iter8,safety_er009_changed_comparison,1,0,K1,stage1,,,BLOCKING,A1,L0,whole,1,EN,,,,same(同じ),e2_paragraph_rewrite(rewrite_hint_quote),4_paragraph,True,,RESOLVED_REWRITE,,"Passengers who saw LOWER suggested tip rates left more money than those who saw higher suggested rates, according to the New York City taxi study."
iter8/instances_s1/safety_er009_changed_negation.json,iter8,safety_er009_changed_negation,1,0,K1,stage1,,,BLOCKING,A1,L0,whole,1,EN,,,,same(同じ),e2_generic_rewrite(rewrite_hint_quote),3_sentence,True,,RESOLVED_REWRITE,,The taxi study found that passengers who saw higher suggested tip rates did NOT leave more money; the suggested rate had no effect on the final tip.
iter8/instances_s1/safety_er009_changed_number.json,iter8,safety_er009_changed_number,1,0,K1,stage1,,,BLOCKING,A1,L0,whole,1,EN,,,,current_narrower_within_one_sentence(現行⊂新、新は1文以内: 語句・句に絞った対象),e2_generic_rewrite(rewrite_hint_quote),3_sentence,True,,RESOLVED_REWRITE,,"Researchers studied more than 30 million credit card payments in New York City taxis, and found that higher suggested tip rates led passengers to leave more money."
iter8/instances_s1/safety_er009_changed_number.json,iter8,safety_er009_changed_number,1,1,K3,stage1,,F-002,BLOCKING,,,,,,,,,,,,,,RESOLVED_REWRITE,,"Researchers studied more than 30 million credit card payments in New York City taxis, and found that higher suggested tip rates led passengers to leave more money."
iter8/instances_s1/safety_er009_changed_scope.json,iter8,safety_er009_changed_scope,1,0,K1,stage1,,,BLOCKING,A1,L0,whole,1,EN,,,,current_narrower_within_one_sentence(現行⊂新、新は1文以内: 語句・句に絞った対象),e1_minimal_word_edit(rewrite_hint_quote),1_word_connective,True,,RESOLVED_REWRITE_THEN_DOWNGRADE,,"The taxi study's results have now been directly confirmed in restaurants nationwide: higher suggested tip rates on restaurant screens cause customers to leave more money, just as they did in the New York City taxi data."
iter8/instances_s1/safety_er009_changed_scope.json,iter8,safety_er009_changed_scope,2,0,K1,recheck,,F-004,BLOCKING,A1,L0,whole,1,EN,,,,current_narrower_within_one_sentence(現行⊂新、新は1文以内: 語句・句に絞った対象),e1_minimal_word_edit(rewrite_hint_quote),1_word_connective,True,,RESOLVED_REWRITE_THEN_DOWNGRADE,,"The taxi study's results have now been directly confirmed in New York City taxis: higher suggested tip rates on taxi screens cause customers to leave more money., just as they did in the New York City taxi data."
iter8/instances_s1/safety_er009_changed_scope.json,iter8,safety_er009_changed_scope,3,0,K1,recheck,,F-004,QUALITY,A1,L0,whole,1,EN,,,,,,,,,RESOLVED_REWRITE_THEN_DOWNGRADE,,"Higher suggested tip rates on taxi screens cause customers to leave more money.., just as they did in the New York City taxi data."
iter8/instances_s1/safety_er009_changed_time.json,iter8,safety_er009_changed_time,1,0,K1,stage1,,,BLOCKING,A1,L0,whole,1,EN,,,,same(同じ),e1_minimal_word_edit(rewrite_hint_quote),1_word_connective,True,,RESOLVED_REWRITE,,"In 2019, researchers published a study in the American Economic Journal: Applied Economics showing that higher suggested tip rates led New York City taxi passengers to leave more money."
iter8/instances_s1/safety_er009_unsupported_new_claim.json,iter8,safety_er009_unsupported_new_claim,1,0,K1,stage1,,,BLOCKING,UNDET,,,,,,,no_text,undetermined(本文記録なし),deterministic_delete(rewrite_hint_quote)+ladder6_disabled,,False,,STAGE4_ESCALATION,ladder_exhausted_without_full_rewrite,The same New York City taxi researchers also found that male passengers tipped twice as much as female passengers when shown a higher suggested rate.
iter8/instances_s2/bgroup_B3.json,iter8,bgroup_B3,1,0,K1,stage1,ja_source,HF-007,QUALITY,UNDET,,,,,,,no_text,,,,,,RESOLVED_STAGE2_DOWNGRADE,,"Concerns about US-Iran attacks, the sea blockade, and tanker safety continued on July 14, so the flashy 20% plan left the stage, but the chart only pulled back briefly before recovering: the policy turn and the oil chart’s “not over yet” movement happened on the same day."
iter8/instances_s2/hormuz_run03_standard.json,iter8,hormuz_run03_standard,1,0,K1,stage1,ja_source,HF-009,QUALITY,UNDET,,,,,,,no_text,,,,,,RESOLVED_STAGE2_DOWNGRADE,,Oil prices did not fall across the whole market after the plan was withdrawn.
iter8/instances_s2/hormuz_run03_standard.json,iter8,hormuz_run03_standard,1,1,K2,stage1,ja_source,HF-009,ACCEPTABLE,,,,,,,,,,,,,,RESOLVED_STAGE2_DOWNGRADE,,"# The Fee Plan Leaves, But High Oil Prices Stay"
iter8/instances_s2/hormuz_run03_standard.json,iter8,hormuz_run03_standard,1,2,K2,stage1,ja_source,HF-009,QUALITY,,,,,,,,,,,,,,RESOLVED_STAGE2_DOWNGRADE,,Prices seemed ready to fall. But they soon returned to a high level near their earlier level.
iter8/instances_s2/hormuz_run03_standard.json,iter8,hormuz_run03_standard,1,3,K2,stage1,ja_source,HF-009,QUALITY,,,,,,,,,,,,,,RESOLVED_STAGE2_DOWNGRADE,,"Political statements changed greatly. Oil prices moved briefly, then returned to a high level."
iter8/instances_s2/hormuz_run03_standard.json,iter8,hormuz_run03_standard,1,4,K2,stage1,ja_source,HF-009,QUALITY,,,,,,,,,,,,,,RESOLVED_STAGE2_DOWNGRADE,,"The fee plan vanished, but oil prices stayed high as tensions around the Strait of Hormuz continued."
iter8/instances_s2/meta_run03_advanced.json,iter8,meta_run03_advanced,1,0,K1,stage1,ja_source,MUSE-HC-012,QUALITY,UNDET,,,,,,,no_text,,,,,,RESOLVED_STAGE2_DOWNGRADE,,"“And if this was not properly explained, users had no way to know whether they were talking to AI or a person. They were enjoying the convenience of AI, only to find a human on the other end of the call without realizing it.”"
iter8/instances_s2/meta_run03_advanced.json,iter8,meta_run03_advanced,1,1,K2,stage1,ja_source,MUSE-HC-012,ACCEPTABLE,,,,,,,,,,,,,,RESOLVED_STAGE2_DOWNGRADE,,"Some calls made through Meta’s AI assistant were actually handled by humans, without users being properly told."
iter8/instances_s2/meta_run03_standard.json,iter8,meta_run03_standard,1,0,K1,stage1,translation,MUSE-HC-012,QUALITY,A2,L1,,2,EN,,,,,,,,,STAGE4_ESCALATION,target_not_locatable,"“They enjoyed AI’s convenience, but a human was on the other end. They did not realize it.”"
iter8/instances_s2/meta_run03_standard.json,iter8,meta_run03_standard,1,1,K1,stage1,translation,MUSE-HC-011,BLOCKING,A2,L1,,2,EN,,,,current_narrower_drops_sentence(現行⊂新、新が2文以上/複数箇所: 一部の文のみ対象),e1_minimal_word_edit(er010_word_overlap(sentence_fallback(overlap=0.55))),1_word_connective,True,,STAGE4_ESCALATION,target_not_locatable,“It said human staff made inappropriate comments about race during calls. These calls were about trying to lower internet or cable fees.”
iter8/instances_s2/meta_run03_standard.json,iter8,meta_run03_standard,1,2,K2,stage1,translation,MUSE-HC-012,QUALITY,,,,,,,,,,,,,,STAGE4_ESCALATION,target_not_locatable,"If no one explained this clearly, users could not know. They could not tell if it was AI or a person."
iter8/instances_s2/meta_run03_standard.json,iter8,meta_run03_standard,1,3,K2,stage1,translation,MUSE-HC-012,ACCEPTABLE,,,,,,,,,,,,,,STAGE4_ESCALATION,target_not_locatable,"Some calls through Meta’s AI assistant were actually handled by humans, but users were not properly told."
iter8/instances_s2/meta_run03_standard.json,iter8,meta_run03_standard,1,4,K2,stage1,translation,MUSE-HC-011,BLOCKING,,,,,,,,,,,,,,STAGE4_ESCALATION,target_not_locatable,News reports also cited one employee’s report.
iter8/instances_s2/meta_run03_standard.json,iter8,meta_run03_standard,1,5,K2,stage1,translation,MUSE-HC-011,BLOCKING,,,,,,,,,,,,,,STAGE4_ESCALATION,target_not_locatable,"However, this is only one report. It would be wrong to say all contract workers did this."
iter8/instances_s2/meta_run03_standard.json,iter8,meta_run03_standard,2,0,K1,recheck,translation,MUSE-HC-011,BLOCKING,A1,L1,whole,1,EN,,,,same(同じ),e2_generic_rewrite(rewrite_hint_quote),3_sentence,True,,STAGE4_ESCALATION,target_not_locatable,“These calls were about trying to lower internet or cable fees.”
iter8/instances_s2/meta_run03_standard.json,iter8,meta_run03_standard,2,1,K1,recheck,ja_source,MUSE-HC-007,BLOCKING,A2,L1,,2,EN,,,,same(同じ),j1_paired_rewrite_paragraph,4_paragraph,True,,STAGE4_ESCALATION,target_not_locatable,"“They enjoyed AI’s convenience, but a human was on the other end. They did not realize it.”"
iter8/instances_s2/meta_run03_standard.json,iter8,meta_run03_standard,2,2,K2,recheck,translation,MUSE-HC-011,BLOCKING,,,,,,,,,,,,,,STAGE4_ESCALATION,target_not_locatable,It said human staff made inappropriate comments about race during one call.
iter8/instances_s2/meta_run03_standard.json,iter8,meta_run03_standard,2,3,K2,recheck,translation,MUSE-HC-011,BLOCKING,,,,,,,,,,,,,,STAGE4_ESCALATION,target_not_locatable,"However, this is only one case."
iter8/instances_s2/meta_run03_standard.json,iter8,meta_run03_standard,2,4,K2,recheck,ja_source,MUSE-HC-007,QUALITY,,,,,,,,,,,,,,STAGE4_ESCALATION,target_not_locatable,People asking Muse to call might think AI was calling.
iter8/instances_s2/meta_run03_standard.json,iter8,meta_run03_standard,2,5,K2,recheck,ja_source,MUSE-HC-007,QUALITY,,,,,,,,,,,,,,STAGE4_ESCALATION,target_not_locatable,"If no one explained this clearly, users could not know."
iter8/instances_s2/meta_run03_standard.json,iter8,meta_run03_standard,2,6,K2,recheck,ja_source,MUSE-HC-007,BLOCKING,,,,,,,,,,,,,,STAGE4_ESCALATION,target_not_locatable,They could not tell if it was AI or a person.
iter8/instances_s2/meta_run03_standard.json,iter8,meta_run03_standard,2,7,K2,recheck,ja_source,MUSE-HC-007,QUALITY,,,,,,,,,,,,,,STAGE4_ESCALATION,target_not_locatable,"Some calls through Meta’s AI assistant were actually handled by humans, but users were not properly told."
iter8/instances_s2/neg2_meta_refresh_a2.json,iter8,neg2_meta_refresh_a2,1,0,K1,stage1,ja_source,MUSE-HC-012,QUALITY,UNDET,,,,,,,no_text,,,,,,RESOLVED_STAGE2_DOWNGRADE,,They enjoyed the ease of AI. But they did not know that a human was on the other end.
iter8/instances_s2/neg2_meta_refresh_a2.json,iter8,neg2_meta_refresh_a2,1,1,K2,stage1,ja_source,MUSE-HC-012,QUALITY,,,,,,,,,,,,,,RESOLVED_STAGE2_DOWNGRADE,,"If this was not explained clearly, users could not know if it was AI or a person."
iter8/instances_s2/neg2_meta_refresh_a2.json,iter8,neg2_meta_refresh_a2,1,2,K2,stage1,ja_source,MUSE-HC-012,ACCEPTABLE,,,,,,,,,,,,,,RESOLVED_STAGE2_DOWNGRADE,,"Some calls through Meta’s AI assistant were handled by humans, but users were not properly told."
iter8/instances_s2/neg3_hormuz_prodrunner_b1b.json,iter8,neg3_hormuz_prodrunner_b1b,1,0,K1,stage1,translation,HF-009,BLOCKING,A1,L0,whole,1,EN,,,,current_narrower_within_one_sentence(現行⊂新、新は1文以内: 語句・句に絞った対象),e1_minimal_word_edit(rewrite_hint_quote),1_word_connective,True,,RESOLVED_REWRITE,,"The fee plan left the stage, but the events driving oil prices—and the prices themselves—quickly returned."
iter8/instances_s2/neg3_hormuz_prodrunner_b1b.json,iter8,neg3_hormuz_prodrunner_b1b,1,1,K2,stage1,translation,HF-009,BLOCKING,,,,,,,,,,,,,,RESOLVED_REWRITE,,"During that period, attacks between the United States and Iran, a sea blockade, and concerns about tanker safety continued."
iter8/instances_s2/neg3_hormuz_prodrunner_b1b.json,iter8,neg3_hormuz_prodrunner_b1b,1,2,K2,stage1,translation,HF-009,BLOCKING,,,,,,,,,,,,,,RESOLVED_REWRITE,,"The fee plan may be replaced, but events continuing at the same time do not simply disappear backstage because of one announcement."
iter8/instances_s2/safety_A2A3.json,iter8,safety_A2A3,1,0,K1,stage1,ja_source,HF-003,QUALITY,UNDET,,,,,,,no_text,,,,,,RESOLVED_STAGE2_DOWNGRADE,,“The idea was that those carrying the cargo would repay the money the United States spends to keep the strait safe.”
iter8/instances_s2/safety_A2A3.json,iter8,safety_A2A3,1,1,K1,stage1,ja_source,HF-006,QUALITY,UNDET,,,,,,,no_text,,,,,,RESOLVED_STAGE2_DOWNGRADE,,“with its distant danger reaching gasoline prices and the cost of moving goods through crude oil.”
iter8/instances_s2/safety_A2A3.json,iter8,safety_A2A3,1,2,K2,stage1,ja_source,HF-003,QUALITY,,,,,,,,,,,,,,RESOLVED_STAGE2_DOWNGRADE,,The idea was that those carrying the cargo would repay the money the United States spends to keep the strait safe.
iter8/instances_s2/safety_A2A3.json,iter8,safety_A2A3,1,3,K2,stage1,ja_source,HF-006,ACCEPTABLE,,,,,,,,,,,,,,RESOLVED_STAGE2_DOWNGRADE,,"Normally, that might have brought some relief to crude oil prices."
iter8/instances_s2/safety_A2A3.json,iter8,safety_A2A3,1,4,K2,stage1,ja_source,HF-006,QUALITY,,,,,,,,,,,,,,RESOLVED_STAGE2_DOWNGRADE,,"Crude oil also passes through it, so trouble with transport could push its price higher."
iter8/instances_s2/safety_A2A3.json,iter8,safety_A2A3,1,5,K2,stage1,ja_source,HF-006,QUALITY,,,,,,,,,,,,,,RESOLVED_STAGE2_DOWNGRADE,,"6 percent, because attacks between the United States and Iran continued, fears of a blockade at sea remained, and people still did not know whether tankers could pass safely—showing that the charge had left the stage, but the dangerous route remained the real lead actor, with its distant danger reaching gasoline prices and the cost of moving goods through crude oil."
rep10/instances_s1/bgroup_B3.json,rep10,bgroup_B3,1,0,K1,stage1,ja_source,HF-007,BLOCKING,A4,,,,,mismatch,言い換え・要約(類似文あり、診断のみ),,new_unresolved(新で確定不能),j1_e1_minimal_word,1_word_connective,True,True,RESOLVED_REWRITE,,"Concerns about US-Iran attacks, the sea blockade, and tanker safety continued on July 14, so the flashy 20% plan left the stage, but the chart only pulled back briefly before recovering."
rep10/instances_s1/hormuz_run03_standard.json,rep10,hormuz_run03_standard,1,0,K1,stage1,ja_source,HF-009,BLOCKING,A1,L0,whole,1,EN,,,,same(同じ),j1_e1_minimal_word,1_word_connective,True,,RESOLVED_REWRITE_THEN_DOWNGRADE,,Oil prices did not fall across the whole market after the plan was withdrawn.
rep10/instances_s1/hormuz_run03_standard.json,rep10,hormuz_run03_standard,2,0,K1,recheck,ja_source,HF-009,BLOCKING,A1,L0,whole,1,EN,,,,same(同じ),j1_paired_rewrite_paragraph,4_paragraph,True,,RESOLVED_REWRITE_THEN_DOWNGRADE,,Brent futures did not fall after the plan was withdrawn.
rep10/instances_s1/neg3_hormuz_prodrunner_b1b.json,rep10,neg3_hormuz_prodrunner_b1b,1,0,K1,stage1,translation,HF-009,BLOCKING,A1,L0,whole,1,EN,,,,same(同じ),e1_minimal_word_edit(rewrite_hint_quote),1_word_connective,True,,RESOLVED_REWRITE,,"The fee plan left the stage, but the events driving oil prices—and the prices themselves—quickly returned."
rep10/instances_s1/safety_A2A3.json,rep10,safety_A2A3,1,0,K1,stage1,ja_source,HF-003,BLOCKING,A1,L1,whole,1,EN,,,,same(同じ),j1_paired_rewrite,3_sentence,True,,RESOLVED_REWRITE_THEN_DOWNGRADE,,“The idea was that those carrying the cargo would repay the money the United States spends to keep the strait safe.”
rep10/instances_s1/safety_A2A3.json,rep10,safety_A2A3,1,1,K1,stage1,ja_source,HF-006,QUALITY,A1,L1,part,1,EN,,,,,,,,,RESOLVED_REWRITE_THEN_DOWNGRADE,,“with its distant danger reaching gasoline prices and the cost of moving goods through crude oil.”
rep10/instances_s1/safety_A2A3.json,rep10,safety_A2A3,2,0,K1,recheck,ja_source,HF-006,QUALITY,A1,L1,part,1,EN,,,,,,,,,RESOLVED_REWRITE_THEN_DOWNGRADE,,“with its distant danger reaching gasoline prices and the cost of moving goods through crude oil.”
rep10/instances_s1/safety_A5.json,rep10,safety_A5,1,0,K1,stage1,translation,MUSE-HC-012,BLOCKING,A2,L0,,2,EN,,,,same(同じ),e1_minimal_word_edit(exact_substring),1_word_connective,True,,RESOLVED_REWRITE,,They also temporarily put back the feature in which humans handled the calls. They did not stop Muse itself.
rep10/instances_s1/safety_er009_changed_number.json,rep10,safety_er009_changed_number,1,0,K1,stage1,,,BLOCKING,A1,L0,whole,1,EN,,,,current_narrower_within_one_sentence(現行⊂新、新は1文以内: 語句・句に絞った対象),e1_minimal_word_edit(rewrite_hint_quote),1_word_connective,True,,RESOLVED_REWRITE,,"Researchers studied more than 30 million credit card payments in New York City taxis, and found that higher suggested tip rates led passengers to leave more money."
rep10/instances_s1/safety_er009_changed_number.json,rep10,safety_er009_changed_number,1,1,K3,stage1,,F-002,BLOCKING,,,,,,,,,,,,,,RESOLVED_REWRITE,,"Researchers studied more than 30 million credit card payments in New York City taxis, and found that higher suggested tip rates led passengers to leave more money."
rep10/instances_s2/bgroup_B3.json,rep10,bgroup_B3,1,0,K1,stage1,ja_source,HF-007,BLOCKING,A4,,,,,mismatch,言い換え・要約(類似文あり、診断のみ),,new_unresolved(新で確定不能),j1_e1_minimal_word,1_word_connective,True,False,RESOLVED_REWRITE,,"Concerns about US-Iran attacks, the sea blockade, and tanker safety continued on July 14, so the flashy 20% plan left the stage, but the chart only pulled back briefly before recovering."
rep10/instances_s2/hormuz_run03_standard.json,rep10,hormuz_run03_standard,1,0,K1,stage1,ja_source,HF-009,BLOCKING,A1,L0,whole,1,EN,,,,same(同じ),j1_e1_minimal_word,1_word_connective,True,,RESOLVED_REWRITE,,Oil prices did not fall across the whole market after the plan was withdrawn.
rep10/instances_s2/neg3_hormuz_prodrunner_b1b.json,rep10,neg3_hormuz_prodrunner_b1b,1,0,K1,stage1,translation,HF-009,BLOCKING,A1,L0,whole,1,EN,,,,same(同じ),e1_minimal_word_edit(rewrite_hint_quote),1_word_connective,True,,RESOLVED_REWRITE,,"The fee plan left the stage, but the events driving oil prices—and the prices themselves—quickly returned."
rep10/instances_s2/safety_A2A3.json,rep10,safety_A2A3,1,0,K1,stage1,ja_source,HF-003,BLOCKING,A1,L1,whole,1,EN,,,,same(同じ),j1_paired_rewrite,3_sentence,True,,RESOLVED_REWRITE_THEN_DOWNGRADE,,“The idea was that those carrying the cargo would repay the money the United States spends to keep the strait safe.”
rep10/instances_s2/safety_A2A3.json,rep10,safety_A2A3,1,1,K1,stage1,ja_source,HF-006,QUALITY,A1,L1,part,1,EN,,,,,,,,,RESOLVED_REWRITE_THEN_DOWNGRADE,,“with its distant danger reaching gasoline prices and the cost of moving goods through crude oil.”
rep10/instances_s2/safety_A2A3.json,rep10,safety_A2A3,2,0,K1,recheck,ja_source,HF-009,QUALITY,A1,L1,part,1,EN,,,,,,,,,RESOLVED_REWRITE_THEN_DOWNGRADE,,“with its distant danger reaching gasoline prices and the cost of moving goods through crude oil.”
rep10/instances_s2/safety_A5.json,rep10,safety_A5,1,0,K1,stage1,translation,MUSE-HC-012,BLOCKING,A2,L0,,2,EN,,,,current_narrower_drops_sentence(現行⊂新、新が2文以上/複数箇所: 一部の文のみ対象),e1_minimal_word_edit(rewrite_hint_quote),1_word_connective,True,,RESOLVED_REWRITE,,They also temporarily put back the feature in which humans handled the calls. They did not stop Muse itself.
rep10/instances_s2/safety_er009_changed_number.json,rep10,safety_er009_changed_number,1,0,K1,stage1,,,BLOCKING,A1,L0,whole,1,EN,,,,same(同じ),e1_minimal_word_edit(rewrite_hint_quote),1_word_connective,True,,RESOLVED_REWRITE,,"Researchers studied more than 30 million credit card payments in New York City taxis, and found that higher suggested tip rates led passengers to leave more money."
rep10/instances_s2/safety_er009_changed_number.json,rep10,safety_er009_changed_number,1,1,K3,stage1,,F-002,BLOCKING,,,,,,,,,,,,,,RESOLVED_REWRITE,,"Researchers studied more than 30 million credit card payments in New York City taxis, and found that higher suggested tip rates led passengers to leave more money."
rep11/instances_s1/bgroup_B3.json,rep11,bgroup_B3,1,0,K1,stage1,ja_source,HF-007,BLOCKING,A4,,,,,mismatch,言い換え・要約(類似文あり、診断のみ),,new_unresolved(新で確定不能),j1_e1_minimal_word,1_word_connective,True,True,STAGE4_ESCALATION,ja_deviation_unresolved,"Concerns about US-Iran attacks, the sea blockade, and tanker safety continued on July 14, so the flashy 20% plan left the stage, but the chart only pulled back briefly before recovering."
rep11/instances_s1/meta_run03_standard.json,rep11,meta_run03_standard,1,0,K1,stage1,translation,MUSE-HC-010,BLOCKING,A1,L3,part,1,EN,,,,current_wider(現行が拡大: 現行⊃新),e1_minimal_word_edit(rewrite_hint_quote),1_word_connective,True,,STAGE4_ESCALATION,ja_deviation_unresolved,“Some calls needed user information to continue.”
rep11/instances_s1/meta_run03_standard.json,rep11,meta_run03_standard,1,1,K1,stage1,ja_source,MUSE-HC-012,QUALITY,A1,L1,whole,1,EN,,,,,,,,,STAGE4_ESCALATION,ja_deviation_unresolved,“They did not realize it.”
rep11/instances_s1/meta_run03_standard.json,rep11,meta_run03_standard,2,0,K1,recheck,ja_source,MUSE-HC-012,QUALITY,A1,L0,whole,1,EN,,,,,,,,,STAGE4_ESCALATION,ja_deviation_unresolved,They did not realize it.
rep11/instances_s1/meta_run03_standard.json,rep11,meta_run03_standard,2,1,K2,recheck,ja_source,MUSE-HC-012,QUALITY,,,,,,,,,,,,,,STAGE4_ESCALATION,ja_deviation_unresolved,The problem was not that humans made the calls. The problem was telling users who was speaking.
rep11/instances_s1/meta_run03_standard.json,rep11,meta_run03_standard,2,2,K2,recheck,ja_source,MUSE-HC-012,QUALITY,,,,,,,,,,,,,,STAGE4_ESCALATION,ja_deviation_unresolved,People asking Muse to call might think AI was calling.
rep11/instances_s1/meta_run03_standard.json,rep11,meta_run03_standard,2,3,K2,recheck,ja_source,MUSE-HC-012,QUALITY,,,,,,,,,,,,,,STAGE4_ESCALATION,ja_deviation_unresolved,"If no one explained this clearly, users could not know."
rep11/instances_s1/meta_run03_standard.json,rep11,meta_run03_standard,2,4,K2,recheck,ja_source,MUSE-HC-012,QUALITY,,,,,,,,,,,,,,STAGE4_ESCALATION,ja_deviation_unresolved,They could not tell if it was AI or a person.
rep11/instances_s1/meta_run03_standard.json,rep11,meta_run03_standard,2,5,K2,recheck,ja_source,MUSE-HC-012,BLOCKING,,,,,,,,,,,,,,STAGE4_ESCALATION,ja_deviation_unresolved,"They enjoyed AI’s convenience, but a human was on the other end."
rep11/instances_s1/meta_run03_standard.json,rep11,meta_run03_standard,2,6,K2,recheck,ja_source,MUSE-HC-012,ACCEPTABLE,,,,,,,,,,,,,,STAGE4_ESCALATION,ja_deviation_unresolved,"Some calls through Meta’s AI assistant were actually handled by humans, but users were not properly told."
rep11/instances_s1/meta_run03_standard.json,rep11,meta_run03_standard,3,0,K1,recheck,ja_source,MUSE-HC-012,QUALITY,A2,L0,,2,EN,,,,,,,,,STAGE4_ESCALATION,ja_deviation_unresolved,"If no one explained this clearly, users could not know. They could not tell if it was AI or a person."
rep11/instances_s1/meta_run03_standard.json,rep11,meta_run03_standard,3,1,K2,recheck,ja_source,MUSE-HC-012,QUALITY,,,,,,,,,,,,,,STAGE4_ESCALATION,ja_deviation_unresolved,People asking Muse to call might think AI was calling.
rep11/instances_s1/meta_run03_standard.json,rep11,meta_run03_standard,3,2,K2,recheck,ja_source,MUSE-HC-012,ACCEPTABLE,,,,,,,,,,,,,,STAGE4_ESCALATION,ja_deviation_unresolved,"But sometimes, a human was speaking instead."
rep11/instances_s1/meta_run03_standard.json,rep11,meta_run03_standard,3,3,K2,recheck,ja_source,MUSE-HC-012,ACCEPTABLE,,,,,,,,,,,,,,STAGE4_ESCALATION,ja_deviation_unresolved,"In some calls, contract staff handled the calls without proper notice. That was happening behind the scenes."
rep11/instances_s1/meta_run03_standard.json,rep11,meta_run03_standard,3,4,K2,recheck,ja_source,MUSE-HC-012,ACCEPTABLE,,,,,,,,,,,,,,STAGE4_ESCALATION,ja_deviation_unresolved,"Some calls through Meta’s AI assistant were actually handled by humans, but users were not properly told."
rep11/instances_s1/neg1_meta_b3prod_a2.json,rep11,neg1_meta_b3prod_a2,1,0,K1,stage1,translation,MUSE-HC-006,BLOCKING,A2,L2,,4,EN,,,,current_narrower_drops_sentence(現行⊂新、新が2文以上/複数箇所: 一部の文のみ対象),e2_generic_rewrite(rewrite_hint_quote),3_sentence,True,,RESOLVED_REWRITE,,"“A call seemed to come from an AI agent. But as the conversation went on, the voice was not AI at all. It was a person. Meta had run a test that caused exactly this surprise.”"
rep11/instances_s2/bgroup_B3.json,rep11,bgroup_B3,1,0,K1,stage1,ja_source,HF-007,BLOCKING,A4,,,,,mismatch,言い換え・要約(類似文あり、診断のみ),,new_unresolved(新で確定不能),j1_e1_minimal_word,1_word_connective,True,True,STAGE4_ESCALATION,ja_deviation_unresolved,"Concerns about US-Iran attacks, the sea blockade, and tanker safety continued on July 14, so the flashy 20% plan left the stage, but the chart only pulled back briefly before recovering."
rep11/instances_s2/meta_run03_standard.json,rep11,meta_run03_standard,1,0,K1,stage1,translation,MUSE-HC-010,BLOCKING,A1,L3,part,1,EN,,,,current_wider(現行が拡大: 現行⊃新),e1_minimal_word_edit(rewrite_hint_quote),1_word_connective,True,,RESOLVED_REWRITE_THEN_DOWNGRADE,,“Some calls needed user information to continue.”
rep11/instances_s2/meta_run03_standard.json,rep11,meta_run03_standard,1,1,K1,stage1,ja_source,MUSE-HC-012,QUALITY,A1,L1,whole,1,EN,,,,,,,,,RESOLVED_REWRITE_THEN_DOWNGRADE,,“They did not realize it.”
rep11/instances_s2/meta_run03_standard.json,rep11,meta_run03_standard,2,0,K1,recheck,translation,MUSE-HC-012,QUALITY,A2,L0,,2,EN,,,,,,,,,RESOLVED_REWRITE_THEN_DOWNGRADE,,"They enjoyed AI’s convenience, but a human was on the other end. They did not realize it."
rep11/instances_s2/meta_run03_standard.json,rep11,meta_run03_standard,2,1,K2,recheck,translation,MUSE-HC-012,QUALITY,,,,,,,,,,,,,,RESOLVED_REWRITE_THEN_DOWNGRADE,,People asking Muse to call might think AI was calling.
rep11/instances_s2/meta_run03_standard.json,rep11,meta_run03_standard,2,2,K2,recheck,translation,MUSE-HC-012,QUALITY,,,,,,,,,,,,,,RESOLVED_REWRITE_THEN_DOWNGRADE,,"If no one explained this clearly, users could not know."
rep11/instances_s2/meta_run03_standard.json,rep11,meta_run03_standard,2,3,K2,recheck,translation,MUSE-HC-012,QUALITY,,,,,,,,,,,,,,RESOLVED_REWRITE_THEN_DOWNGRADE,,They could not tell if it was AI or a person.
rep11/instances_s2/meta_run03_standard.json,rep11,meta_run03_standard,2,4,K2,recheck,translation,MUSE-HC-012,ACCEPTABLE,,,,,,,,,,,,,,RESOLVED_REWRITE_THEN_DOWNGRADE,,"Some calls through Meta’s AI assistant were actually handled by humans, but users were not properly told."
rep11/instances_s2/neg1_meta_b3prod_a2.json,rep11,neg1_meta_b3prod_a2,1,0,K1,stage1,translation,MUSE-HC-006,BLOCKING,A2,L2,,4,EN,,,,current_narrower_drops_sentence(現行⊂新、新が2文以上/複数箇所: 一部の文のみ対象),e2_generic_rewrite(rewrite_hint_quote),3_sentence,True,,RESOLVED_REWRITE_THEN_DOWNGRADE,,"“A call seemed to come from an AI agent. But as the conversation went on, the voice was not AI at all. It was a person. Meta had run a test that caused exactly this surprise.”"
rep11/instances_s2/neg1_meta_b3prod_a2.json,rep11,neg1_meta_b3prod_a2,2,0,K1,recheck,ja_source,MUSE-HC-006,QUALITY,A1,L1,whole,1,EN,,,,,,,,,RESOLVED_REWRITE_THEN_DOWNGRADE,,“Meta had run a test that caused exactly this surprise.”
rep11/instances_s2/neg1_meta_b3prod_a2.json,rep11,neg1_meta_b3prod_a2,2,1,K1,recheck,ja_source,MUSE-HC-012,QUALITY,A1,L1,whole,1,EN,,,,,,,,,RESOLVED_REWRITE_THEN_DOWNGRADE,,“The test began without clearly telling users that contract workers would make the calls.”
rep11/instances_s2/neg1_meta_b3prod_a2.json,rep11,neg1_meta_b3prod_a2,2,2,K2,recheck,ja_source,MUSE-HC-006,ACCEPTABLE,,,,,,,,,,,,,,RESOLVED_REWRITE_THEN_DOWNGRADE,,# We Thought It Was AI—But There Was a Person Inside Meta’s Muse
rep11/instances_s2/neg1_meta_b3prod_a2.json,rep11,neg1_meta_b3prod_a2,2,3,K2,recheck,ja_source,MUSE-HC-006,ACCEPTABLE,,,,,,,,,,,,,,RESOLVED_REWRITE_THEN_DOWNGRADE,,A call seemed to come from an AI agent.
rep11/instances_s2/neg1_meta_b3prod_a2.json,rep11,neg1_meta_b3prod_a2,2,4,K2,recheck,ja_source,MUSE-HC-006,QUALITY,,,,,,,,,,,,,,RESOLVED_REWRITE_THEN_DOWNGRADE,,"A user might think the exchange was with AI, even though a person was involved."
rep11/instances_s2/neg1_meta_b3prod_a2.json,rep11,neg1_meta_b3prod_a2,2,5,K2,recheck,ja_source,MUSE-HC-012,QUALITY,,,,,,,,,,,,,,RESOLVED_REWRITE_THEN_DOWNGRADE,,The test had begun without clearly telling users.
rep12/instances_s1/bgroup_B1.json,rep12,bgroup_B1,1,0,K1,stage1,,HF-009,QUALITY,UNDET,,,,,,,no_text,,,,,,RESOLVED_STAGE2_DOWNGRADE,,「市場が見ているのは『言葉』より海の安全」「投資家が気にしているのは、20％の料金案が残るかどうかだけではない」とし、海上の危険がBrent価格の反発を説明するかのように述べている。
rep12/instances_s1/bgroup_B1.json,rep12,bgroup_B1,1,1,K1,stage1,,HF-009,ACCEPTABLE,UNDET,,,,,,,no_text,,,,,,RESOLVED_STAGE2_DOWNGRADE,,「原油価格が高い状態が続けば、ガソリンや輸送費など、私たちの身近な価格にも影響する。」
rep12/instances_s1/bgroup_B3.json,rep12,bgroup_B3,1,0,K1,stage1,ja_source,HF-007,BLOCKING,A4,,,,,mismatch,言い換え・要約(類似文あり、診断のみ),,new_unresolved(新で確定不能),j1_e1_minimal_word,1_word_connective,True,True,STAGE4_ESCALATION,ja_deviation_unresolved,"Concerns about US-Iran attacks, the sea blockade, and tanker safety continued on July 14, so the flashy 20% plan left the stage, but the chart only pulled back briefly before recovering."
rep12/instances_s1/meta_run03_standard.json,rep12,meta_run03_standard,1,0,K1,stage1,translation,MUSE-HC-010,BLOCKING,A1,L3,part,1,EN,,,,current_wider(現行が拡大: 現行⊃新),e1_minimal_word_edit(rewrite_hint_quote),1_word_connective,True,,RESOLVED_REWRITE,,“Some calls needed user information to continue.”
rep12/instances_s1/meta_run03_standard.json,rep12,meta_run03_standard,1,1,K1,stage1,ja_source,MUSE-HC-012,QUALITY,A1,L1,whole,1,EN,,,,,,,,,RESOLVED_REWRITE,,“They did not realize it.”
rep12/instances_s1/neg1_meta_b3prod_a2.json,rep12,neg1_meta_b3prod_a2,1,0,K1,stage1,translation,MUSE-HC-006,ACCEPTABLE,UNDET,,,,,,,no_text,,,,,,RESOLVED_STAGE2_DOWNGRADE,,"“A call seemed to come from an AI agent. But as the conversation went on, the voice was not AI at all. It was a person. Meta had run a test that caused exactly this surprise.”"
rep12/instances_s2/bgroup_B1.json,rep12,bgroup_B1,1,0,K1,stage1,,HF-009,QUALITY,UNDET,,,,,,,no_text,,,,,,RESOLVED_STAGE2_DOWNGRADE,,「市場が見ているのは『言葉』より海の安全」「投資家が気にしているのは、20％の料金案が残るかどうかだけではない」とし、海上の危険がBrent価格の反発を説明するかのように述べている。
rep12/instances_s2/bgroup_B1.json,rep12,bgroup_B1,1,1,K1,stage1,,HF-009,ACCEPTABLE,UNDET,,,,,,,no_text,,,,,,RESOLVED_STAGE2_DOWNGRADE,,「原油価格が高い状態が続けば、ガソリンや輸送費など、私たちの身近な価格にも影響する。」
rep12/instances_s2/bgroup_B3.json,rep12,bgroup_B3,1,0,K1,stage1,ja_source,HF-007,BLOCKING,A4,,,,,mismatch,言い換え・要約(類似文あり、診断のみ),,new_unresolved(新で確定不能),j1_e1_minimal_word,1_word_connective,True,True,STAGE4_ESCALATION,ja_deviation_unresolved,"Concerns about US-Iran attacks, the sea blockade, and tanker safety continued on July 14, so the flashy 20% plan left the stage, but the chart only pulled back briefly before recovering."
rep12/instances_s2/meta_run03_standard.json,rep12,meta_run03_standard,1,0,K1,stage1,translation,MUSE-HC-010,BLOCKING,A1,L3,part,1,EN,,,,current_wider(現行が拡大: 現行⊃新),e1_minimal_word_edit(rewrite_hint_quote),1_word_connective,True,,RESOLVED_REWRITE,,“Some calls needed user information to continue.”
rep12/instances_s2/meta_run03_standard.json,rep12,meta_run03_standard,1,1,K1,stage1,ja_source,MUSE-HC-012,QUALITY,A1,L1,whole,1,EN,,,,,,,,,RESOLVED_REWRITE,,“They did not realize it.”
rep12/instances_s2/neg1_meta_b3prod_a2.json,rep12,neg1_meta_b3prod_a2,1,0,K1,stage1,translation,MUSE-HC-006,ACCEPTABLE,UNDET,,,,,,,no_text,,,,,,RESOLVED_STAGE2_DOWNGRADE,,"“A call seemed to come from an AI agent. But as the conversation went on, the voice was not AI at all. It was a person. Meta had run a test that caused exactly this surprise.”"
rep13/instances_s1/bgroup_B3.json,rep13,bgroup_B3,1,0,K1,stage1,ja_source,HF-007,BLOCKING,A4,,,,,mismatch,言い換え・要約(類似文あり、診断のみ),,new_unresolved(新で確定不能),j1_e1_minimal_word,1_word_connective,True,True,RESOLVED_REWRITE,,"Concerns about US-Iran attacks, the sea blockade, and tanker safety continued on July 14, so the flashy 20% plan left the stage, but the chart only pulled back briefly before recovering."
rep13/instances_s2/bgroup_B3.json,rep13,bgroup_B3,1,0,K1,stage1,ja_source,HF-007,BLOCKING,A4,,,,,mismatch,言い換え・要約(類似文あり、診断のみ),,new_unresolved(新で確定不能),j1_e1_minimal_word,1_word_connective,True,True,RESOLVED_REWRITE,,"Concerns about US-Iran attacks, the sea blockade, and tanker safety continued on July 14, so the flashy 20% plan left the stage, but the chart only pulled back briefly before recovering."
rep14/instances_s1/hormuz_run03_standard.json,rep14,hormuz_run03_standard,1,0,K1,stage1,ja_source,HF-009,BLOCKING,A1,L0,whole,1,EN,,,,same(同じ),j1_e1_minimal_word,1_word_connective,True,,STAGE4_ESCALATION,same_claim_fact_id_reblocked,Oil prices did not fall across the whole market after the plan was withdrawn.
rep14/instances_s1/hormuz_run03_standard.json,rep14,hormuz_run03_standard,1,1,K2,stage1,ja_source,HF-009,ACCEPTABLE,,,,,,,,,,,,,,STAGE4_ESCALATION,same_claim_fact_id_reblocked,"After the fee plan was withdrawn and replaced, Brent crude oil futures briefly lost some of their gains."
rep14/instances_s1/hormuz_run03_standard.json,rep14,hormuz_run03_standard,1,2,K2,stage1,ja_source,HF-009,BLOCKING,,,,,,,,,,,,,,STAGE4_ESCALATION,same_claim_fact_id_reblocked,"The fee plan vanished, but oil prices stayed high as tensions around the Strait of Hormuz continued."
rep14/instances_s1/hormuz_run03_standard.json,rep14,hormuz_run03_standard,2,0,K1,recheck,ja_source,HF-009,BLOCKING,A1,L0,whole,1,EN,,,,rewrite_not_executed,,,,,STAGE4_ESCALATION,same_claim_fact_id_reblocked,"Oil prices moved briefly, then returned to a high level."
rep14/instances_s1/hormuz_run03_standard.json,rep14,hormuz_run03_standard,2,1,K2,recheck,ja_source,HF-009,ACCEPTABLE,,,,,,,,,,,,,,STAGE4_ESCALATION,same_claim_fact_id_reblocked,"# The Fee Plan Leaves, But High Oil Prices Stay"
rep14/instances_s1/hormuz_run03_standard.json,rep14,hormuz_run03_standard,2,2,K2,recheck,ja_source,HF-009,ACCEPTABLE,,,,,,,,,,,,,,STAGE4_ESCALATION,same_claim_fact_id_reblocked,"After the fee plan was withdrawn and replaced, Brent crude oil futures briefly lost some of their gains."
rep14/instances_s1/hormuz_run03_standard.json,rep14,hormuz_run03_standard,2,3,K2,recheck,ja_source,HF-009,ACCEPTABLE,,,,,,,,,,,,,,STAGE4_ESCALATION,same_claim_fact_id_reblocked,But they soon returned to a high level near their earlier level.
rep14/instances_s1/hormuz_run03_standard.json,rep14,hormuz_run03_standard,2,4,K2,recheck,ja_source,HF-009,ACCEPTABLE,,,,,,,,,,,,,,STAGE4_ESCALATION,same_claim_fact_id_reblocked,"At the time of reporting, they were up about 2.6 percent, above 85 dollars a barrel."
rep14/instances_s1/hormuz_run03_standard.json,rep14,hormuz_run03_standard,2,5,K2,recheck,ja_source,HF-009,BLOCKING,,,,,,,,,,,,,,STAGE4_ESCALATION,same_claim_fact_id_reblocked,Brent futures did not fall across the whole market after the plan was withdrawn.
rep14/instances_s1/hormuz_run03_standard.json,rep14,hormuz_run03_standard,2,6,K2,recheck,ja_source,HF-009,ACCEPTABLE,,,,,,,,,,,,,,STAGE4_ESCALATION,same_claim_fact_id_reblocked,"After the announcement, Brent prices briefly fell back, then soon returned close to their earlier high level."
rep14/instances_s2/hormuz_run03_standard.json,rep14,hormuz_run03_standard,1,0,K1,stage1,ja_source,HF-009,BLOCKING,A1,L0,whole,1,EN,,,,same(同じ),j1_e1_minimal_word,1_word_connective,True,,STAGE4_ESCALATION,same_claim_fact_id_reblocked,Oil prices did not fall across the whole market after the plan was withdrawn.
rep14/instances_s2/hormuz_run03_standard.json,rep14,hormuz_run03_standard,1,1,K2,stage1,ja_source,HF-009,ACCEPTABLE,,,,,,,,,,,,,,STAGE4_ESCALATION,same_claim_fact_id_reblocked,"After the fee plan was withdrawn and replaced, Brent crude oil futures briefly lost some of their gains."
rep14/instances_s2/hormuz_run03_standard.json,rep14,hormuz_run03_standard,1,2,K2,stage1,ja_source,HF-009,BLOCKING,,,,,,,,,,,,,,STAGE4_ESCALATION,same_claim_fact_id_reblocked,"The fee plan vanished, but oil prices stayed high as tensions around the Strait of Hormuz continued."
rep14/instances_s2/hormuz_run03_standard.json,rep14,hormuz_run03_standard,2,0,K1,recheck,ja_source,HF-009,BLOCKING,A1,L0,whole,1,EN,,,,rewrite_not_executed,,,,,STAGE4_ESCALATION,same_claim_fact_id_reblocked,"Oil prices moved briefly, then returned to a high level."
rep14/instances_s2/hormuz_run03_standard.json,rep14,hormuz_run03_standard,2,1,K2,recheck,ja_source,HF-009,ACCEPTABLE,,,,,,,,,,,,,,STAGE4_ESCALATION,same_claim_fact_id_reblocked,"# The Fee Plan Leaves, But High Oil Prices Stay"
rep14/instances_s2/hormuz_run03_standard.json,rep14,hormuz_run03_standard,2,2,K2,recheck,ja_source,HF-009,ACCEPTABLE,,,,,,,,,,,,,,STAGE4_ESCALATION,same_claim_fact_id_reblocked,"After the fee plan was withdrawn and replaced, Brent crude oil futures briefly lost some of their gains."
rep14/instances_s2/hormuz_run03_standard.json,rep14,hormuz_run03_standard,2,3,K2,recheck,ja_source,HF-009,ACCEPTABLE,,,,,,,,,,,,,,STAGE4_ESCALATION,same_claim_fact_id_reblocked,But they soon returned to a high level near their earlier level.
rep14/instances_s2/hormuz_run03_standard.json,rep14,hormuz_run03_standard,2,4,K2,recheck,ja_source,HF-009,BLOCKING,,,,,,,,,,,,,,STAGE4_ESCALATION,same_claim_fact_id_reblocked,Brent futures prices did not fall across the whole market after the plan was withdrawn.
rep14/instances_s2/hormuz_run03_standard.json,rep14,hormuz_run03_standard,2,5,K2,recheck,ja_source,HF-009,ACCEPTABLE,,,,,,,,,,,,,,STAGE4_ESCALATION,same_claim_fact_id_reblocked,"After the announcement, Brent prices briefly lost some gains, then soon returned close to their earlier high level."
rep15/instances_s1/hormuz_run03_standard.json,rep15,hormuz_run03_standard,1,0,K1,stage1,ja_source,HF-009,BLOCKING,A1,L0,whole,1,EN,,,,same(同じ),j1_e1_minimal_word,1_word_connective,True,,STAGE4_ESCALATION,ja_deviation_unresolved,Oil prices did not fall across the whole market after the plan was withdrawn.
rep15/instances_s1/hormuz_run03_standard.json,rep15,hormuz_run03_standard,1,1,K2,stage1,ja_source,HF-009,ACCEPTABLE,,,,,,,,,,,,,,STAGE4_ESCALATION,ja_deviation_unresolved,"After the fee plan was withdrawn and replaced, Brent crude oil futures briefly lost some of their gains."
rep15/instances_s1/hormuz_run03_standard.json,rep15,hormuz_run03_standard,1,2,K2,stage1,ja_source,HF-009,BLOCKING,,,,,,,,,,,,,,STAGE4_ESCALATION,ja_deviation_unresolved,"The fee plan vanished, but oil prices stayed high as tensions around the Strait of Hormuz continued."
rep15/instances_s1/hormuz_run03_standard.json,rep15,hormuz_run03_standard,2,0,K1,recheck,ja_source,HF-009,ACCEPTABLE,A1,L0,part,1,EN,,,,,,,,,STAGE4_ESCALATION,ja_deviation_unresolved,High Oil Prices Stay
rep15/instances_s1/hormuz_run03_standard.json,rep15,hormuz_run03_standard,2,1,K1,recheck,ja_source,HF-009,BLOCKING,A1,L0,whole,1,EN,,,,same(同じ),j1_paired_rewrite_paragraph,4_paragraph,True,,STAGE4_ESCALATION,ja_deviation_unresolved,"Oil prices moved briefly, then returned to a high level."
rep15/instances_s1/hormuz_run03_standard.json,rep15,hormuz_run03_standard,2,2,K2,recheck,ja_source,HF-009,ACCEPTABLE,,,,,,,,,,,,,,STAGE4_ESCALATION,ja_deviation_unresolved,"After the fee plan was withdrawn and replaced, Brent crude oil futures briefly lost some of their gains."
rep15/instances_s1/hormuz_run03_standard.json,rep15,hormuz_run03_standard,2,3,K2,recheck,ja_source,HF-009,ACCEPTABLE,,,,,,,,,,,,,,STAGE4_ESCALATION,ja_deviation_unresolved,But they soon returned to a high level near their earlier level.
rep15/instances_s1/hormuz_run03_standard.json,rep15,hormuz_run03_standard,2,4,K2,recheck,ja_source,HF-009,ACCEPTABLE,,,,,,,,,,,,,,STAGE4_ESCALATION,ja_deviation_unresolved,"At the time of reporting, they were up about 2.6 percent, above 85 dollars a barrel."
rep15/instances_s1/hormuz_run03_standard.json,rep15,hormuz_run03_standard,2,5,K2,recheck,ja_source,HF-009,ACCEPTABLE,,,,,,,,,,,,,,STAGE4_ESCALATION,ja_deviation_unresolved,"Brent futures briefly went down, then went back up after the plan was withdrawn."
rep15/instances_s1/hormuz_run03_standard.json,rep15,hormuz_run03_standard,2,6,K2,recheck,ja_source,HF-009,ACCEPTABLE,,,,,,,,,,,,,,STAGE4_ESCALATION,ja_deviation_unresolved,"After the news, Brent prices briefly dipped, then returned close to their earlier high level."
rep15/instances_s1/hormuz_run03_standard.json,rep15,hormuz_run03_standard,3,0,K1,recheck,ja_source,HF-009,ACCEPTABLE,A1,L0,part,1,EN,,,,,,,,,STAGE4_ESCALATION,ja_deviation_unresolved,"The Fee Plan Leaves, But High Oil Prices Stay"
rep15/instances_s1/hormuz_run03_standard.json,rep15,hormuz_run03_standard,3,1,K2,recheck,ja_source,HF-009,ACCEPTABLE,,,,,,,,,,,,,,STAGE4_ESCALATION,ja_deviation_unresolved,"After the fee plan was withdrawn and replaced, Brent crude oil futures briefly lost some of their gains."
rep15/instances_s1/hormuz_run03_standard.json,rep15,hormuz_run03_standard,3,2,K2,recheck,ja_source,HF-009,ACCEPTABLE,,,,,,,,,,,,,,STAGE4_ESCALATION,ja_deviation_unresolved,But they soon returned to a high level near their earlier level.
rep15/instances_s1/hormuz_run03_standard.json,rep15,hormuz_run03_standard,3,3,K2,recheck,ja_source,HF-009,ACCEPTABLE,,,,,,,,,,,,,,STAGE4_ESCALATION,ja_deviation_unresolved,"At the time of reporting, they were up about 2.6 percent, above 85 dollars a barrel."
rep15/instances_s1/hormuz_run03_standard.json,rep15,hormuz_run03_standard,3,4,K2,recheck,ja_source,HF-009,ACCEPTABLE,,,,,,,,,,,,,,STAGE4_ESCALATION,ja_deviation_unresolved,"Brent futures briefly went down, then went back up after the plan was withdrawn."
rep15/instances_s1/hormuz_run03_standard.json,rep15,hormuz_run03_standard,3,5,K2,recheck,ja_source,HF-009,ACCEPTABLE,,,,,,,,,,,,,,STAGE4_ESCALATION,ja_deviation_unresolved,"After the announcement, Brent prices briefly dipped, then soon returned close to their earlier high."
rep15/instances_s1/hormuz_run03_standard.json,rep15,hormuz_run03_standard,3,6,K2,recheck,ja_source,HF-009,ACCEPTABLE,,,,,,,,,,,,,,STAGE4_ESCALATION,ja_deviation_unresolved,"After the news, Brent prices briefly dipped, then returned close to their earlier high level."
rep16/instances_s1/bgroup_B3.json,rep16,bgroup_B3,1,0,K1,stage1,ja_source,HF-007,BLOCKING,A4,,,,,mismatch,言い換え・要約(類似文あり、診断のみ),,new_unresolved(新で確定不能),j1_e1_minimal_word,1_word_connective,True,True,RESOLVED_REWRITE,,"Concerns about US-Iran attacks, the sea blockade, and tanker safety continued on July 14, so the flashy 20% plan left the stage, but the chart only pulled back briefly before recovering."
rep16/instances_s1/hormuz_run03_standard.json,rep16,hormuz_run03_standard,1,0,K1,stage1,ja_source,HF-009,QUALITY,UNDET,,,,,,,no_text,,,,,,RESOLVED_STAGE2_DOWNGRADE,,Oil prices did not fall across the whole market after the plan was withdrawn.
rep16/instances_s1/hormuz_run03_standard.json,rep16,hormuz_run03_standard,1,1,K2,stage1,ja_source,HF-009,ACCEPTABLE,,,,,,,,,,,,,,RESOLVED_STAGE2_DOWNGRADE,,"# The Fee Plan Leaves, But High Oil Prices Stay"
rep16/instances_s1/hormuz_run03_standard.json,rep16,hormuz_run03_standard,1,2,K2,stage1,ja_source,HF-009,QUALITY,,,,,,,,,,,,,,RESOLVED_STAGE2_DOWNGRADE,,"Oil prices moved briefly, then returned to a high level."
rep16/instances_s1/hormuz_run03_standard.json,rep16,hormuz_run03_standard,1,3,K2,stage1,ja_source,HF-009,QUALITY,,,,,,,,,,,,,,RESOLVED_STAGE2_DOWNGRADE,,"The fee plan vanished, but oil prices stayed high as tensions around the Strait of Hormuz continued."
rep16/instances_s1/meta_run03_standard.json,rep16,meta_run03_standard,1,0,K1,stage1,ja_source,MUSE-HC-012,QUALITY,UNDET,,,,,,,no_text,,,,,,RESOLVED_STAGE2_DOWNGRADE,,"“They enjoyed AI’s convenience, but a human was on the other end. They did not realize it.”"
rep16/instances_s1/meta_run03_standard.json,rep16,meta_run03_standard,1,1,K2,stage1,ja_source,MUSE-HC-012,QUALITY,,,,,,,,,,,,,,RESOLVED_STAGE2_DOWNGRADE,,People asking Muse to call might think AI was calling.
rep16/instances_s1/meta_run03_standard.json,rep16,meta_run03_standard,1,2,K2,stage1,ja_source,MUSE-HC-012,QUALITY,,,,,,,,,,,,,,RESOLVED_STAGE2_DOWNGRADE,,"If no one explained this clearly, users could not know."
rep16/instances_s1/meta_run03_standard.json,rep16,meta_run03_standard,1,3,K2,stage1,ja_source,MUSE-HC-012,QUALITY,,,,,,,,,,,,,,RESOLVED_STAGE2_DOWNGRADE,,They could not tell if it was AI or a person.
rep16/instances_s1/meta_run03_standard.json,rep16,meta_run03_standard,1,4,K2,stage1,ja_source,MUSE-HC-012,ACCEPTABLE,,,,,,,,,,,,,,RESOLVED_STAGE2_DOWNGRADE,,"Some calls through Meta’s AI assistant were actually handled by humans, but users were not properly told."
rep16/instances_s1/neg1_meta_b3prod_a2.json,rep16,neg1_meta_b3prod_a2,1,0,K1,stage1,translation,MUSE-HC-006,BLOCKING,A1,L0,whole,1,EN,,,,same(同じ),e1_minimal_word_edit(rewrite_hint_quote),1_word_connective,True,,RESOLVED_REWRITE,,Meta had run a test that caused exactly this surprise.
rep16/instances_s1/neg1_meta_b3prod_a2.json,rep16,neg1_meta_b3prod_a2,1,1,K1,stage1,ja_source,MUSE-HC-012,ACCEPTABLE,A1,L0,whole,1,EN,,,,,,,,,RESOLVED_REWRITE,,The test began without clearly telling users that contract workers would make the calls.
rep16/instances_s1/neg1_meta_b3prod_a2.json,rep16,neg1_meta_b3prod_a2,1,2,K2,stage1,translation,MUSE-HC-006,QUALITY,,,,,,,,,,,,,,RESOLVED_REWRITE,,We Thought It Was AI—But There Was a Person Inside Meta’s Muse
rep16/instances_s1/neg1_meta_b3prod_a2.json,rep16,neg1_meta_b3prod_a2,1,3,K2,stage1,translation,MUSE-HC-006,QUALITY,,,,,,,,,,,,,,RESOLVED_REWRITE,,"Ring, ring. A call seemed to come from an AI agent. But as the conversation went on, the voice was not AI at all. It was a person."
rep16/instances_s1/neg1_meta_b3prod_a2.json,rep16,neg1_meta_b3prod_a2,1,4,K2,stage1,translation,MUSE-HC-006,ACCEPTABLE,,,,,,,,,,,,,,RESOLVED_REWRITE,,It was like someone took off an AI costume. Then a person stepped out.
rep16/instances_s1/neg1_meta_b3prod_a2.json,rep16,neg1_meta_b3prod_a2,1,5,K2,stage1,translation,MUSE-HC-006,QUALITY,,,,,,,,,,,,,,RESOLVED_REWRITE,,AI had not learned to speak like a human. A human stood behind the sign that said AI.
rep16/instances_s1/neg1_meta_b3prod_a2.json,rep16,neg1_meta_b3prod_a2,1,6,K2,stage1,ja_source,MUSE-HC-012,QUALITY,,,,,,,,,,,,,,RESOLVED_REWRITE,,"A user might think the exchange was with AI, even though a person was involved."
rep16/instances_s1/neg1_meta_b3prod_a2.json,rep16,neg1_meta_b3prod_a2,1,7,K2,stage1,ja_source,MUSE-HC-012,ACCEPTABLE,,,,,,,,,,,,,,RESOLVED_REWRITE,,The test had begun without clearly telling users.
rep16/instances_s1/neg3_hormuz_prodrunner_b1b.json,rep16,neg3_hormuz_prodrunner_b1b,1,0,K1,stage1,ja_source,HF-003,BLOCKING,A1,L0,part,1,EN,,,,same(同じ),j1_e1_minimal_word,1_word_connective,True,,STAGE4_ESCALATION,ladder_exhausted_without_full_rewrite,Trump posted that all cargo passing through the Strait of Hormuz should provide a 20 percent reimbursement.
rep16/instances_s1/neg3_hormuz_prodrunner_b1b.json,rep16,neg3_hormuz_prodrunner_b1b,2,0,K1,recheck,translation,HF-009,BLOCKING,A1,L0,whole,1,EN,,,,same(同じ),e2_generic_rewrite(rewrite_hint_quote),3_sentence,True,,STAGE4_ESCALATION,ladder_exhausted_without_full_rewrite,"The fee plan left the stage, but the events driving oil prices—and the prices themselves—quickly returned."
rep16/instances_s1/neg3_hormuz_prodrunner_b1b.json,rep16,neg3_hormuz_prodrunner_b1b,2,1,K2,recheck,translation,HF-009,BLOCKING,,,,,,,,,,,,,,STAGE4_ESCALATION,ladder_exhausted_without_full_rewrite,"During that period, attacks between the United States and Iran, a sea blockade, and concerns about tanker safety continued."
rep16/instances_s1/neg3_hormuz_prodrunner_b1b.json,rep16,neg3_hormuz_prodrunner_b1b,2,2,K2,recheck,translation,HF-009,BLOCKING,,,,,,,,,,,,,,STAGE4_ESCALATION,ladder_exhausted_without_full_rewrite,"The fee plan may be replaced, but events continuing at the same time do not simply disappear backstage because of one announcement."
rep16/instances_s1/neg3_hormuz_prodrunner_b1b.json,rep16,neg3_hormuz_prodrunner_b1b,2,3,K1,recheck,ja_source,HF-003,BLOCKING,A1,L0,part,1,JA,,,,new_resolved_in_JA_only(EN比較不可),+ladder6_disabled,,False,,STAGE4_ESCALATION,ladder_exhausted_without_full_rewrite,トランプ氏は、アメリカがホルムズ海峡の安全確保に使う費用について、海峡を通るすべての貨物に二割の償還を求めると投稿した。
rep16/instances_s2/bgroup_B3.json,rep16,bgroup_B3,1,0,K1,stage1,ja_source,HF-007,BLOCKING,A4,,,,,mismatch,言い換え・要約(類似文あり、診断のみ),,new_unresolved(新で確定不能),j1_e1_minimal_word,1_word_connective,True,True,RESOLVED_REWRITE,,"Concerns about US-Iran attacks, the sea blockade, and tanker safety continued on July 14, so the flashy 20% plan left the stage, but the chart only pulled back briefly before recovering."
rep16/instances_s2/hormuz_run03_standard.json,rep16,hormuz_run03_standard,1,0,K1,stage1,ja_source,HF-009,QUALITY,UNDET,,,,,,,no_text,,,,,,RESOLVED_STAGE2_DOWNGRADE,,Oil prices did not fall across the whole market after the plan was withdrawn.
rep16/instances_s2/hormuz_run03_standard.json,rep16,hormuz_run03_standard,1,1,K2,stage1,ja_source,HF-009,ACCEPTABLE,,,,,,,,,,,,,,RESOLVED_STAGE2_DOWNGRADE,,"# The Fee Plan Leaves, But High Oil Prices Stay"
rep16/instances_s2/hormuz_run03_standard.json,rep16,hormuz_run03_standard,1,2,K2,stage1,ja_source,HF-009,QUALITY,,,,,,,,,,,,,,RESOLVED_STAGE2_DOWNGRADE,,"Oil prices moved briefly, then returned to a high level."
rep16/instances_s2/hormuz_run03_standard.json,rep16,hormuz_run03_standard,1,3,K2,stage1,ja_source,HF-009,QUALITY,,,,,,,,,,,,,,RESOLVED_STAGE2_DOWNGRADE,,"The fee plan vanished, but oil prices stayed high as tensions around the Strait of Hormuz continued."
rep16/instances_s2/meta_run03_standard.json,rep16,meta_run03_standard,1,0,K1,stage1,ja_source,MUSE-HC-012,QUALITY,UNDET,,,,,,,no_text,,,,,,RESOLVED_STAGE2_DOWNGRADE,,"“They enjoyed AI’s convenience, but a human was on the other end. They did not realize it.”"
rep16/instances_s2/meta_run03_standard.json,rep16,meta_run03_standard,1,1,K2,stage1,ja_source,MUSE-HC-012,QUALITY,,,,,,,,,,,,,,RESOLVED_STAGE2_DOWNGRADE,,People asking Muse to call might think AI was calling.
rep16/instances_s2/meta_run03_standard.json,rep16,meta_run03_standard,1,2,K2,stage1,ja_source,MUSE-HC-012,QUALITY,,,,,,,,,,,,,,RESOLVED_STAGE2_DOWNGRADE,,"If no one explained this clearly, users could not know."
rep16/instances_s2/meta_run03_standard.json,rep16,meta_run03_standard,1,3,K2,stage1,ja_source,MUSE-HC-012,QUALITY,,,,,,,,,,,,,,RESOLVED_STAGE2_DOWNGRADE,,They could not tell if it was AI or a person.
rep16/instances_s2/meta_run03_standard.json,rep16,meta_run03_standard,1,4,K2,stage1,ja_source,MUSE-HC-012,ACCEPTABLE,,,,,,,,,,,,,,RESOLVED_STAGE2_DOWNGRADE,,"Some calls through Meta’s AI assistant were actually handled by humans, but users were not properly told."
rep16/instances_s2/neg1_meta_b3prod_a2.json,rep16,neg1_meta_b3prod_a2,1,0,K1,stage1,translation,MUSE-HC-006,BLOCKING,A1,L0,whole,1,EN,,,,same(同じ),e1_minimal_word_edit(rewrite_hint_quote),1_word_connective,True,,RESOLVED_REWRITE,,Meta had run a test that caused exactly this surprise.
rep16/instances_s2/neg1_meta_b3prod_a2.json,rep16,neg1_meta_b3prod_a2,1,1,K1,stage1,ja_source,MUSE-HC-012,QUALITY,A1,L0,whole,1,EN,,,,,,,,,RESOLVED_REWRITE,,The test began without clearly telling users that contract workers would make the calls.
rep16/instances_s2/neg1_meta_b3prod_a2.json,rep16,neg1_meta_b3prod_a2,1,2,K2,stage1,translation,MUSE-HC-006,QUALITY,,,,,,,,,,,,,,RESOLVED_REWRITE,,We Thought It Was AI—But There Was a Person Inside Meta’s Muse
rep16/instances_s2/neg1_meta_b3prod_a2.json,rep16,neg1_meta_b3prod_a2,1,3,K2,stage1,translation,MUSE-HC-006,QUALITY,,,,,,,,,,,,,,RESOLVED_REWRITE,,"Ring, ring. A call seemed to come from an AI agent. But as the conversation went on, the voice was not AI at all. It was a person."
rep16/instances_s2/neg1_meta_b3prod_a2.json,rep16,neg1_meta_b3prod_a2,1,4,K2,stage1,translation,MUSE-HC-006,ACCEPTABLE,,,,,,,,,,,,,,RESOLVED_REWRITE,,It was like someone took off an AI costume. Then a person stepped out.
rep16/instances_s2/neg1_meta_b3prod_a2.json,rep16,neg1_meta_b3prod_a2,1,5,K2,stage1,translation,MUSE-HC-006,QUALITY,,,,,,,,,,,,,,RESOLVED_REWRITE,,AI had not learned to speak like a human. A human stood behind the sign that said AI.
rep16/instances_s2/neg1_meta_b3prod_a2.json,rep16,neg1_meta_b3prod_a2,1,6,K2,stage1,ja_source,MUSE-HC-012,QUALITY,,,,,,,,,,,,,,RESOLVED_REWRITE,,"A user might think the exchange was with AI, even though a person was involved."
rep16/instances_s2/neg1_meta_b3prod_a2.json,rep16,neg1_meta_b3prod_a2,1,7,K2,stage1,ja_source,MUSE-HC-012,ACCEPTABLE,,,,,,,,,,,,,,RESOLVED_REWRITE,,The test had begun without clearly telling users.
rep17/instances_s1/neg1_meta_b3prod_a2.json,rep17,neg1_meta_b3prod_a2,1,0,K1,stage1,ja_source,MUSE-HC-008,QUALITY,UNDET,,,,,,,no_text,,,,,,RESOLVED_STAGE2_DOWNGRADE,,A human can handle situations that AI alone finds difficult.
rep17/instances_s1/neg3_hormuz_prodrunner_b1b.json,rep17,neg3_hormuz_prodrunner_b1b,1,0,K1,stage1,translation,HF-009,BLOCKING,A1,L0,whole,1,EN,,,,same(同じ),e1_minimal_word_edit(rewrite_hint_quote),1_word_connective,True,,RESOLVED_REWRITE,,"The fee plan left the stage, but the events driving oil prices—and the prices themselves—quickly returned."
rep17/instances_s1/neg3_hormuz_prodrunner_b1b.json,rep17,neg3_hormuz_prodrunner_b1b,1,1,K2,stage1,translation,HF-009,BLOCKING,,,,,,,,,,,,,,RESOLVED_REWRITE,,"During that period, attacks between the United States and Iran, a sea blockade, and concerns about tanker safety continued."
rep17/instances_s1/neg3_hormuz_prodrunner_b1b.json,rep17,neg3_hormuz_prodrunner_b1b,1,2,K2,stage1,translation,HF-009,BLOCKING,,,,,,,,,,,,,,RESOLVED_REWRITE,,"The fee plan may be replaced, but events continuing at the same time do not simply disappear backstage because of one announcement."
rep17/instances_s2/neg1_meta_b3prod_a2.json,rep17,neg1_meta_b3prod_a2,1,0,K1,stage1,ja_source,MUSE-HC-008,QUALITY,UNDET,,,,,,,no_text,,,,,,RESOLVED_STAGE2_DOWNGRADE,,A human can handle situations that AI alone finds difficult.
rep17/instances_s2/neg3_hormuz_prodrunner_b1b.json,rep17,neg3_hormuz_prodrunner_b1b,1,0,K1,stage1,translation,HF-009,BLOCKING,A1,L0,whole,1,EN,,,,same(同じ),e1_minimal_word_edit(rewrite_hint_quote),1_word_connective,True,,RESOLVED_REWRITE_THEN_DOWNGRADE,,"The fee plan left the stage, but the events driving oil prices—and the prices themselves—quickly returned."
rep17/instances_s2/neg3_hormuz_prodrunner_b1b.json,rep17,neg3_hormuz_prodrunner_b1b,1,1,K2,stage1,translation,HF-009,BLOCKING,,,,,,,,,,,,,,RESOLVED_REWRITE_THEN_DOWNGRADE,,"During that period, attacks between the United States and Iran, a sea blockade, and concerns about tanker safety continued."
rep17/instances_s2/neg3_hormuz_prodrunner_b1b.json,rep17,neg3_hormuz_prodrunner_b1b,1,2,K2,stage1,translation,HF-009,BLOCKING,,,,,,,,,,,,,,RESOLVED_REWRITE_THEN_DOWNGRADE,,"The fee plan may be replaced, but events continuing at the same time do not simply disappear backstage because of one announcement."
rep17/instances_s2/neg3_hormuz_prodrunner_b1b.json,rep17,neg3_hormuz_prodrunner_b1b,2,0,K1,recheck,translation,HF-003,ACCEPTABLE,A1,L0,whole,1,EN,,,,,,,,,RESOLVED_REWRITE_THEN_DOWNGRADE,,"On July 13, Trump posted that all cargo passing through the Strait of Hormuz should provide a 20 percent reimbursement."
rep18/instances_s1/bgroup_B3.json,rep18,bgroup_B3,1,0,K1,stage1,ja_source,HF-007,BLOCKING,A1,L0,whole,1,EN,,,,current_narrower_within_one_sentence(現行⊂新、新は1文以内: 語句・句に絞った対象),j1_e1_minimal_word,1_word_connective,True,,RESOLVED_REWRITE,,"Concerns about US-Iran attacks, the sea blockade, and tanker safety continued on July 14, so the flashy 20% plan left the stage, but the chart only pulled back briefly before recovering: the policy turn and the oil chart’s “not over yet” movement happened on the same day."
rep18/instances_s1/safety_A2A3.json,rep18,safety_A2A3,1,0,K1,stage1,ja_source,HF-003,BLOCKING,UNDET,,,,,,,no_text,undetermined(本文記録なし),+ladder6_disabled,,False,,STAGE4_ESCALATION,ladder_exhausted_without_full_rewrite,“The idea was that those carrying the cargo would repay the money the United States spends to keep the strait safe.”
rep18/instances_s1/safety_A2A3.json,rep18,safety_A2A3,1,1,K1,stage1,ja_source,HF-006,BLOCKING,UNDET,,,,,,,no_text,undetermined(本文記録なし),j1_paired_rewrite,3_sentence,True,,STAGE4_ESCALATION,ladder_exhausted_without_full_rewrite,“with its distant danger reaching gasoline prices and the cost of moving goods through crude oil.”
rep18/instances_s1/safety_A2A3.json,rep18,safety_A2A3,1,2,K2,stage1,ja_source,HF-003,BLOCKING,,,,,,,,,,,,,,STAGE4_ESCALATION,ladder_exhausted_without_full_rewrite,The idea was that those carrying the cargo would repay the money the United States spends to keep the strait safe.
rep18/instances_s1/safety_A2A3.json,rep18,safety_A2A3,1,3,K2,stage1,ja_source,HF-006,QUALITY,,,,,,,,,,,,,,STAGE4_ESCALATION,ladder_exhausted_without_full_rewrite,"Normally, that might have brought some relief to crude oil prices."
rep18/instances_s1/safety_A2A3.json,rep18,safety_A2A3,1,4,K2,stage1,ja_source,HF-006,QUALITY,,,,,,,,,,,,,,STAGE4_ESCALATION,ladder_exhausted_without_full_rewrite,"Crude oil also passes through it, so trouble with transport could push its price higher."
rep18/instances_s1/safety_A2A3.json,rep18,safety_A2A3,1,5,K2,stage1,ja_source,HF-006,BLOCKING,,,,,,,,,,,,,,STAGE4_ESCALATION,ladder_exhausted_without_full_rewrite,"6 percent, because attacks between the United States and Iran continued, fears of a blockade at sea remained, and people still did not know whether tankers could pass safely—showing that the charge had left the stage, but the dangerous route remained the real lead actor, with its distant danger reaching gasoline prices and the cost of moving goods through crude oil."
rep18/instances_s2/bgroup_B3.json,rep18,bgroup_B3,1,0,K1,stage1,ja_source,HF-007,BLOCKING,A1,L0,whole,1,EN,,,,current_narrower_within_one_sentence(現行⊂新、新は1文以内: 語句・句に絞った対象),j1_e1_minimal_word,1_word_connective,True,,RESOLVED_REWRITE,,"Concerns about US-Iran attacks, the sea blockade, and tanker safety continued on July 14, so the flashy 20% plan left the stage, but the chart only pulled back briefly before recovering: the policy turn and the oil chart’s “not over yet” movement happened on the same day."
rep18/instances_s2/safety_A2A3.json,rep18,safety_A2A3,1,0,K1,stage1,ja_source,HF-003,BLOCKING,UNDET,,,,,,,no_text,undetermined(本文記録なし),+ladder6_disabled,,False,,STAGE4_ESCALATION,ladder_exhausted_without_full_rewrite,“The idea was that those carrying the cargo would repay the money the United States spends to keep the strait safe.”
rep18/instances_s2/safety_A2A3.json,rep18,safety_A2A3,1,1,K1,stage1,ja_source,HF-006,BLOCKING,UNDET,,,,,,,no_text,undetermined(本文記録なし),j1_paired_rewrite,3_sentence,True,,STAGE4_ESCALATION,ladder_exhausted_without_full_rewrite,“with its distant danger reaching gasoline prices and the cost of moving goods through crude oil.”
rep18/instances_s2/safety_A2A3.json,rep18,safety_A2A3,1,2,K2,stage1,ja_source,HF-003,BLOCKING,,,,,,,,,,,,,,STAGE4_ESCALATION,ladder_exhausted_without_full_rewrite,The idea was that those carrying the cargo would repay the money the United States spends to keep the strait safe.
rep18/instances_s2/safety_A2A3.json,rep18,safety_A2A3,1,3,K2,stage1,ja_source,HF-006,ACCEPTABLE,,,,,,,,,,,,,,STAGE4_ESCALATION,ladder_exhausted_without_full_rewrite,"Normally, that might have brought some relief to crude oil prices."
rep18/instances_s2/safety_A2A3.json,rep18,safety_A2A3,1,4,K2,stage1,ja_source,HF-006,ACCEPTABLE,,,,,,,,,,,,,,STAGE4_ESCALATION,ladder_exhausted_without_full_rewrite,"Crude oil also passes through it, so trouble with transport could push its price higher."
rep18/instances_s2/safety_A2A3.json,rep18,safety_A2A3,1,5,K2,stage1,ja_source,HF-006,BLOCKING,,,,,,,,,,,,,,STAGE4_ESCALATION,ladder_exhausted_without_full_rewrite,"6 percent, because attacks between the United States and Iran continued, fears of a blockade at sea remained, and people still did not know whether tankers could pass safely—showing that the charge had left the stage, but the dangerous route remained the real lead actor, with its distant danger reaching gasoline prices and the cost of moving goods through crude oil."
rep19/instances_s1/meta_run03_standard.json,rep19,meta_run03_standard,1,0,K1,stage1,translation,MUSE-HC-012,QUALITY,A2,L1,,2,EN,,,,,,,,,STAGE4_ESCALATION,cycle_limit_exhausted_after_recheck,"“They enjoyed AI’s convenience, but a human was on the other end. They did not realize it.”"
rep19/instances_s1/meta_run03_standard.json,rep19,meta_run03_standard,1,1,K1,stage1,translation,MUSE-HC-011,BLOCKING,A2,L1,,2,EN,,,,current_narrower_drops_sentence(現行⊂新、新が2文以上/複数箇所: 一部の文のみ対象),e1_minimal_word_edit(er010_word_overlap(sentence_fallback(overlap=0.55))),1_word_connective,True,,STAGE4_ESCALATION,cycle_limit_exhausted_after_recheck,“It said human staff made inappropriate comments about race during calls. These calls were about trying to lower internet or cable fees.”
rep19/instances_s1/meta_run03_standard.json,rep19,meta_run03_standard,1,2,K2,stage1,translation,MUSE-HC-012,QUALITY,,,,,,,,,,,,,,STAGE4_ESCALATION,cycle_limit_exhausted_after_recheck,"If no one explained this clearly, users could not know. They could not tell if it was AI or a person."
rep19/instances_s1/meta_run03_standard.json,rep19,meta_run03_standard,1,3,K2,stage1,translation,MUSE-HC-012,ACCEPTABLE,,,,,,,,,,,,,,STAGE4_ESCALATION,cycle_limit_exhausted_after_recheck,"Some calls through Meta’s AI assistant were actually handled by humans, but users were not properly told."
rep19/instances_s1/meta_run03_standard.json,rep19,meta_run03_standard,1,4,K2,stage1,translation,MUSE-HC-011,BLOCKING,,,,,,,,,,,,,,STAGE4_ESCALATION,cycle_limit_exhausted_after_recheck,News reports also cited one employee’s report.
rep19/instances_s1/meta_run03_standard.json,rep19,meta_run03_standard,1,5,K2,stage1,translation,MUSE-HC-011,BLOCKING,,,,,,,,,,,,,,STAGE4_ESCALATION,cycle_limit_exhausted_after_recheck,"However, this is only one report. It would be wrong to say all contract workers did this."
rep19/instances_s1/meta_run03_standard.json,rep19,meta_run03_standard,2,0,K1,recheck,ja_source,MUSE-HC-012,BLOCKING,A2,L1,,2,EN,,,,same(同じ),j1_paired_rewrite,3_sentence,True,,STAGE4_ESCALATION,cycle_limit_exhausted_after_recheck,"“They enjoyed AI’s convenience, but a human was on the other end. They did not realize it.”"
rep19/instances_s1/meta_run03_standard.json,rep19,meta_run03_standard,2,1,K1,recheck,translation,MUSE-HC-010,BLOCKING,A1,L1,part,1,EN,,,,current_wider(現行が拡大: 現行⊃新),e2_paragraph_rewrite(rewrite_hint_quote),4_paragraph,True,,STAGE4_ESCALATION,cycle_limit_exhausted_after_recheck,“some calls needed user information to continue.”
rep19/instances_s1/meta_run03_standard.json,rep19,meta_run03_standard,2,2,K1,recheck,translation,MUSE-HC-011,BLOCKING,A1,L1,whole,1,EN,,,,same(同じ),e1_minimal_word_edit(sequence_matcher(ratio=0.98)),1_word_connective,True,,STAGE4_ESCALATION,cycle_limit_exhausted_after_recheck,“These calls were about trying to lower internet or cable fees.”
rep19/instances_s1/meta_run03_standard.json,rep19,meta_run03_standard,2,3,K2,recheck,ja_source,MUSE-HC-012,QUALITY,,,,,,,,,,,,,,STAGE4_ESCALATION,cycle_limit_exhausted_after_recheck,People asking Muse to call might think AI was calling.
rep19/instances_s1/meta_run03_standard.json,rep19,meta_run03_standard,2,4,K2,recheck,ja_source,MUSE-HC-012,QUALITY,,,,,,,,,,,,,,STAGE4_ESCALATION,cycle_limit_exhausted_after_recheck,"If no one explained this clearly, users could not know."
rep19/instances_s1/meta_run03_standard.json,rep19,meta_run03_standard,2,5,K2,recheck,ja_source,MUSE-HC-012,QUALITY,,,,,,,,,,,,,,STAGE4_ESCALATION,cycle_limit_exhausted_after_recheck,They could not tell if it was AI or a person.
rep19/instances_s1/meta_run03_standard.json,rep19,meta_run03_standard,2,6,K2,recheck,ja_source,MUSE-HC-012,ACCEPTABLE,,,,,,,,,,,,,,STAGE4_ESCALATION,cycle_limit_exhausted_after_recheck,"Some calls through Meta’s AI assistant were actually handled by humans, but users were not properly told."
rep19/instances_s1/meta_run03_standard.json,rep19,meta_run03_standard,2,7,K2,recheck,translation,MUSE-HC-010,ACCEPTABLE,,,,,,,,,,,,,,STAGE4_ESCALATION,cycle_limit_exhausted_after_recheck,That information might accidentally be shared with contract workers at a call center.
rep19/instances_s1/meta_run03_standard.json,rep19,meta_run03_standard,2,8,K2,recheck,translation,MUSE-HC-010,ACCEPTABLE,,,,,,,,,,,,,,STAGE4_ESCALATION,cycle_limit_exhausted_after_recheck,Meta employees pointed this out inside the company as a privacy concern.
rep19/instances_s1/meta_run03_standard.json,rep19,meta_run03_standard,2,9,K2,recheck,translation,MUSE-HC-011,BLOCKING,,,,,,,,,,,,,,STAGE4_ESCALATION,cycle_limit_exhausted_after_recheck,News reports also cited one employee’s report about a phone call.
rep19/instances_s1/meta_run03_standard.json,rep19,meta_run03_standard,2,10,K2,recheck,translation,MUSE-HC-011,BLOCKING,,,,,,,,,,,,,,STAGE4_ESCALATION,cycle_limit_exhausted_after_recheck,It said human staff made inappropriate comments about race during a call.
rep19/instances_s1/meta_run03_standard.json,rep19,meta_run03_standard,2,11,K2,recheck,translation,MUSE-HC-011,BLOCKING,,,,,,,,,,,,,,STAGE4_ESCALATION,cycle_limit_exhausted_after_recheck,"However, this is only one case. It would be wrong to say all contract workers did this."
rep19/instances_s1/meta_run03_standard.json,rep19,meta_run03_standard,3,0,K1,recheck,translation,MUSE-HC-012,BLOCKING,A3,L4,,,EN,,,,partial_overlap(一部重なり),e1_minimal_word_edit(sequence_matcher(ratio=0.7)),1_word_connective,True,,STAGE4_ESCALATION,cycle_limit_exhausted_after_recheck,"“If no one explained this clearly, users could not know. They could not tell if it was AI or a person.” / “Some calls through Meta’s AI assistant were actually handled by humans, but users were not properly told.”"
rep19/instances_s1/meta_run03_standard.json,rep19,meta_run03_standard,3,1,K2,recheck,translation,MUSE-HC-012,BLOCKING,,,,,,,,,,,,,,STAGE4_ESCALATION,cycle_limit_exhausted_after_recheck,The problem was telling users who was speaking.
rep19/instances_s1/meta_run03_standard.json,rep19,meta_run03_standard,3,2,K2,recheck,translation,MUSE-HC-012,BLOCKING,,,,,,,,,,,,,,STAGE4_ESCALATION,cycle_limit_exhausted_after_recheck,People asking Muse to call might think AI was calling.
rep19/instances_s1/meta_run03_standard.json,rep19,meta_run03_standard,3,3,K2,recheck,translation,MUSE-HC-012,BLOCKING,,,,,,,,,,,,,,STAGE4_ESCALATION,cycle_limit_exhausted_after_recheck,"But sometimes, a human was speaking instead."
rep19/instances_s1/meta_run03_standard.json,rep19,meta_run03_standard,3,4,K2,recheck,translation,MUSE-HC-012,BLOCKING,,,,,,,,,,,,,,STAGE4_ESCALATION,cycle_limit_exhausted_after_recheck,Meta said it was a mistake to start the test without clear notice.
rep20/instances_s1/meta_run03_standard.json,rep20,meta_run03_standard,1,0,K1,stage1,translation,MUSE-HC-012,QUALITY,A2,L1,,2,EN,,,,,,,,,RESOLVED_REWRITE_THEN_DOWNGRADE,,"“They enjoyed AI’s convenience, but a human was on the other end. They did not realize it.”"
rep20/instances_s1/meta_run03_standard.json,rep20,meta_run03_standard,1,1,K1,stage1,translation,MUSE-HC-011,BLOCKING,A2,L1,,2,EN,,,,same(同じ),e1_minimal_word_edit(rewrite_hint_quote),1_word_connective,True,,RESOLVED_REWRITE_THEN_DOWNGRADE,,“It said human staff made inappropriate comments about race during calls. These calls were about trying to lower internet or cable fees.”
rep20/instances_s1/meta_run03_standard.json,rep20,meta_run03_standard,1,2,K2,stage1,translation,MUSE-HC-012,QUALITY,,,,,,,,,,,,,,RESOLVED_REWRITE_THEN_DOWNGRADE,,"If no one explained this clearly, users could not know. They could not tell if it was AI or a person."
rep20/instances_s1/meta_run03_standard.json,rep20,meta_run03_standard,1,3,K2,stage1,translation,MUSE-HC-012,QUALITY,,,,,,,,,,,,,,RESOLVED_REWRITE_THEN_DOWNGRADE,,"Some calls through Meta’s AI assistant were actually handled by humans, but users were not properly told."
rep20/instances_s1/meta_run03_standard.json,rep20,meta_run03_standard,1,4,K2,stage1,translation,MUSE-HC-011,ACCEPTABLE,,,,,,,,,,,,,,RESOLVED_REWRITE_THEN_DOWNGRADE,,News reports also cited one employee’s report.
rep20/instances_s1/meta_run03_standard.json,rep20,meta_run03_standard,1,5,K2,stage1,translation,MUSE-HC-011,ACCEPTABLE,,,,,,,,,,,,,,RESOLVED_REWRITE_THEN_DOWNGRADE,,"However, this is only one report. It would be wrong to say all contract workers did this."
rep20/instances_s1/meta_run03_standard.json,rep20,meta_run03_standard,2,0,K1,recheck,ja_source,MUSE-HC-012,QUALITY,A2,L1,,2,EN,,,,,,,,,RESOLVED_REWRITE_THEN_DOWNGRADE,,"“They enjoyed AI’s convenience, but a human was on the other end. They did not realize it.”"
rep20/instances_s1/meta_run03_standard.json,rep20,meta_run03_standard,2,1,K1,recheck,translation,MUSE-HC-010,BLOCKING,A1,L3,part,1,EN,,,,current_wider(現行が拡大: 現行⊃新),e2_paragraph_rewrite(rewrite_hint_quote),4_paragraph,True,,RESOLVED_REWRITE_THEN_DOWNGRADE,,“Some calls needed user information to continue.”
rep20/instances_s1/meta_run03_standard.json,rep20,meta_run03_standard,3,0,K1,recheck,translation,MUSE-HC-012,QUALITY,A2,L1,,2,EN,,,,,,,,,RESOLVED_REWRITE_THEN_DOWNGRADE,,"“They enjoyed AI’s convenience, but a human was on the other end. They did not realize it.”"
rep20/instances_s2/meta_run03_standard.json,rep20,meta_run03_standard,1,0,K1,stage1,translation,MUSE-HC-012,QUALITY,A2,L1,,2,EN,,,,,,,,,STAGE4_ESCALATION,ladder_exhausted_without_full_rewrite,"“They enjoyed AI’s convenience, but a human was on the other end. They did not realize it.”"
rep20/instances_s2/meta_run03_standard.json,rep20,meta_run03_standard,1,1,K1,stage1,translation,MUSE-HC-011,BLOCKING,A2,L1,,2,EN,,,,same(同じ),e1_minimal_word_edit(rewrite_hint_quote),1_word_connective,True,,STAGE4_ESCALATION,ladder_exhausted_without_full_rewrite,“It said human staff made inappropriate comments about race during calls. These calls were about trying to lower internet or cable fees.”
rep20/instances_s2/meta_run03_standard.json,rep20,meta_run03_standard,1,2,K2,stage1,translation,MUSE-HC-012,QUALITY,,,,,,,,,,,,,,STAGE4_ESCALATION,ladder_exhausted_without_full_rewrite,"If no one explained this clearly, users could not know. They could not tell if it was AI or a person."
rep20/instances_s2/meta_run03_standard.json,rep20,meta_run03_standard,1,3,K2,stage1,translation,MUSE-HC-012,ACCEPTABLE,,,,,,,,,,,,,,STAGE4_ESCALATION,ladder_exhausted_without_full_rewrite,"Some calls through Meta’s AI assistant were actually handled by humans, but users were not properly told."
rep20/instances_s2/meta_run03_standard.json,rep20,meta_run03_standard,1,4,K2,stage1,translation,MUSE-HC-011,ACCEPTABLE,,,,,,,,,,,,,,STAGE4_ESCALATION,ladder_exhausted_without_full_rewrite,News reports also cited one employee’s report.
rep20/instances_s2/meta_run03_standard.json,rep20,meta_run03_standard,1,5,K2,stage1,translation,MUSE-HC-011,ACCEPTABLE,,,,,,,,,,,,,,STAGE4_ESCALATION,ladder_exhausted_without_full_rewrite,"However, this is only one report. It would be wrong to say all contract workers did this."
rep20/instances_s2/meta_run03_standard.json,rep20,meta_run03_standard,2,0,K1,recheck,ja_source,MUSE-HC-012,BLOCKING,A3,L4,,,EN,,,,current_wider(現行が拡大: 現行⊃新),+ladder6_disabled,,False,,STAGE4_ESCALATION,ladder_exhausted_without_full_rewrite,“They could not tell if it was AI or a person” and “They did not realize it.”
rep20/instances_safety_a/safety_er009_changed_actor.json,rep20,safety_er009_changed_actor,1,0,K1,stage1,,,BLOCKING,A1,L0,whole,1,EN,,,,current_narrower_within_one_sentence(現行⊂新、新は1文以内: 語句・句に絞った対象),e1_minimal_word_edit(rewrite_hint_quote),1_word_connective,True,,RESOLVED_REWRITE,,"A team at Harvard Business School studied more than 13 million credit card payments in New York City taxis, and found that higher suggested tip rates led passengers to leave more money."
rep20/instances_safety_a/safety_er009_changed_number.json,rep20,safety_er009_changed_number,1,0,K1,stage1,,,BLOCKING,A1,L0,whole,1,EN,,,,same(同じ),e2_generic_rewrite(rewrite_hint_quote),3_sentence,True,,RESOLVED_REWRITE,,"Researchers studied more than 30 million credit card payments in New York City taxis, and found that higher suggested tip rates led passengers to leave more money."
rep20/instances_safety_a/safety_er009_changed_number.json,rep20,safety_er009_changed_number,1,1,K3,stage1,,F-002,BLOCKING,,,,,,,,,,,,,,RESOLVED_REWRITE,,"Researchers studied more than 30 million credit card payments in New York City taxis, and found that higher suggested tip rates led passengers to leave more money."
rep21/instances_s1/meta_run03_standard.json,rep21,meta_run03_standard,1,0,K1,stage1,translation,MUSE-HC-012,QUALITY,A2,L1,,2,EN,,,,,,,,,STAGE4_ESCALATION,cycle_limit_exhausted,"“They enjoyed AI’s convenience, but a human was on the other end. They did not realize it.”"
rep21/instances_s1/meta_run03_standard.json,rep21,meta_run03_standard,1,1,K1,stage1,translation,MUSE-HC-011,BLOCKING,A2,L1,,2,EN,,,,current_narrower_drops_sentence(現行⊂新、新が2文以上/複数箇所: 一部の文のみ対象),e1_minimal_word_edit(er010_word_overlap(sentence_fallback(overlap=0.55))),1_word_connective,True,,STAGE4_ESCALATION,cycle_limit_exhausted,“It said human staff made inappropriate comments about race during calls. These calls were about trying to lower internet or cable fees.”
rep21/instances_s1/meta_run03_standard.json,rep21,meta_run03_standard,1,2,K2,stage1,translation,MUSE-HC-012,QUALITY,,,,,,,,,,,,,,STAGE4_ESCALATION,cycle_limit_exhausted,"If no one explained this clearly, users could not know. They could not tell if it was AI or a person."
rep21/instances_s1/meta_run03_standard.json,rep21,meta_run03_standard,1,3,K2,stage1,translation,MUSE-HC-012,ACCEPTABLE,,,,,,,,,,,,,,STAGE4_ESCALATION,cycle_limit_exhausted,"Some calls through Meta’s AI assistant were actually handled by humans, but users were not properly told."
rep21/instances_s1/meta_run03_standard.json,rep21,meta_run03_standard,1,4,K2,stage1,translation,MUSE-HC-011,ACCEPTABLE,,,,,,,,,,,,,,STAGE4_ESCALATION,cycle_limit_exhausted,News reports also cited one employee’s report.
rep21/instances_s1/meta_run03_standard.json,rep21,meta_run03_standard,1,5,K2,stage1,translation,MUSE-HC-011,ACCEPTABLE,,,,,,,,,,,,,,STAGE4_ESCALATION,cycle_limit_exhausted,"However, this is only one report. It would be wrong to say all contract workers did this."
rep21/instances_s1/meta_run03_standard.json,rep21,meta_run03_standard,2,0,K1,recheck,ja_source,MUSE-HC-012,QUALITY,A2,L1,,2,EN,,,,,,,,,STAGE4_ESCALATION,cycle_limit_exhausted,"“They enjoyed AI’s convenience, but a human was on the other end. They did not realize it.”"
rep21/instances_s1/meta_run03_standard.json,rep21,meta_run03_standard,2,1,K1,recheck,translation,MUSE-HC-011,BLOCKING,A1,L1,whole,1,EN,,,,same(同じ),e1_minimal_word_edit(rewrite_hint_quote),1_word_connective,True,,STAGE4_ESCALATION,cycle_limit_exhausted,“These calls were about trying to lower internet or cable fees.”
rep21/instances_s1/meta_run03_standard.json,rep21,meta_run03_standard,3,0,K1,recheck,translation,MUSE-HC-012,QUALITY,A2,L1,,2,EN,,,,,,,,,STAGE4_ESCALATION,cycle_limit_exhausted,"“They enjoyed AI’s convenience, but a human was on the other end. They did not realize it.”"
rep21/instances_s1/meta_run03_standard.json,rep21,meta_run03_standard,3,1,K1,recheck,translation,MUSE-HC-010,BLOCKING,A1,L3,part,1,EN,,,,rewrite_not_executed,,,,,STAGE4_ESCALATION,cycle_limit_exhausted,“Some calls needed user information to continue.”
rep21/instances_s2/meta_run03_standard.json,rep21,meta_run03_standard,1,0,K1,stage1,translation,MUSE-HC-012,QUALITY,A2,L1,,2,EN,,,,,,,,,RESOLVED_REWRITE_THEN_DOWNGRADE,,"“They enjoyed AI’s convenience, but a human was on the other end. They did not realize it.”"
rep21/instances_s2/meta_run03_standard.json,rep21,meta_run03_standard,1,1,K1,stage1,translation,MUSE-HC-011,BLOCKING,A2,L1,,2,EN,,,,same(同じ),e1_minimal_word_edit(rewrite_hint_quote),1_word_connective,True,,RESOLVED_REWRITE_THEN_DOWNGRADE,,“It said human staff made inappropriate comments about race during calls. These calls were about trying to lower internet or cable fees.”
rep21/instances_s2/meta_run03_standard.json,rep21,meta_run03_standard,1,2,K2,stage1,translation,MUSE-HC-012,QUALITY,,,,,,,,,,,,,,RESOLVED_REWRITE_THEN_DOWNGRADE,,"If no one explained this clearly, users could not know. They could not tell if it was AI or a person."
rep21/instances_s2/meta_run03_standard.json,rep21,meta_run03_standard,1,3,K2,stage1,translation,MUSE-HC-012,ACCEPTABLE,,,,,,,,,,,,,,RESOLVED_REWRITE_THEN_DOWNGRADE,,"Some calls through Meta’s AI assistant were actually handled by humans, but users were not properly told."
rep21/instances_s2/meta_run03_standard.json,rep21,meta_run03_standard,1,4,K2,stage1,translation,MUSE-HC-011,ACCEPTABLE,,,,,,,,,,,,,,RESOLVED_REWRITE_THEN_DOWNGRADE,,News reports also cited one employee’s report.
rep21/instances_s2/meta_run03_standard.json,rep21,meta_run03_standard,1,5,K2,stage1,translation,MUSE-HC-011,ACCEPTABLE,,,,,,,,,,,,,,RESOLVED_REWRITE_THEN_DOWNGRADE,,"However, this is only one report. It would be wrong to say all contract workers did this."
rep21/instances_s2/meta_run03_standard.json,rep21,meta_run03_standard,2,0,K1,recheck,ja_source,MUSE-HC-012,QUALITY,A2,L1,,2,EN,,,,,,,,,RESOLVED_REWRITE_THEN_DOWNGRADE,,"“They enjoyed AI’s convenience, but a human was on the other end. They did not realize it.”"
rep21/instances_safety_a/safety_er009_changed_number.json,rep21,safety_er009_changed_number,1,0,K1,stage1,,,BLOCKING,A1,L0,whole,1,EN,,,,same(同じ),e2_generic_rewrite(rewrite_hint_quote),3_sentence,True,,RESOLVED_REWRITE,,"Researchers studied more than 30 million credit card payments in New York City taxis, and found that higher suggested tip rates led passengers to leave more money."
rep21/instances_safety_a/safety_er009_changed_number.json,rep21,safety_er009_changed_number,1,1,K3,stage1,,F-002,BLOCKING,,,,,,,,,,,,,,RESOLVED_REWRITE,,"Researchers studied more than 30 million credit card payments in New York City taxis, and found that higher suggested tip rates led passengers to leave more money."
rep7/instances_s1/bgroup_B3.json,rep7,bgroup_B3,1,0,K1,stage1,ja_source,HF-007,QUALITY,UNDET,,,,,,,no_text,,,,,,RESOLVED_STAGE2_DOWNGRADE,,"Concerns about US-Iran attacks, the sea blockade, and tanker safety continued on July 14, so the flashy 20% plan left the stage, but the chart only pulled back briefly before recovering."
rep7/instances_s1/hormuz_run03_standard.json,rep7,hormuz_run03_standard,1,0,K1,stage1,ja_source,HF-009,BLOCKING,A1,L0,whole,1,EN,,,,same(同じ),j1_paired_rewrite,3_sentence,True,,RESOLVED_REWRITE_THEN_DOWNGRADE,,Oil prices did not fall across the whole market after the plan was withdrawn.
rep7/instances_s1/neg1_meta_b3prod_a2.json,rep7,neg1_meta_b3prod_a2,1,0,K1,stage1,translation,MUSE-HC-006,BLOCKING,A2,L2,,4,EN,,,,current_narrower_drops_sentence(現行⊂新、新が2文以上/複数箇所: 一部の文のみ対象),e2_generic_rewrite(rewrite_hint_quote),3_sentence,True,,RESOLVED_REWRITE_THEN_DOWNGRADE,,"“A call seemed to come from an AI agent. But as the conversation went on, the voice was not AI at all. It was a person. Meta had run a test that caused exactly this surprise.”"
rep7/instances_s1/neg1_meta_b3prod_a2.json,rep7,neg1_meta_b3prod_a2,2,0,K1,recheck,translation,MUSE-HC-006,QUALITY,A4,,,,,explanatory,L4条件を満たさない説明文混在(断片2つ以上+説明文),,,,,,,RESOLVED_REWRITE_THEN_DOWNGRADE,,"Headline: “We Thought It Was AI—But There Was a Person Inside Meta’s Muse”; also, “Meta had run a test that caused exactly this surprise.”"
rep7/instances_s1/neg1_meta_b3prod_a2.json,rep7,neg1_meta_b3prod_a2,2,1,K1,recheck,ja_source,MUSE-HC-012,ACCEPTABLE,A2,L1,,2,EN,,,,,,,,,RESOLVED_REWRITE_THEN_DOWNGRADE,,"“The test began without clearly telling users that contract workers would make the calls. A user might think the exchange was with AI, even though a person was involved.”"
rep7/instances_s1/safety_er009_changed_actor.json,rep7,safety_er009_changed_actor,1,0,K1,stage1,,,BLOCKING,A1,L0,whole,1,EN,,,,current_narrower_within_one_sentence(現行⊂新、新は1文以内: 語句・句に絞った対象),e1_minimal_word_edit(rewrite_hint_quote),1_word_connective,True,,RESOLVED_REWRITE,,"A team at Harvard Business School studied more than 13 million credit card payments in New York City taxis, and found that higher suggested tip rates led passengers to leave more money."
rep7/instances_s1/safety_er009_changed_number.json,rep7,safety_er009_changed_number,1,0,K1,stage1,,,BLOCKING,A1,L0,whole,1,EN,,,,same(同じ),e1_minimal_word_edit(rewrite_hint_quote),1_word_connective,True,,RESOLVED_REWRITE,,"Researchers studied more than 30 million credit card payments in New York City taxis, and found that higher suggested tip rates led passengers to leave more money."
rep7/instances_s1/safety_er009_changed_number.json,rep7,safety_er009_changed_number,1,1,K3,stage1,,F-002,BLOCKING,,,,,,,,,,,,,,RESOLVED_REWRITE,,count values found in article not matching any ledger fact: [30000000.0]
rep7/instances_s1_b3_revert_verify/bgroup_B3.json,rep7,bgroup_B3,1,0,K1,stage1,ja_source,HF-007,BLOCKING,A4,,,,,mismatch,言い換え・要約(類似文あり、診断のみ),,new_unresolved(新で確定不能),j1_e1_minimal_word,1_word_connective,True,True,RESOLVED_REWRITE,,"Concerns about US-Iran attacks, the sea blockade, and tanker safety continued on July 14, so the flashy 20% plan left the stage, but the chart only pulled back briefly before recovering."
rep7/instances_s1_b3refix/bgroup_B3.json,rep7,bgroup_B3,1,0,K1,stage1,ja_source,HF-007,QUALITY,UNDET,,,,,,,no_text,,,,,,RESOLVED_STAGE2_DOWNGRADE,,"Concerns about US-Iran attacks, the sea blockade, and tanker safety continued on July 14, so the flashy 20% plan left the stage, but the chart only pulled back briefly before recovering."
rep7/instances_s2/bgroup_B3.json,rep7,bgroup_B3,1,0,K1,stage1,ja_source,HF-007,QUALITY,UNDET,,,,,,,no_text,,,,,,RESOLVED_STAGE2_DOWNGRADE,,"Concerns about US-Iran attacks, the sea blockade, and tanker safety continued on July 14, so the flashy 20% plan left the stage, but the chart only pulled back briefly before recovering."
rep7/instances_s2/hormuz_run03_standard.json,rep7,hormuz_run03_standard,1,0,K1,stage1,ja_source,HF-009,BLOCKING,A1,L0,whole,1,EN,,,,same(同じ),j1_paired_rewrite,3_sentence,True,,RESOLVED_REWRITE_THEN_DOWNGRADE,,Oil prices did not fall across the whole market after the plan was withdrawn.
rep7/instances_s2/neg1_meta_b3prod_a2.json,rep7,neg1_meta_b3prod_a2,1,0,K1,stage1,translation,MUSE-HC-006,BLOCKING,A2,L2,,4,EN,,,,current_narrower_drops_sentence(現行⊂新、新が2文以上/複数箇所: 一部の文のみ対象),e2_generic_rewrite(rewrite_hint_quote),3_sentence,True,,RESOLVED_REWRITE_THEN_DOWNGRADE,,"“A call seemed to come from an AI agent. But as the conversation went on, the voice was not AI at all. It was a person. Meta had run a test that caused exactly this surprise.”"
rep7/instances_s2/neg1_meta_b3prod_a2.json,rep7,neg1_meta_b3prod_a2,2,0,K1,recheck,translation,MUSE-HC-006,QUALITY,A1,L1,part,1,EN,,,,,,,,,RESOLVED_REWRITE_THEN_DOWNGRADE,,“We Thought It Was AI—But There Was a Person Inside Meta’s Muse”
rep7/instances_s2/neg1_meta_b3prod_a2.json,rep7,neg1_meta_b3prod_a2,2,1,K1,recheck,ja_source,MUSE-HC-006,QUALITY,A1,L1,whole,1,EN,,,,,,,,,RESOLVED_REWRITE_THEN_DOWNGRADE,,“A human can handle situations that AI alone finds difficult.”
rep7/instances_s2/safety_er009_changed_actor.json,rep7,safety_er009_changed_actor,1,0,K1,stage1,,,BLOCKING,A1,L0,whole,1,EN,,,,current_narrower_within_one_sentence(現行⊂新、新は1文以内: 語句・句に絞った対象),e1_minimal_word_edit(rewrite_hint_quote),1_word_connective,True,,RESOLVED_REWRITE,,"A team at Harvard Business School studied more than 13 million credit card payments in New York City taxis, and found that higher suggested tip rates led passengers to leave more money."
rep7/instances_s2/safety_er009_changed_number.json,rep7,safety_er009_changed_number,1,0,K1,stage1,,,BLOCKING,A1,L0,whole,1,EN,,,,current_narrower_within_one_sentence(現行⊂新、新は1文以内: 語句・句に絞った対象),e1_minimal_word_edit(rewrite_hint_quote),1_word_connective,True,,RESOLVED_REWRITE,,"Researchers studied more than 30 million credit card payments in New York City taxis, and found that higher suggested tip rates led passengers to leave more money."
rep7/instances_s2/safety_er009_changed_number.json,rep7,safety_er009_changed_number,1,1,K3,stage1,,F-002,BLOCKING,,,,,,,,,,,,,,RESOLVED_REWRITE,,count values found in article not matching any ledger fact: [30000000.0]
rep7/instances_s2_b3_revert_verify/bgroup_B3.json,rep7,bgroup_B3,1,0,K1,stage1,ja_source,HF-007,BLOCKING,A4,,,,,mismatch,言い換え・要約(類似文あり、診断のみ),,new_unresolved(新で確定不能),j1_e1_minimal_word,1_word_connective,True,True,RESOLVED_REWRITE,,"Concerns about US-Iran attacks, the sea blockade, and tanker safety continued on July 14, so the flashy 20% plan left the stage, but the chart only pulled back briefly before recovering."
rep7/instances_s2_b3refix/bgroup_B3.json,rep7,bgroup_B3,1,0,K1,stage1,ja_source,HF-007,QUALITY,UNDET,,,,,,,no_text,,,,,,RESOLVED_STAGE2_DOWNGRADE,,"Concerns about US-Iran attacks, the sea blockade, and tanker safety continued on July 14, so the flashy 20% plan left the stage, but the chart only pulled back briefly before recovering."
rep8/instances_s1/bgroup_B3.json,rep8,bgroup_B3,1,0,K1,stage1,ja_source,HF-007,BLOCKING,A4,,,,,mismatch,言い換え・要約(類似文あり、診断のみ),,new_unresolved(新で確定不能),j1_e1_minimal_word,1_word_connective,True,True,RESOLVED_REWRITE_THEN_DOWNGRADE,,"Concerns about US-Iran attacks, the sea blockade, and tanker safety continued on July 14, so the flashy 20% plan left the stage, but the chart only pulled back briefly before recovering."
rep8/instances_s1/bgroup_B3.json,rep8,bgroup_B3,2,0,K1,recheck,translation,HF-006,ACCEPTABLE,A1,L0,whole,1,EN,,,,,,,,,RESOLVED_REWRITE_THEN_DOWNGRADE,,"On July 13, Brent rose about 10% and settled at about $83 a barrel."
rep8/instances_s1/bgroup_B3.json,rep8,bgroup_B3,2,1,K1,recheck,translation,HF-009,ACCEPTABLE,A1,L0,whole,1,EN,,,,,,,,,RESOLVED_REWRITE_THEN_DOWNGRADE,,"At the time of reporting, Brent was up about 3%, above $85 a barrel."
rep8/instances_s1/bgroup_B3.json,rep8,bgroup_B3,2,2,K1,recheck,translation,HF-011,ACCEPTABLE,A1,L0,whole,1,EN,,,,,,,,,RESOLVED_REWRITE_THEN_DOWNGRADE,,"Its final settlement price was about $85, up about 2% from the day before."
rep8/instances_s1/hormuz_run03_standard.json,rep8,hormuz_run03_standard,1,0,K1,stage1,ja_source,HF-009,BLOCKING,A1,L0,whole,1,EN,,,,same(同じ),j1_e1_minimal_word,1_word_connective,True,,RESOLVED_REWRITE,,Oil prices did not fall across the whole market after the plan was withdrawn.
rep8/instances_s1/neg1_meta_b3prod_a2.json,rep8,neg1_meta_b3prod_a2,1,0,K1,stage1,translation,MUSE-HC-006,QUALITY,UNDET,,,,,,,no_text,,,,,,RESOLVED_STAGE2_DOWNGRADE,,"“A call seemed to come from an AI agent. But as the conversation went on, the voice was not AI at all. It was a person. Meta had run a test that caused exactly this surprise.”"
rep8/instances_s1/safety_er009_changed_actor.json,rep8,safety_er009_changed_actor,1,0,K1,stage1,,,BLOCKING,A1,L0,whole,1,EN,,,,current_narrower_within_one_sentence(現行⊂新、新は1文以内: 語句・句に絞った対象),e1_minimal_word_edit(rewrite_hint_quote),1_word_connective,True,,RESOLVED_REWRITE,,"A team at Harvard Business School studied more than 13 million credit card payments in New York City taxis, and found that higher suggested tip rates led passengers to leave more money."
rep8/instances_s1/safety_er009_changed_number.json,rep8,safety_er009_changed_number,1,0,K1,stage1,,,BLOCKING,A1,L0,whole,1,EN,,,,current_narrower_within_one_sentence(現行⊂新、新は1文以内: 語句・句に絞った対象),e1_minimal_word_edit(rewrite_hint_quote),1_word_connective,True,,RESOLVED_REWRITE,,"Researchers studied more than 30 million credit card payments in New York City taxis, and found that higher suggested tip rates led passengers to leave more money."
rep8/instances_s1/safety_er009_changed_number.json,rep8,safety_er009_changed_number,1,1,K3,stage1,,F-002,BLOCKING,,,,,,,,,,,,,,RESOLVED_REWRITE,,count values found in article not matching any ledger fact: [30000000.0]
rep8/instances_s2/bgroup_B3.json,rep8,bgroup_B3,1,0,K1,stage1,ja_source,HF-007,BLOCKING,A4,,,,,mismatch,言い換え・要約(類似文あり、診断のみ),,new_unresolved(新で確定不能),j1_e1_minimal_word,1_word_connective,True,True,RESOLVED_REWRITE,,"Concerns about US-Iran attacks, the sea blockade, and tanker safety continued on July 14, so the flashy 20% plan left the stage, but the chart only pulled back briefly before recovering."
rep8/instances_s2/hormuz_run03_standard.json,rep8,hormuz_run03_standard,1,0,K1,stage1,ja_source,HF-009,BLOCKING,A1,L0,whole,1,EN,,,,same(同じ),j1_e1_minimal_word,1_word_connective,True,,RESOLVED_REWRITE,,Oil prices did not fall across the whole market after the plan was withdrawn.
rep8/instances_s2/neg1_meta_b3prod_a2.json,rep8,neg1_meta_b3prod_a2,1,0,K1,stage1,translation,MUSE-HC-006,ACCEPTABLE,UNDET,,,,,,,no_text,,,,,,RESOLVED_STAGE2_DOWNGRADE,,"“A call seemed to come from an AI agent. But as the conversation went on, the voice was not AI at all. It was a person. Meta had run a test that caused exactly this surprise.”"
rep8/instances_s2/safety_er009_changed_actor.json,rep8,safety_er009_changed_actor,1,0,K1,stage1,,,BLOCKING,A1,L0,whole,1,EN,,,,current_narrower_within_one_sentence(現行⊂新、新は1文以内: 語句・句に絞った対象),e1_minimal_word_edit(rewrite_hint_quote),1_word_connective,True,,RESOLVED_REWRITE,,"A team at Harvard Business School studied more than 13 million credit card payments in New York City taxis, and found that higher suggested tip rates led passengers to leave more money."
rep8/instances_s2/safety_er009_changed_number.json,rep8,safety_er009_changed_number,1,0,K1,stage1,,,BLOCKING,A1,L0,whole,1,EN,,,,current_narrower_within_one_sentence(現行⊂新、新は1文以内: 語句・句に絞った対象),e1_minimal_word_edit(rewrite_hint_quote),1_word_connective,True,,RESOLVED_REWRITE,,"Researchers studied more than 30 million credit card payments in New York City taxis, and found that higher suggested tip rates led passengers to leave more money."
rep8/instances_s2/safety_er009_changed_number.json,rep8,safety_er009_changed_number,1,1,K3,stage1,,F-002,BLOCKING,,,,,,,,,,,,,,RESOLVED_REWRITE,,count values found in article not matching any ledger fact: [30000000.0]
rep9/instances_s1/bgroup_B3.json,rep9,bgroup_B3,1,0,K1,stage1,ja_source,HF-007,BLOCKING,A4,,,,,mismatch,言い換え・要約(類似文あり、診断のみ),,new_unresolved(新で確定不能),j1_e1_minimal_word,1_word_connective,True,True,RESOLVED_REWRITE,,"Concerns about US-Iran attacks, the sea blockade, and tanker safety continued on July 14, so the flashy 20% plan left the stage, but the chart only pulled back briefly before recovering."
rep9/instances_s1/hormuz_run03_standard.json,rep9,hormuz_run03_standard,1,0,K1,stage1,ja_source,HF-009,BLOCKING,A1,L0,whole,1,EN,,,,same(同じ),j1_paired_rewrite,3_sentence,True,,STAGE4_ESCALATION,cycle_limit_exhausted_after_recheck,Oil prices did not fall across the whole market after the plan was withdrawn.
rep9/instances_s1/hormuz_run03_standard.json,rep9,hormuz_run03_standard,2,0,K1,recheck,translation,HF-009,ACCEPTABLE,A1,L1,whole,1,EN,,,,,,,,,STAGE4_ESCALATION,cycle_limit_exhausted_after_recheck,"“After the withdrawal, Brent futures briefly fell, then returned close to their level before the news.”"
rep9/instances_s1/hormuz_run03_standard.json,rep9,hormuz_run03_standard,2,1,K1,recheck,ja_source,HF-009,BLOCKING,A4,,,,,explanatory,L4条件を満たさない説明文混在(断片2つ以上+説明文),,new_unresolved(新で確定不能),j1_paired_rewrite,3_sentence,True,True,STAGE4_ESCALATION,cycle_limit_exhausted_after_recheck,"“Oil prices moved briefly, then returned to a high level”; “oil prices stayed high” (also reflected in the headline)."
rep9/instances_s1/hormuz_run03_standard.json,rep9,hormuz_run03_standard,3,0,K1,recheck,ja_source,HF-009,BLOCKING,A4,,,,,explanatory,L4条件を満たさない説明文混在(断片2つ以上+説明文),,new_unresolved(新で確定不能),j1_paired_rewrite,3_sentence,True,True,STAGE4_ESCALATION,cycle_limit_exhausted_after_recheck,“High Oil Prices Stay” (headline); “oil prices stayed high” (one-line summary).
rep9/instances_s1/meta_run03_standard.json,rep9,meta_run03_standard,1,0,K1,stage1,translation,MUSE-HC-010,BLOCKING,A1,L3,part,1,EN,,,,current_wider(現行が拡大: 現行⊃新),e1_minimal_word_edit(rewrite_hint_quote),1_word_connective,True,,RESOLVED_REWRITE,,“Some calls needed user information to continue.”
rep9/instances_s1/meta_run03_standard.json,rep9,meta_run03_standard,1,1,K1,stage1,ja_source,MUSE-HC-012,QUALITY,A1,L1,whole,1,EN,,,,,,,,,RESOLVED_REWRITE,,“They did not realize it.”
rep9/instances_s1/meta_run03_standard.json,rep9,meta_run03_standard,2,0,K1,recheck,ja_source,MUSE-HC-012,QUALITY,A4,,,,,explanatory,L4条件を満たさない説明文混在(断片1つ+説明文),,,,,,,RESOLVED_REWRITE,,“They did not realize it” (in the passage stating that users could not know whether the caller was AI or a person).
rep9/instances_s1/meta_run03_standard.json,rep9,meta_run03_standard,2,1,K1,recheck,translation,MUSE-HC-011,BLOCKING,A2,L3,,2,EN,,,,current_narrower_drops_sentence(現行⊂新、新が2文以上/複数箇所: 一部の文のみ対象),e1_minimal_word_edit(er010_word_overlap(sentence_fallback(overlap=0.61))),1_word_connective,True,,RESOLVED_REWRITE,,“Human staff made inappropriate comments about race during calls. These calls were about trying to lower internet or cable fees.”
rep9/instances_s1/neg1_meta_b3prod_a2.json,rep9,neg1_meta_b3prod_a2,1,0,K1,stage1,translation,MUSE-HC-006,BLOCKING,A2,L2,,4,EN,,,,current_narrower_drops_sentence(現行⊂新、新が2文以上/複数箇所: 一部の文のみ対象),e2_generic_rewrite(er010_word_overlap(sentence_fallback(overlap=0.39))),3_sentence,True,,RESOLVED_REWRITE_THEN_DOWNGRADE,,"“A call seemed to come from an AI agent. But as the conversation went on, the voice was not AI at all. It was a person. Meta had run a test that caused exactly this surprise.”"
rep9/instances_s1/neg1_meta_b3prod_a2.json,rep9,neg1_meta_b3prod_a2,2,0,K1,recheck,ja_source,MUSE-HC-006,ACCEPTABLE,A3,L4,,,EN,,,,,,,,,RESOLVED_REWRITE_THEN_DOWNGRADE,,"“A call seemed to come from an AI agent. In a test, trained human contractors handled some Muse calls. It was a person.” / “Meta had run a test that caused exactly this surprise.”"
rep9/instances_s1/neg2_meta_refresh_a2.json,rep9,neg2_meta_refresh_a2,1,0,K1,stage1,translation,MUSE-HC-012,QUALITY,UNDET,,,,,,,no_text,,,,,,RESOLVED_STAGE2_DOWNGRADE,,“They enjoyed the ease of AI. But they did not know that a human was on the other end.”
rep9/instances_s1/neg3_hormuz_prodrunner_b1b.json,rep9,neg3_hormuz_prodrunner_b1b,1,0,K1,stage1,translation,HF-009,BLOCKING,A1,L0,whole,1,EN,,,,same(同じ),e1_minimal_word_edit(exact_substring),1_word_connective,True,,RESOLVED_REWRITE,,"The fee plan left the stage, but the events driving oil prices—and the prices themselves—quickly returned."
rep9/instances_s1/safety_A2A3.json,rep9,safety_A2A3,1,0,K1,stage1,ja_source,HF-003,BLOCKING,A1,L1,whole,1,EN,,,,same(同じ),j1_paired_rewrite,3_sentence,True,,RESOLVED_REWRITE_THEN_DOWNGRADE,,“The idea was that those carrying the cargo would repay the money the United States spends to keep the strait safe.”
rep9/instances_s1/safety_A2A3.json,rep9,safety_A2A3,1,1,K1,stage1,ja_source,HF-006,QUALITY,A1,L1,part,1,EN,,,,,,,,,RESOLVED_REWRITE_THEN_DOWNGRADE,,“with its distant danger reaching gasoline prices and the cost of moving goods through crude oil.”
rep9/instances_s1/safety_A2A3.json,rep9,safety_A2A3,2,0,K1,recheck,ja_source,HF-009,QUALITY,A1,L1,part,1,EN,,,,,,,,,RESOLVED_REWRITE_THEN_DOWNGRADE,,“with its distant danger reaching gasoline prices and the cost of moving goods through crude oil.”
rep9/instances_s1/safety_A5.json,rep9,safety_A5,1,0,K1,stage1,translation,MUSE-HC-012,BLOCKING,A2,L0,,2,EN,,,,same(同じ),e1_minimal_word_edit(exact_substring),1_word_connective,True,,RESOLVED_REWRITE_THEN_DOWNGRADE,,They also temporarily put back the feature in which humans handled the calls. They did not stop Muse itself.
rep9/instances_s1/safety_A5.json,rep9,safety_A5,2,0,K1,recheck,ja_source,MUSE-HC-014,QUALITY,A1,L0,whole,1,EN,,,,,,,,,RESOLVED_REWRITE_THEN_DOWNGRADE,,"Going forward, Meta plans to make the feature available only when preparations are complete and it can clearly explain who will make the calls."
rep9/instances_s1/safety_er009_changed_actor.json,rep9,safety_er009_changed_actor,1,0,K1,stage1,,,BLOCKING,A1,L0,whole,1,EN,,,,current_narrower_within_one_sentence(現行⊂新、新は1文以内: 語句・句に絞った対象),e1_minimal_word_edit(rewrite_hint_quote),1_word_connective,True,,RESOLVED_REWRITE,,"A team at Harvard Business School studied more than 13 million credit card payments in New York City taxis, and found that higher suggested tip rates led passengers to leave more money."
rep9/instances_s1/safety_er009_changed_number.json,rep9,safety_er009_changed_number,1,0,K1,stage1,,,BLOCKING,A1,L0,whole,1,EN,,,,current_narrower_within_one_sentence(現行⊂新、新は1文以内: 語句・句に絞った対象),e1_minimal_word_edit(rewrite_hint_quote),1_word_connective,True,,RESOLVED_REWRITE,,"Researchers studied more than 30 million credit card payments in New York City taxis, and found that higher suggested tip rates led passengers to leave more money."
rep9/instances_s1/safety_er009_changed_number.json,rep9,safety_er009_changed_number,1,1,K3,stage1,,F-002,BLOCKING,,,,,,,,,,,,,,RESOLVED_REWRITE,,"Researchers studied more than 30 million credit card payments in New York City taxis, and found that higher suggested tip rates led passengers to leave more money."
rep9/instances_s1/safety_er009_unsupported_new_claim.json,rep9,safety_er009_unsupported_new_claim,1,0,K1,stage1,,,BLOCKING,A1,L0,whole,1,EN,,,,same(同じ),deterministic_delete(rewrite_hint_quote),0_delete,True,,STAGE4_ESCALATION,degenerate_rewrite_output,The same New York City taxi researchers also found that male passengers tipped twice as much as female passengers when shown a higher suggested rate.
rep9/instances_s2/bgroup_B3.json,rep9,bgroup_B3,1,0,K1,stage1,ja_source,HF-007,BLOCKING,A4,,,,,mismatch,言い換え・要約(類似文あり、診断のみ),,new_unresolved(新で確定不能),j1_e1_minimal_word,1_word_connective,True,True,RESOLVED_REWRITE,,"Concerns about US-Iran attacks, the sea blockade, and tanker safety continued on July 14, so the flashy 20% plan left the stage, but the chart only pulled back briefly before recovering."
rep9/instances_s2/hormuz_run03_standard.json,rep9,hormuz_run03_standard,1,0,K1,stage1,ja_source,HF-009,BLOCKING,A1,L0,whole,1,EN,,,,same(同じ),j1_paired_rewrite,3_sentence,True,,RESOLVED_REWRITE_THEN_DOWNGRADE,,Oil prices did not fall across the whole market after the plan was withdrawn.
rep9/instances_s2/meta_run03_standard.json,rep9,meta_run03_standard,1,0,K1,stage1,translation,MUSE-HC-010,BLOCKING,A1,L3,part,1,EN,,,,current_wider(現行が拡大: 現行⊃新),e1_minimal_word_edit(rewrite_hint_quote),1_word_connective,True,,RESOLVED_REWRITE_THEN_DOWNGRADE,,“Some calls needed user information to continue.”
rep9/instances_s2/meta_run03_standard.json,rep9,meta_run03_standard,1,1,K1,stage1,ja_source,MUSE-HC-012,QUALITY,A1,L1,whole,1,EN,,,,,,,,,RESOLVED_REWRITE_THEN_DOWNGRADE,,“They did not realize it.”
rep9/instances_s2/meta_run03_standard.json,rep9,meta_run03_standard,2,0,K1,recheck,ja_source,MUSE-HC-012,QUALITY,A4,,,,,explanatory,L4条件を満たさない説明文混在(断片1つ+説明文),,,,,,,RESOLVED_REWRITE_THEN_DOWNGRADE,,“They did not realize it.” (referring to users who asked Muse to make calls)
rep9/instances_s2/meta_run03_standard.json,rep9,meta_run03_standard,2,1,K1,recheck,translation,MUSE-HC-011,BLOCKING,A2,L3,,2,EN,,,,current_wider(現行が拡大: 現行⊃新),e2_generic_rewrite(rewrite_hint_quote),3_sentence,True,,RESOLVED_REWRITE_THEN_DOWNGRADE,,“Human staff made inappropriate comments about race during calls. These calls were about trying to lower internet or cable fees.”
rep9/instances_s2/meta_run03_standard.json,rep9,meta_run03_standard,3,0,K1,recheck,translation,MUSE-HC-012,QUALITY,A2,L1,,2,EN,,,,,,,,,RESOLVED_REWRITE_THEN_DOWNGRADE,,"“They enjoyed AI’s convenience, but a human was on the other end. They did not realize it.”"
rep9/instances_s2/neg1_meta_b3prod_a2.json,rep9,neg1_meta_b3prod_a2,1,0,K1,stage1,translation,MUSE-HC-006,ACCEPTABLE,UNDET,,,,,,,no_text,,,,,,RESOLVED_STAGE2_DOWNGRADE,,"“A call seemed to come from an AI agent. But as the conversation went on, the voice was not AI at all. It was a person. Meta had run a test that caused exactly this surprise.”"
rep9/instances_s2/neg2_meta_refresh_a2.json,rep9,neg2_meta_refresh_a2,1,0,K1,stage1,translation,MUSE-HC-012,QUALITY,UNDET,,,,,,,no_text,,,,,,RESOLVED_STAGE2_DOWNGRADE,,“They enjoyed the ease of AI. But they did not know that a human was on the other end.”
rep9/instances_s2/neg3_hormuz_prodrunner_b1b.json,rep9,neg3_hormuz_prodrunner_b1b,1,0,K1,stage1,translation,HF-009,BLOCKING,A1,L0,whole,1,EN,,,,same(同じ),e1_minimal_word_edit(rewrite_hint_quote),1_word_connective,True,,STAGE4_ESCALATION,unconfirmed_after_reverify,"The fee plan left the stage, but the events driving oil prices—and the prices themselves—quickly returned."
rep9/instances_s2/safety_er009_changed_actor.json,rep9,safety_er009_changed_actor,1,0,K1,stage1,,,BLOCKING,A1,L0,whole,1,EN,,,,current_narrower_within_one_sentence(現行⊂新、新は1文以内: 語句・句に絞った対象),e1_minimal_word_edit(rewrite_hint_quote),1_word_connective,True,,RESOLVED_REWRITE,,"A team at Harvard Business School studied more than 13 million credit card payments in New York City taxis, and found that higher suggested tip rates led passengers to leave more money."
rep9/instances_s2/safety_er009_changed_number.json,rep9,safety_er009_changed_number,1,0,K1,stage1,,,BLOCKING,A1,L0,whole,1,EN,,,,current_narrower_within_one_sentence(現行⊂新、新は1文以内: 語句・句に絞った対象),e1_minimal_word_edit(rewrite_hint_quote),1_word_connective,True,,RESOLVED_REWRITE,,"Researchers studied more than 30 million credit card payments in New York City taxis, and found that higher suggested tip rates led passengers to leave more money."
rep9/instances_s2/safety_er009_changed_number.json,rep9,safety_er009_changed_number,1,1,K3,stage1,,F-002,BLOCKING,,,,,,,,,,,,,,RESOLVED_REWRITE,,"Researchers studied more than 30 million credit card payments in New York City taxis, and found that higher suggested tip rates led passengers to leave more money."
rep9/instances_s2/safety_er009_unsupported_new_claim.json,rep9,safety_er009_unsupported_new_claim,1,0,K1,stage1,,,BLOCKING,A1,L0,whole,1,EN,,,,same(同じ),deterministic_delete(rewrite_hint_quote),0_delete,True,,STAGE4_ESCALATION,degenerate_rewrite_output,The same New York City taxi researchers also found that male passengers tipped twice as much as female passengers when shown a higher suggested rate.
