run,cycle,claim_text,fact_id,ledger_excerpt,checker_ai,checker_machine,llm_materiality,floor_reason,final_materiality,true_problem,true_critical,rewrite_needed_fact_level,label_source,note_fill_Y_N_UNDECIDABLE
bgroup_B3,1,# 20% Withdrawn—but the Oil Chart Was Not Finished Yet,HF-007,[VERIFIED] HF-007: トランプ大統領は7月14日午前11時4分（米東部夏時間）、20％の米国償還料を、湾岸諸国による対米貿易・投資案件に置き換えると投稿した。 /   scope: 7月13日に提案したホルムズ海峡通航貨物への20％償還料 /   conditions: トランプ氏は、中東指導者との「非常に生産的な協議」に基づく決定だと説明した。 /   numeric_value: 20% (numeric_scope: 撤回・置換対象となった償還率) /   date_or_period: 2026-07-14 11:04 EDT /   causal_strength: CAUSAL_STATED_BY_SOURCE /   notes_for_writer: この投稿は7月13日の提案から約24時間48分後。Ledger上では必ず7月13日の提案より後に位置付ける。 / ,False,True,ACCEPTABLE,,ACCEPTABLE,UNLABELED,UNLABELED,UNLABELED,,
bgroup_B3,1,This news feels like a short play in three acts.,,,True,False,ACCEPTABLE,,ACCEPTABLE,UNLABELED,UNLABELED,,,
bgroup_B3,1,Act Two brought an unexpected turn.,HF-007,[VERIFIED] HF-007: トランプ大統領は7月14日午前11時4分（米東部夏時間）、20％の米国償還料を、湾岸諸国による対米貿易・投資案件に置き換えると投稿した。 /   scope: 7月13日に提案したホルムズ海峡通航貨物への20％償還料 /   conditions: トランプ氏は、中東指導者との「非常に生産的な協議」に基づく決定だと説明した。 /   numeric_value: 20% (numeric_scope: 撤回・置換対象となった償還率) /   date_or_period: 2026-07-14 11:04 EDT /   causal_strength: CAUSAL_STATED_BY_SOURCE /   notes_for_writer: この投稿は7月13日の提案から約24時間48分後。Ledger上では必ず7月13日の提案より後に位置付ける。 / ,True,False,ACCEPTABLE,,ACCEPTABLE,UNLABELED,UNLABELED,UNLABELED,,
bgroup_B3,1,Act Three was an unexpected move in oil prices.,HF-009,[VERIFIED] HF-009: Yahoo Financeは、7月14日の撤回・投資案件への置換発表後、Brent先物が一時的に上げ幅を縮小したものの、ほどなく発表前に近い高い水準へ戻ったと報じた。記事掲載時点ではBrent先物は約2.6％高で、1バレル85ドルを上回っていた。 /   scope: 国際指標Brent原油先物の短時間の値動き /   conditions: 撤回発表以外にも、米・イラン間の攻撃、海上封鎖、タンカー安全上の懸念が継続していた。 /   numeric_value: 約 +2.6%、$85/バレル超 (numeric_scope: 記事掲載時点のリアルタイムに近い価格スナップショット。日中高値でも終値でもない) /   date_or_period: 2026-07-14、撤回発表後の取引時間中 /   causal_strength: CAUSAL_STATED_BY_SOURCE /   notes_for_writer: 撤回後に原油価格が全面的に下落したとは書かない。観測されたのは一時的な上げ幅縮小と、その後の回復。 / ,True,False,ACCEPTABLE,,ACCEPTABLE,UNLABELED,UNLABELED,,,
bgroup_B3,1,"For the moment, only a large number stood at center stage.",HF-003,[VERIFIED] HF-003: 7月13日の20％償還料の投稿および同日の発言では、徴収主体、支払義務者、評価方法、徴収通貨、免除、執行方法、法的根拠などの具体的制度設計は示されなかった。 /   scope: ホルムズ海峡の貨物通航に対する米国の償還料案 /   numeric_value: 20% (numeric_scope: 提案された率のみが示され、算定・徴収方法は未提示) /   date_or_period: 2026-07-13 /   notes_for_writer: 「米国が20％通航料を導入した」と確定形で書かず、「提案した」「徴収方針を表明した」とする。 / ,False,True,ACCEPTABLE,,ACCEPTABLE,UNLABELED,UNLABELED,,,
bgroup_B3,1,### The 20% plan changes overnight,HF-007,[VERIFIED] HF-007: トランプ大統領は7月14日午前11時4分（米東部夏時間）、20％の米国償還料を、湾岸諸国による対米貿易・投資案件に置き換えると投稿した。 /   scope: 7月13日に提案したホルムズ海峡通航貨物への20％償還料 /   conditions: トランプ氏は、中東指導者との「非常に生産的な協議」に基づく決定だと説明した。 /   numeric_value: 20% (numeric_scope: 撤回・置換対象となった償還率) /   date_or_period: 2026-07-14 11:04 EDT /   causal_strength: CAUSAL_STATED_BY_SOURCE /   notes_for_writer: この投稿は7月13日の提案から約24時間48分後。Ledger上では必ず7月13日の提案より後に位置付ける。 / ,True,False,ACCEPTABLE,deterministic_floor:changed_time,BLOCKING,UNLABELED,UNLABELED,UNLABELED,,
bgroup_B3,1,"Concerns about US-Iran attacks, the sea blockade, and tanker safety continued on July 14, so the flashy 20% plan left the stage, but the chart only pulled back briefly before recovering: the policy turn and the oil chart’s “not over yet” movement happened on the same day.",HF-007,[VERIFIED] HF-007: トランプ大統領は7月14日午前11時4分（米東部夏時間）、20％の米国償還料を、湾岸諸国による対米貿易・投資案件に置き換えると投稿した。 /   scope: 7月13日に提案したホルムズ海峡通航貨物への20％償還料 /   conditions: トランプ氏は、中東指導者との「非常に生産的な協議」に基づく決定だと説明した。 /   numeric_value: 20% (numeric_scope: 撤回・置換対象となった償還率) /   date_or_period: 2026-07-14 11:04 EDT /   causal_strength: CAUSAL_STATED_BY_SOURCE /   notes_for_writer: この投稿は7月13日の提案から約24時間48分後。Ledger上では必ず7月13日の提案より後に位置付ける。 / ,True,False,BLOCKING,,BLOCKING,UNLABELED,UNLABELED,UNLABELED,,
bgroup_B3,1,"He also said no one should charge ships in the strait, and that he disliked fees.",HF-001,[VERIFIED] HF-001: 国際海事機関（IMO）理事会は、第137回会合で、ホルムズ海峡の通航は国際法およびIMO条約に従い、通航料・手数料を課されない状態を維持すべきだと再確認した。 /   scope: 国際航行に使用されるホルムズ海峡を通航する全船舶 /   conditions: 沿岸国間の取り決めは、全船舶の無差別かつ妨げられない通過通航権を保証する必要がある。 /   numeric_value: 第137回理事会 (numeric_scope: IMO理事会の会合番号) /   date_or_period: 2026-07-06～2026-07-10（第137回理事会開催期間）、2026-07-13公表 /   notes_for_writer: この決議と7月14日の発言撤回との因果関係は一次資料で確認できない。撤回の原因として記述しない。 / ,True,False,ACCEPTABLE,"deterministic_floor:changed_actor,changed_time",BLOCKING,UNLABELED,UNLABELED,UNLABELED,,
bgroup_B3,1,Act One was “20%.,HF-007,[VERIFIED] HF-007: トランプ大統領は7月14日午前11時4分（米東部夏時間）、20％の米国償還料を、湾岸諸国による対米貿易・投資案件に置き換えると投稿した。 /   scope: 7月13日に提案したホルムズ海峡通航貨物への20％償還料 /   conditions: トランプ氏は、中東指導者との「非常に生産的な協議」に基づく決定だと説明した。 /   numeric_value: 20% (numeric_scope: 撤回・置換対象となった償還率) /   date_or_period: 2026-07-14 11:04 EDT /   causal_strength: CAUSAL_STATED_BY_SOURCE /   notes_for_writer: この投稿は7月13日の提案から約24時間48分後。Ledger上では必ず7月13日の提案より後に位置付ける。 / ,,,ACCEPTABLE,,ACCEPTABLE,UNLABELED,UNLABELED,UNLABELED,,
bgroup_B3,1,Trump posted that the United States would seek a 20% charge on all cargo passing through the Strait of Hormuz.,HF-007,[VERIFIED] HF-007: トランプ大統領は7月14日午前11時4分（米東部夏時間）、20％の米国償還料を、湾岸諸国による対米貿易・投資案件に置き換えると投稿した。 /   scope: 7月13日に提案したホルムズ海峡通航貨物への20％償還料 /   conditions: トランプ氏は、中東指導者との「非常に生産的な協議」に基づく決定だと説明した。 /   numeric_value: 20% (numeric_scope: 撤回・置換対象となった償還率) /   date_or_period: 2026-07-14 11:04 EDT /   causal_strength: CAUSAL_STATED_BY_SOURCE /   notes_for_writer: この投稿は7月13日の提案から約24時間48分後。Ledger上では必ず7月13日の提案より後に位置付ける。 / ,,,ACCEPTABLE,,ACCEPTABLE,UNLABELED,UNLABELED,UNLABELED,,
bgroup_B3,1,But “20%” was not a finished system.,HF-007,[VERIFIED] HF-007: トランプ大統領は7月14日午前11時4分（米東部夏時間）、20％の米国償還料を、湾岸諸国による対米貿易・投資案件に置き換えると投稿した。 /   scope: 7月13日に提案したホルムズ海峡通航貨物への20％償還料 /   conditions: トランプ氏は、中東指導者との「非常に生産的な協議」に基づく決定だと説明した。 /   numeric_value: 20% (numeric_scope: 撤回・置換対象となった償還率) /   date_or_period: 2026-07-14 11:04 EDT /   causal_strength: CAUSAL_STATED_BY_SOURCE /   notes_for_writer: この投稿は7月13日の提案から約24時間48分後。Ledger上では必ず7月13日の提案より後に位置付ける。 / ,,,ACCEPTABLE,,ACCEPTABLE,UNLABELED,UNLABELED,UNLABELED,,
bgroup_B3,1,"The next day, Trump said the 20% plan would be replaced by trade and investment projects between Gulf states and the US.",HF-007,[VERIFIED] HF-007: トランプ大統領は7月14日午前11時4分（米東部夏時間）、20％の米国償還料を、湾岸諸国による対米貿易・投資案件に置き換えると投稿した。 /   scope: 7月13日に提案したホルムズ海峡通航貨物への20％償還料 /   conditions: トランプ氏は、中東指導者との「非常に生産的な協議」に基づく決定だと説明した。 /   numeric_value: 20% (numeric_scope: 撤回・置換対象となった償還率) /   date_or_period: 2026-07-14 11:04 EDT /   causal_strength: CAUSAL_STATED_BY_SOURCE /   notes_for_writer: この投稿は7月13日の提案から約24時間48分後。Ledger上では必ず7月13日の提案より後に位置付ける。 / ,,,ACCEPTABLE,,ACCEPTABLE,UNLABELED,UNLABELED,UNLABELED,,
bgroup_B3,1,” Act Two brought an unexpected turn.,HF-007,[VERIFIED] HF-007: トランプ大統領は7月14日午前11時4分（米東部夏時間）、20％の米国償還料を、湾岸諸国による対米貿易・投資案件に置き換えると投稿した。 /   scope: 7月13日に提案したホルムズ海峡通航貨物への20％償還料 /   conditions: トランプ氏は、中東指導者との「非常に生産的な協議」に基づく決定だと説明した。 /   numeric_value: 20% (numeric_scope: 撤回・置換対象となった償還率) /   date_or_period: 2026-07-14 11:04 EDT /   causal_strength: CAUSAL_STATED_BY_SOURCE /   notes_for_writer: この投稿は7月13日の提案から約24時間48分後。Ledger上では必ず7月13日の提案より後に位置付ける。 / ,True,False,ACCEPTABLE,,ACCEPTABLE,UNLABELED,UNLABELED,UNLABELED,,
bgroup_B3,1,The number stayed at center stage for about a day.,HF-003,[VERIFIED] HF-003: 7月13日の20％償還料の投稿および同日の発言では、徴収主体、支払義務者、評価方法、徴収通貨、免除、執行方法、法的根拠などの具体的制度設計は示されなかった。 /   scope: ホルムズ海峡の貨物通航に対する米国の償還料案 /   numeric_value: 20% (numeric_scope: 提案された率のみが示され、算定・徴収方法は未提示) /   date_or_period: 2026-07-13 /   notes_for_writer: 「米国が20％通航料を導入した」と確定形で書かず、「提案した」「徴収方針を表明した」とする。 / ,,,ACCEPTABLE,,ACCEPTABLE,UNLABELED,UNLABELED,,,
bgroup_B3,1,"The rise was linked to concern about a US sea blockade of Iran, planned for the next day, and energy shipments through the Strait of Hormuz.",HF-007,[VERIFIED] HF-007: トランプ大統領は7月14日午前11時4分（米東部夏時間）、20％の米国償還料を、湾岸諸国による対米貿易・投資案件に置き換えると投稿した。 /   scope: 7月13日に提案したホルムズ海峡通航貨物への20％償還料 /   conditions: トランプ氏は、中東指導者との「非常に生産的な協議」に基づく決定だと説明した。 /   numeric_value: 20% (numeric_scope: 撤回・置換対象となった償還率) /   date_or_period: 2026-07-14 11:04 EDT /   causal_strength: CAUSAL_STATED_BY_SOURCE /   notes_for_writer: この投稿は7月13日の提案から約24時間48分後。Ledger上では必ず7月13日の提案より後に位置付ける。 / ,,,ACCEPTABLE,,ACCEPTABLE,UNLABELED,UNLABELED,UNLABELED,,
bgroup_B3,1,"On July 14, after the withdrawal and replacement announcement, Brent crude futures briefly gave back some of their gains.",HF-007,[VERIFIED] HF-007: トランプ大統領は7月14日午前11時4分（米東部夏時間）、20％の米国償還料を、湾岸諸国による対米貿易・投資案件に置き換えると投稿した。 /   scope: 7月13日に提案したホルムズ海峡通航貨物への20％償還料 /   conditions: トランプ氏は、中東指導者との「非常に生産的な協議」に基づく決定だと説明した。 /   numeric_value: 20% (numeric_scope: 撤回・置換対象となった償還率) /   date_or_period: 2026-07-14 11:04 EDT /   causal_strength: CAUSAL_STATED_BY_SOURCE /   notes_for_writer: この投稿は7月13日の提案から約24時間48分後。Ledger上では必ず7月13日の提案より後に位置付ける。 / ,,,ACCEPTABLE,,ACCEPTABLE,UNLABELED,UNLABELED,UNLABELED,,
bgroup_B3,2,The change was sudden.,HF-007,[VERIFIED] HF-007: トランプ大統領は7月14日午前11時4分（米東部夏時間）、20％の米国償還料を、湾岸諸国による対米貿易・投資案件に置き換えると投稿した。 /   scope: 7月13日に提案したホルムズ海峡通航貨物への20％償還料 /   conditions: トランプ氏は、中東指導者との「非常に生産的な協議」に基づく決定だと説明した。 /   numeric_value: 20% (numeric_scope: 撤回・置換対象となった償還率) /   date_or_period: 2026-07-14 11:04 EDT /   causal_strength: CAUSAL_STATED_BY_SOURCE /   notes_for_writer: この投稿は7月13日の提案から約24時間48分後。Ledger上では必ず7月13日の提案より後に位置付ける。 / ,,,ACCEPTABLE,,ACCEPTABLE,UNLABELED,UNLABELED,,,
bgroup_B3,2,"Concerns about US-Iran attacks, the sea blockade, and tanker safety continued on July 14, and the flashy 20% plan left the stage, but the chart only pulled back briefly before recovering: the policy turn and the oil chart’s “not over yet” movement happened on the same day.",HF-007,[VERIFIED] HF-007: トランプ大統領は7月14日午前11時4分（米東部夏時間）、20％の米国償還料を、湾岸諸国による対米貿易・投資案件に置き換えると投稿した。 /   scope: 7月13日に提案したホルムズ海峡通航貨物への20％償還料 /   conditions: トランプ氏は、中東指導者との「非常に生産的な協議」に基づく決定だと説明した。 /   numeric_value: 20% (numeric_scope: 撤回・置換対象となった償還率) /   date_or_period: 2026-07-14 11:04 EDT /   causal_strength: CAUSAL_STATED_BY_SOURCE /   notes_for_writer: この投稿は7月13日の提案から約24時間48分後。Ledger上では必ず7月13日の提案より後に位置付ける。 / ,,,ACCEPTABLE,,ACCEPTABLE,UNLABELED,UNLABELED,,,
bgroup_B3,3,# 20% Withdrawn—but the Oil Chart Was Not Finished Yet,HF-007,[VERIFIED] HF-007: トランプ大統領は7月14日午前11時4分（米東部夏時間）、20％の米国償還料を、湾岸諸国による対米貿易・投資案件に置き換えると投稿した。 /   scope: 7月13日に提案したホルムズ海峡通航貨物への20％償還料 /   conditions: トランプ氏は、中東指導者との「非常に生産的な協議」に基づく決定だと説明した。 /   numeric_value: 20% (numeric_scope: 撤回・置換対象となった償還率) /   date_or_period: 2026-07-14 11:04 EDT /   causal_strength: CAUSAL_STATED_BY_SOURCE /   notes_for_writer: この投稿は7月13日の提案から約24時間48分後。Ledger上では必ず7月13日の提案より後に位置付ける。 / ,False,True,ACCEPTABLE,,ACCEPTABLE,UNLABELED,UNLABELED,,,
bgroup_B3,3,Act Two brought an unexpected turn.,HF-007,[VERIFIED] HF-007: トランプ大統領は7月14日午前11時4分（米東部夏時間）、20％の米国償還料を、湾岸諸国による対米貿易・投資案件に置き換えると投稿した。 /   scope: 7月13日に提案したホルムズ海峡通航貨物への20％償還料 /   conditions: トランプ氏は、中東指導者との「非常に生産的な協議」に基づく決定だと説明した。 /   numeric_value: 20% (numeric_scope: 撤回・置換対象となった償還率) /   date_or_period: 2026-07-14 11:04 EDT /   causal_strength: CAUSAL_STATED_BY_SOURCE /   notes_for_writer: この投稿は7月13日の提案から約24時間48分後。Ledger上では必ず7月13日の提案より後に位置付ける。 / ,True,False,ACCEPTABLE,,ACCEPTABLE,UNLABELED,UNLABELED,,,
bgroup_B3,3,Act Three was an unexpected move in oil prices.,HF-009,[VERIFIED] HF-009: Yahoo Financeは、7月14日の撤回・投資案件への置換発表後、Brent先物が一時的に上げ幅を縮小したものの、ほどなく発表前に近い高い水準へ戻ったと報じた。記事掲載時点ではBrent先物は約2.6％高で、1バレル85ドルを上回っていた。 /   scope: 国際指標Brent原油先物の短時間の値動き /   conditions: 撤回発表以外にも、米・イラン間の攻撃、海上封鎖、タンカー安全上の懸念が継続していた。 /   numeric_value: 約 +2.6%、$85/バレル超 (numeric_scope: 記事掲載時点のリアルタイムに近い価格スナップショット。日中高値でも終値でもない) /   date_or_period: 2026-07-14、撤回発表後の取引時間中 /   causal_strength: CAUSAL_STATED_BY_SOURCE /   notes_for_writer: 撤回後に原油価格が全面的に下落したとは書かない。観測されたのは一時的な上げ幅縮小と、その後の回復。 / ,True,False,ACCEPTABLE,,ACCEPTABLE,UNLABELED,UNLABELED,,,
bgroup_B3,3,"For the moment, only a large number stood at center stage.",HF-003,[VERIFIED] HF-003: 7月13日の20％償還料の投稿および同日の発言では、徴収主体、支払義務者、評価方法、徴収通貨、免除、執行方法、法的根拠などの具体的制度設計は示されなかった。 /   scope: ホルムズ海峡の貨物通航に対する米国の償還料案 /   numeric_value: 20% (numeric_scope: 提案された率のみが示され、算定・徴収方法は未提示) /   date_or_period: 2026-07-13 /   notes_for_writer: 「米国が20％通航料を導入した」と確定形で書かず、「提案した」「徴収方針を表明した」とする。 / ,False,True,ACCEPTABLE,,ACCEPTABLE,UNLABELED,UNLABELED,,,
bgroup_B3,3,The change was sudden.,HF-007,[VERIFIED] HF-007: トランプ大統領は7月14日午前11時4分（米東部夏時間）、20％の米国償還料を、湾岸諸国による対米貿易・投資案件に置き換えると投稿した。 /   scope: 7月13日に提案したホルムズ海峡通航貨物への20％償還料 /   conditions: トランプ氏は、中東指導者との「非常に生産的な協議」に基づく決定だと説明した。 /   numeric_value: 20% (numeric_scope: 撤回・置換対象となった償還率) /   date_or_period: 2026-07-14 11:04 EDT /   causal_strength: CAUSAL_STATED_BY_SOURCE /   notes_for_writer: この投稿は7月13日の提案から約24時間48分後。Ledger上では必ず7月13日の提案より後に位置付ける。 / ,,,ACCEPTABLE,,ACCEPTABLE,UNLABELED,UNLABELED,,,
bgroup_B3,3,"Concerns about US-Iran attacks, the sea blockade, and tanker safety continued on July 14, and the flashy 20% plan left the stage, but the chart only pulled back briefly before recovering: the policy turn and the oil chart’s “not over yet” movement happened on the same day.",HF-007,[VERIFIED] HF-007: トランプ大統領は7月14日午前11時4分（米東部夏時間）、20％の米国償還料を、湾岸諸国による対米貿易・投資案件に置き換えると投稿した。 /   scope: 7月13日に提案したホルムズ海峡通航貨物への20％償還料 /   conditions: トランプ氏は、中東指導者との「非常に生産的な協議」に基づく決定だと説明した。 /   numeric_value: 20% (numeric_scope: 撤回・置換対象となった償還率) /   date_or_period: 2026-07-14 11:04 EDT /   causal_strength: CAUSAL_STATED_BY_SOURCE /   notes_for_writer: この投稿は7月13日の提案から約24時間48分後。Ledger上では必ず7月13日の提案より後に位置付ける。 / ,,,ACCEPTABLE,,ACCEPTABLE,UNLABELED,UNLABELED,,,
hormuz_run03_advanced,1,"On July 13, a plan suddenly appeared to charge a 20 percent fee on cargo passing through the Strait of Hormuz.",HF-002,[VERIFIED] HF-002: ドナルド・トランプ米大統領は7月13日午前10時16分（米東部夏時間）、米国がホルムズ海峡の安全確保に要する費用について、同海峡を通るすべての貨物に20％の率で償還を求めると投稿した。 /   scope: ホルムズ海峡を通じて輸送される「すべての貨物」 /   conditions: 米国が海峡の安全と警備を提供するための費用の償還として提示。投稿は手続きと体制づくりを直ちに開始するとした。 /   numeric_value: 20% (numeric_scope: 投稿上の償還率。課税標準または算定基礎は明記されていない。) /   date_or_period: 2026-07-13 10:16 EDT /   notes_for_writer: 7月13日の提案が先で、7月14日の撤回・置換が後。7月14日の出来事を7月13日の価格上昇の原因として扱わない。 / ,True,False,QUALITY,,QUALITY,UNLABELED,UNLABELED,,,
hormuz_run03_advanced,1,"But important details—such as who would collect the fee, who would pay it, and how it would be calculated—were still blank.",HF-003,[VERIFIED] HF-003: 7月13日の20％償還料の投稿および同日の発言では、徴収主体、支払義務者、評価方法、徴収通貨、免除、執行方法、法的根拠などの具体的制度設計は示されなかった。 /   scope: ホルムズ海峡の貨物通航に対する米国の償還料案 /   numeric_value: 20% (numeric_scope: 提案された率のみが示され、算定・徴収方法は未提示) /   date_or_period: 2026-07-13 /   notes_for_writer: 「米国が20％通航料を導入した」と確定形で書かず、「提案した」「徴収方針を表明した」とする。 / ,False,True,ACCEPTABLE,,ACCEPTABLE,UNLABELED,UNLABELED,,,
hormuz_run03_advanced,1,"In other words, fee collection had not actually begun.",HF-003,[VERIFIED] HF-003: 7月13日の20％償還料の投稿および同日の発言では、徴収主体、支払義務者、評価方法、徴収通貨、免除、執行方法、法的根拠などの具体的制度設計は示されなかった。 /   scope: ホルムズ海峡の貨物通航に対する米国の償還料案 /   numeric_value: 20% (numeric_scope: 提案された率のみが示され、算定・徴収方法は未提示) /   date_or_period: 2026-07-13 /   notes_for_writer: 「米国が20％通航料を導入した」と確定形で書かず、「提案した」「徴収方針を表明した」とする。 / ,True,False,ACCEPTABLE,,ACCEPTABLE,UNLABELED,UNLABELED,,,
hormuz_run03_advanced,1,"Then, the next day, the story suddenly changed.",HF-007,[VERIFIED] HF-007: トランプ大統領は7月14日午前11時4分（米東部夏時間）、20％の米国償還料を、湾岸諸国による対米貿易・投資案件に置き換えると投稿した。 /   scope: 7月13日に提案したホルムズ海峡通航貨物への20％償還料 /   conditions: トランプ氏は、中東指導者との「非常に生産的な協議」に基づく決定だと説明した。 /   numeric_value: 20% (numeric_scope: 撤回・置換対象となった償還率) /   date_or_period: 2026-07-14 11:04 EDT /   causal_strength: CAUSAL_STATED_BY_SOURCE /   notes_for_writer: この投稿は7月13日の提案から約24時間48分後。Ledger上では必ず7月13日の提案より後に位置付ける。 / ,True,False,ACCEPTABLE,,ACCEPTABLE,UNLABELED,UNLABELED,,,
hormuz_run03_advanced,1,"Just when it seemed that prices might start to fall, they soon returned to a high level close to where they had been before the announcement.",HF-009,[VERIFIED] HF-009: Yahoo Financeは、7月14日の撤回・投資案件への置換発表後、Brent先物が一時的に上げ幅を縮小したものの、ほどなく発表前に近い高い水準へ戻ったと報じた。記事掲載時点ではBrent先物は約2.6％高で、1バレル85ドルを上回っていた。 /   scope: 国際指標Brent原油先物の短時間の値動き /   conditions: 撤回発表以外にも、米・イラン間の攻撃、海上封鎖、タンカー安全上の懸念が継続していた。 /   numeric_value: 約 +2.6%、$85/バレル超 (numeric_scope: 記事掲載時点のリアルタイムに近い価格スナップショット。日中高値でも終値でもない) /   date_or_period: 2026-07-14、撤回発表後の取引時間中 /   causal_strength: CAUSAL_STATED_BY_SOURCE /   notes_for_writer: 撤回後に原油価格が全面的に下落したとは書かない。観測されたのは一時的な上げ幅縮小と、その後の回復。 / ,True,False,ACCEPTABLE,,ACCEPTABLE,UNLABELED,UNLABELED,UNLABELED,,
hormuz_run03_advanced,1,What we can see here is that oil prices did not fall across the board immediately after the plan was withdrawn.,HF-009,[VERIFIED] HF-009: Yahoo Financeは、7月14日の撤回・投資案件への置換発表後、Brent先物が一時的に上げ幅を縮小したものの、ほどなく発表前に近い高い水準へ戻ったと報じた。記事掲載時点ではBrent先物は約2.6％高で、1バレル85ドルを上回っていた。 /   scope: 国際指標Brent原油先物の短時間の値動き /   conditions: 撤回発表以外にも、米・イラン間の攻撃、海上封鎖、タンカー安全上の懸念が継続していた。 /   numeric_value: 約 +2.6%、$85/バレル超 (numeric_scope: 記事掲載時点のリアルタイムに近い価格スナップショット。日中高値でも終値でもない) /   date_or_period: 2026-07-14、撤回発表後の取引時間中 /   causal_strength: CAUSAL_STATED_BY_SOURCE /   notes_for_writer: 撤回後に原油価格が全面的に下落したとは書かない。観測されたのは一時的な上げ幅縮小と、その後の回復。 / ,True,False,ACCEPTABLE,,ACCEPTABLE,UNLABELED,UNLABELED,UNLABELED,,
hormuz_run03_advanced,1,"At the same time, attacks by the United States and Iran, a sea blockade, and concerns about tanker safety continued.",HF-009,[VERIFIED] HF-009: Yahoo Financeは、7月14日の撤回・投資案件への置換発表後、Brent先物が一時的に上げ幅を縮小したものの、ほどなく発表前に近い高い水準へ戻ったと報じた。記事掲載時点ではBrent先物は約2.6％高で、1バレル85ドルを上回っていた。 /   scope: 国際指標Brent原油先物の短時間の値動き /   conditions: 撤回発表以外にも、米・イラン間の攻撃、海上封鎖、タンカー安全上の懸念が継続していた。 /   numeric_value: 約 +2.6%、$85/バレル超 (numeric_scope: 記事掲載時点のリアルタイムに近い価格スナップショット。日中高値でも終値でもない) /   date_or_period: 2026-07-14、撤回発表後の取引時間中 /   causal_strength: CAUSAL_STATED_BY_SOURCE /   notes_for_writer: 撤回後に原油価格が全面的に下落したとは書かない。観測されたのは一時的な上げ幅縮小と、その後の回復。 / ,True,False,ACCEPTABLE,deterministic_floor:changed_actor,BLOCKING,UNLABELED,N,UNLABELED,rca_22_sonnet_guess,
hormuz_run03_advanced,1,"Even though political statements changed greatly, oil prices moved briefly and then returned to a high level.",HF-007,[VERIFIED] HF-007: トランプ大統領は7月14日午前11時4分（米東部夏時間）、20％の米国償還料を、湾岸諸国による対米貿易・投資案件に置き換えると投稿した。 /   scope: 7月13日に提案したホルムズ海峡通航貨物への20％償還料 /   conditions: トランプ氏は、中東指導者との「非常に生産的な協議」に基づく決定だと説明した。 /   numeric_value: 20% (numeric_scope: 撤回・置換対象となった償還率) /   date_or_period: 2026-07-14 11:04 EDT /   causal_strength: CAUSAL_STATED_BY_SOURCE /   notes_for_writer: この投稿は7月13日の提案から約24時間48分後。Ledger上では必ず7月13日の提案より後に位置付ける。 / ,True,False,ACCEPTABLE,,ACCEPTABLE,UNLABELED,UNLABELED,,,
hormuz_run03_advanced,1,What is interesting this time is that it seemed one headline alone could not decide how the story would end.,HF-009,[VERIFIED] HF-009: Yahoo Financeは、7月14日の撤回・投資案件への置換発表後、Brent先物が一時的に上げ幅を縮小したものの、ほどなく発表前に近い高い水準へ戻ったと報じた。記事掲載時点ではBrent先物は約2.6％高で、1バレル85ドルを上回っていた。 /   scope: 国際指標Brent原油先物の短時間の値動き /   conditions: 撤回発表以外にも、米・イラン間の攻撃、海上封鎖、タンカー安全上の懸念が継続していた。 /   numeric_value: 約 +2.6%、$85/バレル超 (numeric_scope: 記事掲載時点のリアルタイムに近い価格スナップショット。日中高値でも終値でもない) /   date_or_period: 2026-07-14、撤回発表後の取引時間中 /   causal_strength: CAUSAL_STATED_BY_SOURCE /   notes_for_writer: 撤回後に原油価格が全面的に下落したとは書かない。観測されたのは一時的な上げ幅縮小と、その後の回復。 / ,True,False,ACCEPTABLE,,ACCEPTABLE,UNLABELED,UNLABELED,UNLABELED,,
hormuz_run03_advanced,1,It would cover all cargo passing through the strait.,HF-002,[VERIFIED] HF-002: ドナルド・トランプ米大統領は7月13日午前10時16分（米東部夏時間）、米国がホルムズ海峡の安全確保に要する費用について、同海峡を通るすべての貨物に20％の率で償還を求めると投稿した。 /   scope: ホルムズ海峡を通じて輸送される「すべての貨物」 /   conditions: 米国が海峡の安全と警備を提供するための費用の償還として提示。投稿は手続きと体制づくりを直ちに開始するとした。 /   numeric_value: 20% (numeric_scope: 投稿上の償還率。課税標準または算定基礎は明記されていない。) /   date_or_period: 2026-07-13 10:16 EDT /   notes_for_writer: 7月13日の提案が先で、7月14日の撤回・置換が後。7月14日の出来事を7月13日の価格上昇の原因として扱わない。 / ,,,ACCEPTABLE,,ACCEPTABLE,UNLABELED,UNLABELED,,,
hormuz_run03_advanced,1,"What appeared on stage was not a finished fee system, but a proposal that put forward the number 20 percent.",HF-002,[VERIFIED] HF-002: ドナルド・トランプ米大統領は7月13日午前10時16分（米東部夏時間）、米国がホルムズ海峡の安全確保に要する費用について、同海峡を通るすべての貨物に20％の率で償還を求めると投稿した。 /   scope: ホルムズ海峡を通じて輸送される「すべての貨物」 /   conditions: 米国が海峡の安全と警備を提供するための費用の償還として提示。投稿は手続きと体制づくりを直ちに開始するとした。 /   numeric_value: 20% (numeric_scope: 投稿上の償還率。課税標準または算定基礎は明記されていない。) /   date_or_period: 2026-07-13 10:16 EDT /   notes_for_writer: 7月13日の提案が先で、7月14日の撤回・置換が後。7月14日の出来事を7月13日の価格上昇の原因として扱わない。 / ,,,ACCEPTABLE,,ACCEPTABLE,UNLABELED,UNLABELED,,,
hormuz_run03_advanced,1,Trump announced that he would drop the 20 percent fee plan and replace it with trade and investment deals between Gulf countries and the United States.,HF-002,[VERIFIED] HF-002: ドナルド・トランプ米大統領は7月13日午前10時16分（米東部夏時間）、米国がホルムズ海峡の安全確保に要する費用について、同海峡を通るすべての貨物に20％の率で償還を求めると投稿した。 /   scope: ホルムズ海峡を通じて輸送される「すべての貨物」 /   conditions: 米国が海峡の安全と警備を提供するための費用の償還として提示。投稿は手続きと体制づくりを直ちに開始するとした。 /   numeric_value: 20% (numeric_scope: 投稿上の償還率。課税標準または算定基礎は明記されていない。) /   date_or_period: 2026-07-13 10:16 EDT /   notes_for_writer: 7月13日の提案が先で、7月14日の撤回・置換が後。7月14日の出来事を7月13日の価格上昇の原因として扱わない。 / ,,,ACCEPTABLE,,ACCEPTABLE,UNLABELED,UNLABELED,,,
hormuz_run03_advanced,1,"He also told reporters that no one should charge fees to ships passing through the Strait of Hormuz, and that he did not like the idea of fees itself.",HF-002,[VERIFIED] HF-002: ドナルド・トランプ米大統領は7月13日午前10時16分（米東部夏時間）、米国がホルムズ海峡の安全確保に要する費用について、同海峡を通るすべての貨物に20％の率で償還を求めると投稿した。 /   scope: ホルムズ海峡を通じて輸送される「すべての貨物」 /   conditions: 米国が海峡の安全と警備を提供するための費用の償還として提示。投稿は手続きと体制づくりを直ちに開始するとした。 /   numeric_value: 20% (numeric_scope: 投稿上の償還率。課税標準または算定基礎は明記されていない。) /   date_or_period: 2026-07-13 10:16 EDT /   notes_for_writer: 7月13日の提案が先で、7月14日の撤回・置換が後。7月14日の出来事を7月13日の価格上昇の原因として扱わない。 / ,,,ACCEPTABLE,,ACCEPTABLE,UNLABELED,UNLABELED,,,
hormuz_run03_advanced,1,The 20 percent plan left the stage about one day after it appeared.,HF-002,[VERIFIED] HF-002: ドナルド・トランプ米大統領は7月13日午前10時16分（米東部夏時間）、米国がホルムズ海峡の安全確保に要する費用について、同海峡を通るすべての貨物に20％の率で償還を求めると投稿した。 /   scope: ホルムズ海峡を通じて輸送される「すべての貨物」 /   conditions: 米国が海峡の安全と警備を提供するための費用の償還として提示。投稿は手続きと体制づくりを直ちに開始するとした。 /   numeric_value: 20% (numeric_scope: 投稿上の償還率。課税標準または算定基礎は明記されていない。) /   date_or_period: 2026-07-13 10:16 EDT /   notes_for_writer: 7月13日の提案が先で、7月14日の撤回・置換が後。7月14日の出来事を7月13日の価格上昇の原因として扱わない。 / ,,,ACCEPTABLE,,ACCEPTABLE,UNLABELED,UNLABELED,,,
hormuz_run03_advanced,1,"The fee plan vanished, but oil prices stayed high as tensions around the Strait of Hormuz continued.",HF-002,[VERIFIED] HF-002: ドナルド・トランプ米大統領は7月13日午前10時16分（米東部夏時間）、米国がホルムズ海峡の安全確保に要する費用について、同海峡を通るすべての貨物に20％の率で償還を求めると投稿した。 /   scope: ホルムズ海峡を通じて輸送される「すべての貨物」 /   conditions: 米国が海峡の安全と警備を提供するための費用の償還として提示。投稿は手続きと体制づくりを直ちに開始するとした。 /   numeric_value: 20% (numeric_scope: 投稿上の償還率。課税標準または算定基礎は明記されていない。) /   date_or_period: 2026-07-13 10:16 EDT /   notes_for_writer: 7月13日の提案が先で、7月14日の撤回・置換が後。7月14日の出来事を7月13日の価格上昇の原因として扱わない。 / ,,,ACCEPTABLE,,ACCEPTABLE,UNLABELED,UNLABELED,,,
hormuz_run03_advanced,2,What we can see here is that oil prices did not fall across the board immediately after the plan was withdrawn.,HF-009,[VERIFIED] HF-009: Yahoo Financeは、7月14日の撤回・投資案件への置換発表後、Brent先物が一時的に上げ幅を縮小したものの、ほどなく発表前に近い高い水準へ戻ったと報じた。記事掲載時点ではBrent先物は約2.6％高で、1バレル85ドルを上回っていた。 /   scope: 国際指標Brent原油先物の短時間の値動き /   conditions: 撤回発表以外にも、米・イラン間の攻撃、海上封鎖、タンカー安全上の懸念が継続していた。 /   numeric_value: 約 +2.6%、$85/バレル超 (numeric_scope: 記事掲載時点のリアルタイムに近い価格スナップショット。日中高値でも終値でもない) /   date_or_period: 2026-07-14、撤回発表後の取引時間中 /   causal_strength: CAUSAL_STATED_BY_SOURCE /   notes_for_writer: 撤回後に原油価格が全面的に下落したとは書かない。観測されたのは一時的な上げ幅縮小と、その後の回復。 / ,True,False,ACCEPTABLE,,ACCEPTABLE,UNLABELED,UNLABELED,,,
hormuz_run03_advanced,3,"# The Fee Plan Leaves, High Oil Prices Stay",HF-009,[VERIFIED] HF-009: Yahoo Financeは、7月14日の撤回・投資案件への置換発表後、Brent先物が一時的に上げ幅を縮小したものの、ほどなく発表前に近い高い水準へ戻ったと報じた。記事掲載時点ではBrent先物は約2.6％高で、1バレル85ドルを上回っていた。 /   scope: 国際指標Brent原油先物の短時間の値動き /   conditions: 撤回発表以外にも、米・イラン間の攻撃、海上封鎖、タンカー安全上の懸念が継続していた。 /   numeric_value: 約 +2.6%、$85/バレル超 (numeric_scope: 記事掲載時点のリアルタイムに近い価格スナップショット。日中高値でも終値でもない) /   date_or_period: 2026-07-14、撤回発表後の取引時間中 /   causal_strength: CAUSAL_STATED_BY_SOURCE /   notes_for_writer: 撤回後に原油価格が全面的に下落したとは書かない。観測されたのは一時的な上げ幅縮小と、その後の回復。 / ,,,ACCEPTABLE,,ACCEPTABLE,UNLABELED,UNLABELED,,,
hormuz_run03_advanced,3,"Now, let us turn the camera toward the oil market.",,,,,ACCEPTABLE,,ACCEPTABLE,UNLABELED,UNLABELED,,,
hormuz_run03_advanced,3,The next scene begins.,,,,,ACCEPTABLE,,ACCEPTABLE,UNLABELED,UNLABELED,,,
hormuz_run03_advanced,3,"Even though political statements changed greatly, oil prices moved briefly and then returned to a high level.",HF-009,[VERIFIED] HF-009: Yahoo Financeは、7月14日の撤回・投資案件への置換発表後、Brent先物が一時的に上げ幅を縮小したものの、ほどなく発表前に近い高い水準へ戻ったと報じた。記事掲載時点ではBrent先物は約2.6％高で、1バレル85ドルを上回っていた。 /   scope: 国際指標Brent原油先物の短時間の値動き /   conditions: 撤回発表以外にも、米・イラン間の攻撃、海上封鎖、タンカー安全上の懸念が継続していた。 /   numeric_value: 約 +2.6%、$85/バレル超 (numeric_scope: 記事掲載時点のリアルタイムに近い価格スナップショット。日中高値でも終値でもない) /   date_or_period: 2026-07-14、撤回発表後の取引時間中 /   causal_strength: CAUSAL_STATED_BY_SOURCE /   notes_for_writer: 撤回後に原油価格が全面的に下落したとは書かない。観測されたのは一時的な上げ幅縮小と、その後の回復。 / ,True,False,ACCEPTABLE,,ACCEPTABLE,UNLABELED,UNLABELED,,,
hormuz_run03_advanced,3,"The fee plan vanished, but oil prices stayed high as tensions around the Strait of Hormuz continued.",HF-009,[VERIFIED] HF-009: Yahoo Financeは、7月14日の撤回・投資案件への置換発表後、Brent先物が一時的に上げ幅を縮小したものの、ほどなく発表前に近い高い水準へ戻ったと報じた。記事掲載時点ではBrent先物は約2.6％高で、1バレル85ドルを上回っていた。 /   scope: 国際指標Brent原油先物の短時間の値動き /   conditions: 撤回発表以外にも、米・イラン間の攻撃、海上封鎖、タンカー安全上の懸念が継続していた。 /   numeric_value: 約 +2.6%、$85/バレル超 (numeric_scope: 記事掲載時点のリアルタイムに近い価格スナップショット。日中高値でも終値でもない) /   date_or_period: 2026-07-14、撤回発表後の取引時間中 /   causal_strength: CAUSAL_STATED_BY_SOURCE /   notes_for_writer: 撤回後に原油価格が全面的に下落したとは書かない。観測されたのは一時的な上げ幅縮小と、その後の回復。 / ,,,ACCEPTABLE,,ACCEPTABLE,UNLABELED,UNLABELED,,,
hormuz_run03_advanced,3,"On July 13, a plan suddenly appeared to charge a 20 percent fee on cargo passing through the Strait of Hormuz.",HF-002,[VERIFIED] HF-002: ドナルド・トランプ米大統領は7月13日午前10時16分（米東部夏時間）、米国がホルムズ海峡の安全確保に要する費用について、同海峡を通るすべての貨物に20％の率で償還を求めると投稿した。 /   scope: ホルムズ海峡を通じて輸送される「すべての貨物」 /   conditions: 米国が海峡の安全と警備を提供するための費用の償還として提示。投稿は手続きと体制づくりを直ちに開始するとした。 /   numeric_value: 20% (numeric_scope: 投稿上の償還率。課税標準または算定基礎は明記されていない。) /   date_or_period: 2026-07-13 10:16 EDT /   notes_for_writer: 7月13日の提案が先で、7月14日の撤回・置換が後。7月14日の出来事を7月13日の価格上昇の原因として扱わない。 / ,True,False,QUALITY,,QUALITY,UNLABELED,UNLABELED,,,
hormuz_run03_advanced,3,"But important details—such as who would collect the fee, who would pay it, and how it would be calculated—were still blank.",HF-003,[VERIFIED] HF-003: 7月13日の20％償還料の投稿および同日の発言では、徴収主体、支払義務者、評価方法、徴収通貨、免除、執行方法、法的根拠などの具体的制度設計は示されなかった。 /   scope: ホルムズ海峡の貨物通航に対する米国の償還料案 /   numeric_value: 20% (numeric_scope: 提案された率のみが示され、算定・徴収方法は未提示) /   date_or_period: 2026-07-13 /   notes_for_writer: 「米国が20％通航料を導入した」と確定形で書かず、「提案した」「徴収方針を表明した」とする。 / ,False,True,ACCEPTABLE,,ACCEPTABLE,UNLABELED,UNLABELED,,,
hormuz_run03_advanced,3,"In other words, fee collection had not actually begun.",HF-003,[VERIFIED] HF-003: 7月13日の20％償還料の投稿および同日の発言では、徴収主体、支払義務者、評価方法、徴収通貨、免除、執行方法、法的根拠などの具体的制度設計は示されなかった。 /   scope: ホルムズ海峡の貨物通航に対する米国の償還料案 /   numeric_value: 20% (numeric_scope: 提案された率のみが示され、算定・徴収方法は未提示) /   date_or_period: 2026-07-13 /   notes_for_writer: 「米国が20％通航料を導入した」と確定形で書かず、「提案した」「徴収方針を表明した」とする。 / ,True,False,ACCEPTABLE,,ACCEPTABLE,UNLABELED,UNLABELED,,,
hormuz_run03_advanced,3,"Then, the next day, the story suddenly changed.",HF-007,[VERIFIED] HF-007: トランプ大統領は7月14日午前11時4分（米東部夏時間）、20％の米国償還料を、湾岸諸国による対米貿易・投資案件に置き換えると投稿した。 /   scope: 7月13日に提案したホルムズ海峡通航貨物への20％償還料 /   conditions: トランプ氏は、中東指導者との「非常に生産的な協議」に基づく決定だと説明した。 /   numeric_value: 20% (numeric_scope: 撤回・置換対象となった償還率) /   date_or_period: 2026-07-14 11:04 EDT /   causal_strength: CAUSAL_STATED_BY_SOURCE /   notes_for_writer: この投稿は7月13日の提案から約24時間48分後。Ledger上では必ず7月13日の提案より後に位置付ける。 / ,True,False,ACCEPTABLE,,ACCEPTABLE,UNLABELED,UNLABELED,,,
hormuz_run03_advanced,3,"Just when it seemed that prices might start to fall, they soon returned to a high level close to where they had been before the announcement.",HF-009,[VERIFIED] HF-009: Yahoo Financeは、7月14日の撤回・投資案件への置換発表後、Brent先物が一時的に上げ幅を縮小したものの、ほどなく発表前に近い高い水準へ戻ったと報じた。記事掲載時点ではBrent先物は約2.6％高で、1バレル85ドルを上回っていた。 /   scope: 国際指標Brent原油先物の短時間の値動き /   conditions: 撤回発表以外にも、米・イラン間の攻撃、海上封鎖、タンカー安全上の懸念が継続していた。 /   numeric_value: 約 +2.6%、$85/バレル超 (numeric_scope: 記事掲載時点のリアルタイムに近い価格スナップショット。日中高値でも終値でもない) /   date_or_period: 2026-07-14、撤回発表後の取引時間中 /   causal_strength: CAUSAL_STATED_BY_SOURCE /   notes_for_writer: 撤回後に原油価格が全面的に下落したとは書かない。観測されたのは一時的な上げ幅縮小と、その後の回復。 / ,True,False,ACCEPTABLE,,ACCEPTABLE,UNLABELED,UNLABELED,,,
hormuz_run03_advanced,3,What we can see here is that oil prices did not fall across the board immediately after the plan was withdrawn.,HF-009,[VERIFIED] HF-009: Yahoo Financeは、7月14日の撤回・投資案件への置換発表後、Brent先物が一時的に上げ幅を縮小したものの、ほどなく発表前に近い高い水準へ戻ったと報じた。記事掲載時点ではBrent先物は約2.6％高で、1バレル85ドルを上回っていた。 /   scope: 国際指標Brent原油先物の短時間の値動き /   conditions: 撤回発表以外にも、米・イラン間の攻撃、海上封鎖、タンカー安全上の懸念が継続していた。 /   numeric_value: 約 +2.6%、$85/バレル超 (numeric_scope: 記事掲載時点のリアルタイムに近い価格スナップショット。日中高値でも終値でもない) /   date_or_period: 2026-07-14、撤回発表後の取引時間中 /   causal_strength: CAUSAL_STATED_BY_SOURCE /   notes_for_writer: 撤回後に原油価格が全面的に下落したとは書かない。観測されたのは一時的な上げ幅縮小と、その後の回復。 / ,True,False,ACCEPTABLE,,ACCEPTABLE,UNLABELED,UNLABELED,,,
hormuz_run03_advanced,3,What is interesting this time is that it seemed one headline alone could not decide how the story would end.,HF-009,[VERIFIED] HF-009: Yahoo Financeは、7月14日の撤回・投資案件への置換発表後、Brent先物が一時的に上げ幅を縮小したものの、ほどなく発表前に近い高い水準へ戻ったと報じた。記事掲載時点ではBrent先物は約2.6％高で、1バレル85ドルを上回っていた。 /   scope: 国際指標Brent原油先物の短時間の値動き /   conditions: 撤回発表以外にも、米・イラン間の攻撃、海上封鎖、タンカー安全上の懸念が継続していた。 /   numeric_value: 約 +2.6%、$85/バレル超 (numeric_scope: 記事掲載時点のリアルタイムに近い価格スナップショット。日中高値でも終値でもない) /   date_or_period: 2026-07-14、撤回発表後の取引時間中 /   causal_strength: CAUSAL_STATED_BY_SOURCE /   notes_for_writer: 撤回後に原油価格が全面的に下落したとは書かない。観測されたのは一時的な上げ幅縮小と、その後の回復。 / ,True,False,ACCEPTABLE,,ACCEPTABLE,UNLABELED,UNLABELED,,,
hormuz_run03_standard,1,But important details were still missing.,HF-003,[VERIFIED] HF-003: 7月13日の20％償還料の投稿および同日の発言では、徴収主体、支払義務者、評価方法、徴収通貨、免除、執行方法、法的根拠などの具体的制度設計は示されなかった。 /   scope: ホルムズ海峡の貨物通航に対する米国の償還料案 /   numeric_value: 20% (numeric_scope: 提案された率のみが示され、算定・徴収方法は未提示) /   date_or_period: 2026-07-13 /   notes_for_writer: 「米国が20％通航料を導入した」と確定形で書かず、「提案した」「徴収方針を表明した」とする。 / ,False,True,ACCEPTABLE,,ACCEPTABLE,UNLABELED,UNLABELED,,,
hormuz_run03_standard,1,"These included who would collect the fee, who would pay it, and how its amount would be decided.",HF-003,[VERIFIED] HF-003: 7月13日の20％償還料の投稿および同日の発言では、徴収主体、支払義務者、評価方法、徴収通貨、免除、執行方法、法的根拠などの具体的制度設計は示されなかった。 /   scope: ホルムズ海峡の貨物通航に対する米国の償還料案 /   numeric_value: 20% (numeric_scope: 提案された率のみが示され、算定・徴収方法は未提示) /   date_or_period: 2026-07-13 /   notes_for_writer: 「米国が20％通航料を導入した」と確定形で書かず、「提案した」「徴収方針を表明した」とする。 / ,False,True,ACCEPTABLE,,ACCEPTABLE,UNLABELED,UNLABELED,,,
hormuz_run03_standard,1,"In other words, no one had actually started collecting the fee.",HF-003,[VERIFIED] HF-003: 7月13日の20％償還料の投稿および同日の発言では、徴収主体、支払義務者、評価方法、徴収通貨、免除、執行方法、法的根拠などの具体的制度設計は示されなかった。 /   scope: ホルムズ海峡の貨物通航に対する米国の償還料案 /   numeric_value: 20% (numeric_scope: 提案された率のみが示され、算定・徴収方法は未提示) /   date_or_period: 2026-07-13 /   notes_for_writer: 「米国が20％通航料を導入した」と確定形で書かず、「提案した」「徴収方針を表明した」とする。 / ,True,False,ACCEPTABLE,,QUALITY,UNLABELED,UNLABELED,,,
hormuz_run03_standard,1,It was a proposal with the number 20 percent.,HF-003,[VERIFIED] HF-003: 7月13日の20％償還料の投稿および同日の発言では、徴収主体、支払義務者、評価方法、徴収通貨、免除、執行方法、法的根拠などの具体的制度設計は示されなかった。 /   scope: ホルムズ海峡の貨物通航に対する米国の償還料案 /   numeric_value: 20% (numeric_scope: 提案された率のみが示され、算定・徴収方法は未提示) /   date_or_period: 2026-07-13 /   notes_for_writer: 「米国が20％通航料を導入した」と確定形で書かず、「提案した」「徴収方針を表明した」とする。 / ,False,True,ACCEPTABLE,,ACCEPTABLE,UNLABELED,UNLABELED,,,
hormuz_run03_standard,1,Prices seemed ready to fall.,HF-009,[VERIFIED] HF-009: Yahoo Financeは、7月14日の撤回・投資案件への置換発表後、Brent先物が一時的に上げ幅を縮小したものの、ほどなく発表前に近い高い水準へ戻ったと報じた。記事掲載時点ではBrent先物は約2.6％高で、1バレル85ドルを上回っていた。 /   scope: 国際指標Brent原油先物の短時間の値動き /   conditions: 撤回発表以外にも、米・イラン間の攻撃、海上封鎖、タンカー安全上の懸念が継続していた。 /   numeric_value: 約 +2.6%、$85/バレル超 (numeric_scope: 記事掲載時点のリアルタイムに近い価格スナップショット。日中高値でも終値でもない) /   date_or_period: 2026-07-14、撤回発表後の取引時間中 /   causal_strength: CAUSAL_STATED_BY_SOURCE /   notes_for_writer: 撤回後に原油価格が全面的に下落したとは書かない。観測されたのは一時的な上げ幅縮小と、その後の回復。 / ,True,False,ACCEPTABLE,,QUALITY,UNLABELED,UNLABELED,,,
hormuz_run03_standard,1,Oil prices did not fall across the whole market after the plan was withdrawn.,HF-009,[VERIFIED] HF-009: Yahoo Financeは、7月14日の撤回・投資案件への置換発表後、Brent先物が一時的に上げ幅を縮小したものの、ほどなく発表前に近い高い水準へ戻ったと報じた。記事掲載時点ではBrent先物は約2.6％高で、1バレル85ドルを上回っていた。 /   scope: 国際指標Brent原油先物の短時間の値動き /   conditions: 撤回発表以外にも、米・イラン間の攻撃、海上封鎖、タンカー安全上の懸念が継続していた。 /   numeric_value: 約 +2.6%、$85/バレル超 (numeric_scope: 記事掲載時点のリアルタイムに近い価格スナップショット。日中高値でも終値でもない) /   date_or_period: 2026-07-14、撤回発表後の取引時間中 /   causal_strength: CAUSAL_STATED_BY_SOURCE /   notes_for_writer: 撤回後に原油価格が全面的に下落したとは書かない。観測されたのは一時的な上げ幅縮小と、その後の回復。 / ,True,False,ACCEPTABLE,,ACCEPTABLE,UNLABELED,UNLABELED,,,
hormuz_run03_standard,1,But news about tensions around the strait stayed on stage.,HF-009,[VERIFIED] HF-009: Yahoo Financeは、7月14日の撤回・投資案件への置換発表後、Brent先物が一時的に上げ幅を縮小したものの、ほどなく発表前に近い高い水準へ戻ったと報じた。記事掲載時点ではBrent先物は約2.6％高で、1バレル85ドルを上回っていた。 /   scope: 国際指標Brent原油先物の短時間の値動き /   conditions: 撤回発表以外にも、米・イラン間の攻撃、海上封鎖、タンカー安全上の懸念が継続していた。 /   numeric_value: 約 +2.6%、$85/バレル超 (numeric_scope: 記事掲載時点のリアルタイムに近い価格スナップショット。日中高値でも終値でもない) /   date_or_period: 2026-07-14、撤回発表後の取引時間中 /   causal_strength: CAUSAL_STATED_BY_SOURCE /   notes_for_writer: 撤回後に原油価格が全面的に下落したとは書かない。観測されたのは一時的な上げ幅縮小と、その後の回復。 / ,True,False,ACCEPTABLE,,ACCEPTABLE,UNLABELED,UNLABELED,,,
hormuz_run03_standard,1,One headline alone could not decide how the story would end.,HF-009,[VERIFIED] HF-009: Yahoo Financeは、7月14日の撤回・投資案件への置換発表後、Brent先物が一時的に上げ幅を縮小したものの、ほどなく発表前に近い高い水準へ戻ったと報じた。記事掲載時点ではBrent先物は約2.6％高で、1バレル85ドルを上回っていた。 /   scope: 国際指標Brent原油先物の短時間の値動き /   conditions: 撤回発表以外にも、米・イラン間の攻撃、海上封鎖、タンカー安全上の懸念が継続していた。 /   numeric_value: 約 +2.6%、$85/バレル超 (numeric_scope: 記事掲載時点のリアルタイムに近い価格スナップショット。日中高値でも終値でもない) /   date_or_period: 2026-07-14、撤回発表後の取引時間中 /   causal_strength: CAUSAL_STATED_BY_SOURCE /   notes_for_writer: 撤回後に原油価格が全面的に下落したとは書かない。観測されたのは一時的な上げ幅縮小と、その後の回復。 / ,True,False,ACCEPTABLE,,ACCEPTABLE,UNLABELED,UNLABELED,,,
hormuz_run03_standard,1,"The fee plan vanished, but oil prices stayed high as tensions around the Strait of Hormuz continued.",HF-009,[VERIFIED] HF-009: Yahoo Financeは、7月14日の撤回・投資案件への置換発表後、Brent先物が一時的に上げ幅を縮小したものの、ほどなく発表前に近い高い水準へ戻ったと報じた。記事掲載時点ではBrent先物は約2.6％高で、1バレル85ドルを上回っていた。 /   scope: 国際指標Brent原油先物の短時間の値動き /   conditions: 撤回発表以外にも、米・イラン間の攻撃、海上封鎖、タンカー安全上の懸念が継続していた。 /   numeric_value: 約 +2.6%、$85/バレル超 (numeric_scope: 記事掲載時点のリアルタイムに近い価格スナップショット。日中高値でも終値でもない) /   date_or_period: 2026-07-14、撤回発表後の取引時間中 /   causal_strength: CAUSAL_STATED_BY_SOURCE /   notes_for_writer: 撤回後に原油価格が全面的に下落したとは書かない。観測されたのは一時的な上げ幅縮小と、その後の回復。 / ,True,False,ACCEPTABLE,,ACCEPTABLE,UNLABELED,UNLABELED,,,
hormuz_run03_standard,1,"On July 13, a plan suddenly appeared.",HF-002,[VERIFIED] HF-002: ドナルド・トランプ米大統領は7月13日午前10時16分（米東部夏時間）、米国がホルムズ海峡の安全確保に要する費用について、同海峡を通るすべての貨物に20％の率で償還を求めると投稿した。 /   scope: ホルムズ海峡を通じて輸送される「すべての貨物」 /   conditions: 米国が海峡の安全と警備を提供するための費用の償還として提示。投稿は手続きと体制づくりを直ちに開始するとした。 /   numeric_value: 20% (numeric_scope: 投稿上の償還率。課税標準または算定基礎は明記されていない。) /   date_or_period: 2026-07-13 10:16 EDT /   notes_for_writer: 7月13日の提案が先で、7月14日の撤回・置換が後。7月14日の出来事を7月13日の価格上昇の原因として扱わない。 / ,True,False,QUALITY,,QUALITY,UNLABELED,UNLABELED,,,
hormuz_run03_standard,1,It would charge a 20 percent fee on cargo passing through the Strait of Hormuz.,HF-003,[VERIFIED] HF-003: 7月13日の20％償還料の投稿および同日の発言では、徴収主体、支払義務者、評価方法、徴収通貨、免除、執行方法、法的根拠などの具体的制度設計は示されなかった。 /   scope: ホルムズ海峡の貨物通航に対する米国の償還料案 /   numeric_value: 20% (numeric_scope: 提案された率のみが示され、算定・徴収方法は未提示) /   date_or_period: 2026-07-13 /   notes_for_writer: 「米国が20％通航料を導入した」と確定形で書かず、「提案した」「徴収方針を表明した」とする。 / ,,,QUALITY,,QUALITY,UNLABELED,UNLABELED,,,
hormuz_run03_standard,1,Trump said he would drop the 20 percent fee plan.,HF-003,[VERIFIED] HF-003: 7月13日の20％償還料の投稿および同日の発言では、徴収主体、支払義務者、評価方法、徴収通貨、免除、執行方法、法的根拠などの具体的制度設計は示されなかった。 /   scope: ホルムズ海峡の貨物通航に対する米国の償還料案 /   numeric_value: 20% (numeric_scope: 提案された率のみが示され、算定・徴収方法は未提示) /   date_or_period: 2026-07-13 /   notes_for_writer: 「米国が20％通航料を導入した」と確定形で書かず、「提案した」「徴収方針を表明した」とする。 / ,,,ACCEPTABLE,,ACCEPTABLE,UNLABELED,UNLABELED,,,
hormuz_run03_standard,1,The 20 percent plan left the stage about one day after it appeared.,HF-003,[VERIFIED] HF-003: 7月13日の20％償還料の投稿および同日の発言では、徴収主体、支払義務者、評価方法、徴収通貨、免除、執行方法、法的根拠などの具体的制度設計は示されなかった。 /   scope: ホルムズ海峡の貨物通航に対する米国の償還料案 /   numeric_value: 20% (numeric_scope: 提案された率のみが示され、算定・徴収方法は未提示) /   date_or_period: 2026-07-13 /   notes_for_writer: 「米国が20％通航料を導入した」と確定形で書かず、「提案した」「徴収方針を表明した」とする。 / ,,,ACCEPTABLE,,ACCEPTABLE,UNLABELED,UNLABELED,,,
hormuz_run03_standard,1,"After the fee plan was withdrawn and replaced, Brent crude oil futures briefly lost some of their gains.",HF-009,[VERIFIED] HF-009: Yahoo Financeは、7月14日の撤回・投資案件への置換発表後、Brent先物が一時的に上げ幅を縮小したものの、ほどなく発表前に近い高い水準へ戻ったと報じた。記事掲載時点ではBrent先物は約2.6％高で、1バレル85ドルを上回っていた。 /   scope: 国際指標Brent原油先物の短時間の値動き /   conditions: 撤回発表以外にも、米・イラン間の攻撃、海上封鎖、タンカー安全上の懸念が継続していた。 /   numeric_value: 約 +2.6%、$85/バレル超 (numeric_scope: 記事掲載時点のリアルタイムに近い価格スナップショット。日中高値でも終値でもない) /   date_or_period: 2026-07-14、撤回発表後の取引時間中 /   causal_strength: CAUSAL_STATED_BY_SOURCE /   notes_for_writer: 撤回後に原油価格が全面的に下落したとは書かない。観測されたのは一時的な上げ幅縮小と、その後の回復。 / ,,,ACCEPTABLE,,ACCEPTABLE,UNLABELED,UNLABELED,,,
hormuz_run03_standard,1,"Oil prices moved briefly, then returned to a high level.",HF-009,[VERIFIED] HF-009: Yahoo Financeは、7月14日の撤回・投資案件への置換発表後、Brent先物が一時的に上げ幅を縮小したものの、ほどなく発表前に近い高い水準へ戻ったと報じた。記事掲載時点ではBrent先物は約2.6％高で、1バレル85ドルを上回っていた。 /   scope: 国際指標Brent原油先物の短時間の値動き /   conditions: 撤回発表以外にも、米・イラン間の攻撃、海上封鎖、タンカー安全上の懸念が継続していた。 /   numeric_value: 約 +2.6%、$85/バレル超 (numeric_scope: 記事掲載時点のリアルタイムに近い価格スナップショット。日中高値でも終値でもない) /   date_or_period: 2026-07-14、撤回発表後の取引時間中 /   causal_strength: CAUSAL_STATED_BY_SOURCE /   notes_for_writer: 撤回後に原油価格が全面的に下落したとは書かない。観測されたのは一時的な上げ幅縮小と、その後の回復。 / ,,,ACCEPTABLE,,ACCEPTABLE,UNLABELED,UNLABELED,,,
meta_run03_advanced,1,It was a small twist.,MUSE-HC-006,[VERIFIED] MUSE-HC-006: MetaはMuse経由の電話の一部について、AIではなく訓練を受けた人間の契約スタッフが電話をかけ、相手とのやり取りを完了させる「human concierge」「human agent calls」のテストを実施した。 /   scope: Muse経由で発信された電話の一部 /   conditions: Museから人間の訓練済みエージェントへ依頼が引き渡されるテスト条件 /   date_or_period: 2026年9月中旬 /   notes_for_writer: 全ての電話を人間が担当したとは書かない。「一部の電話」「テスト」と限定する。 ([channelnewsasia.com](https://www.channelnewsasia.com/business/exclusive-meta-testing-human-concierge-its-new-personal-ai-agent-muse-6402946)) / ,True,False,ACCEPTABLE,,ACCEPTABLE,UNLABELED,UNLABELED,,,
meta_run03_advanced,1,"Behind a service that lets people ask AI to make phone calls, humans were actually making the calls.",MUSE-HC-006,[VERIFIED] MUSE-HC-006: MetaはMuse経由の電話の一部について、AIではなく訓練を受けた人間の契約スタッフが電話をかけ、相手とのやり取りを完了させる「human concierge」「human agent calls」のテストを実施した。 /   scope: Muse経由で発信された電話の一部 /   conditions: Museから人間の訓練済みエージェントへ依頼が引き渡されるテスト条件 /   date_or_period: 2026年9月中旬 /   notes_for_writer: 全ての電話を人間が担当したとは書かない。「一部の電話」「テスト」と限定する。 ([channelnewsasia.com](https://www.channelnewsasia.com/business/exclusive-meta-testing-human-concierge-its-new-personal-ai-agent-muse-6402946)) / ,True,False,ACCEPTABLE,,ACCEPTABLE,UNLABELED,UNLABELED,,,
meta_run03_advanced,1,"If AI can take care of troublesome phone calls, it seems very useful.",MUSE-HC-004,[VERIFIED] MUSE-HC-004: Museの電話機能では、ユーザーが米国内の企業・店舗へ電話をかけるよう指示し、散髪の予約、在庫確認、業者からの見積もり取得などを依頼できるとReutersが報じた。 /   scope: 米国内の企業・店舗への発信 /   conditions: Museの電話機能が利用可能なユーザー /   date_or_period: 2026年9月中旬までに公開・展開 /   notes_for_writer: Reuters報道の転載。Meta公式発表ページでは電話機能の詳細までは確認できない。 ([channelnewsasia.com](https://www.channelnewsasia.com/business/exclusive-meta-testing-human-concierge-its-new-personal-ai-agent-muse-6402946)) / ,True,False,ACCEPTABLE,,ACCEPTABLE,UNLABELED,UNLABELED,,,
meta_run03_advanced,1,The issue was not that humans made the calls themselves.,MUSE-HC-012,[VERIFIED] MUSE-HC-012: MetaのSuperintelligence Labs部門の副社長は、適切な開示なしに契約スタッフが電話をかけるテストを開始したことを「ミス」だったと認め、機能を当面ロールバックしたと社内投稿で説明した。 /   scope: Meta社内テストの人間コンシェルジュ機能 /   conditions: 適切な開示なしで契約スタッフが電話を担当していたテスト /   date_or_period: 2026年9月22日まで /   notes_for_writer: 「サービス全体を停止した」とは書かない。ロールバック対象は人間コンシェルジュ機能として扱う。 ([channelnewsasia.com](https://www.channelnewsasia.com/business/exclusive-meta-testing-human-concierge-its-new-personal-ai-agent-muse-6402946)) / ,True,False,ACCEPTABLE,deterministic_floor:changed_negation,BLOCKING,UNLABELED,N,UNLABELED,rca_22_sonnet_guess,
meta_run03_advanced,1,The issue was how to tell users who was speaking.,MUSE-HC-012,[VERIFIED] MUSE-HC-012: MetaのSuperintelligence Labs部門の副社長は、適切な開示なしに契約スタッフが電話をかけるテストを開始したことを「ミス」だったと認め、機能を当面ロールバックしたと社内投稿で説明した。 /   scope: Meta社内テストの人間コンシェルジュ機能 /   conditions: 適切な開示なしで契約スタッフが電話を担当していたテスト /   date_or_period: 2026年9月22日まで /   notes_for_writer: 「サービス全体を停止した」とは書かない。ロールバック対象は人間コンシェルジュ機能として扱う。 ([channelnewsasia.com](https://www.channelnewsasia.com/business/exclusive-meta-testing-human-concierge-its-new-personal-ai-agent-muse-6402946)) / ,True,False,ACCEPTABLE,,ACCEPTABLE,UNLABELED,UNLABELED,UNLABELED,,
meta_run03_advanced,1,People who asked Muse to make a call might think that AI was making it.,MUSE-HC-006,[VERIFIED] MUSE-HC-006: MetaはMuse経由の電話の一部について、AIではなく訓練を受けた人間の契約スタッフが電話をかけ、相手とのやり取りを完了させる「human concierge」「human agent calls」のテストを実施した。 /   scope: Muse経由で発信された電話の一部 /   conditions: Museから人間の訓練済みエージェントへ依頼が引き渡されるテスト条件 /   date_or_period: 2026年9月中旬 /   notes_for_writer: 全ての電話を人間が担当したとは書かない。「一部の電話」「テスト」と限定する。 ([channelnewsasia.com](https://www.channelnewsasia.com/business/exclusive-meta-testing-human-concierge-its-new-personal-ai-agent-muse-6402946)) / ,True,False,ACCEPTABLE,,ACCEPTABLE,UNLABELED,UNLABELED,,,
meta_run03_advanced,1,"And if this was not properly explained, users had no way to know whether they were talking to AI or a person.",MUSE-HC-012,[VERIFIED] MUSE-HC-012: MetaのSuperintelligence Labs部門の副社長は、適切な開示なしに契約スタッフが電話をかけるテストを開始したことを「ミス」だったと認め、機能を当面ロールバックしたと社内投稿で説明した。 /   scope: Meta社内テストの人間コンシェルジュ機能 /   conditions: 適切な開示なしで契約スタッフが電話を担当していたテスト /   date_or_period: 2026年9月22日まで /   notes_for_writer: 「サービス全体を停止した」とは書かない。ロールバック対象は人間コンシェルジュ機能として扱う。 ([channelnewsasia.com](https://www.channelnewsasia.com/business/exclusive-meta-testing-human-concierge-its-new-personal-ai-agent-muse-6402946)) / ,True,False,ACCEPTABLE,,ACCEPTABLE,UNLABELED,UNLABELED,UNLABELED,,
meta_run03_advanced,1,"They were enjoying the convenience of AI, only to find a human on the other end of the call without realizing it.",MUSE-HC-006,[VERIFIED] MUSE-HC-006: MetaはMuse経由の電話の一部について、AIではなく訓練を受けた人間の契約スタッフが電話をかけ、相手とのやり取りを完了させる「human concierge」「human agent calls」のテストを実施した。 /   scope: Muse経由で発信された電話の一部 /   conditions: Museから人間の訓練済みエージェントへ依頼が引き渡されるテスト条件 /   date_or_period: 2026年9月中旬 /   notes_for_writer: 全ての電話を人間が担当したとは書かない。「一部の電話」「テスト」と限定する。 ([channelnewsasia.com](https://www.channelnewsasia.com/business/exclusive-meta-testing-human-concierge-its-new-personal-ai-agent-muse-6402946)) / ,True,False,ACCEPTABLE,,ACCEPTABLE,UNLABELED,UNLABELED,,,
meta_run03_advanced,1,That was what was happening behind the scenes.,MUSE-HC-006,[VERIFIED] MUSE-HC-006: MetaはMuse経由の電話の一部について、AIではなく訓練を受けた人間の契約スタッフが電話をかけ、相手とのやり取りを完了させる「human concierge」「human agent calls」のテストを実施した。 /   scope: Muse経由で発信された電話の一部 /   conditions: Museから人間の訓練済みエージェントへ依頼が引き渡されるテスト条件 /   date_or_period: 2026年9月中旬 /   notes_for_writer: 全ての電話を人間が担当したとは書かない。「一部の電話」「テスト」と限定する。 ([channelnewsasia.com](https://www.channelnewsasia.com/business/exclusive-meta-testing-human-concierge-its-new-personal-ai-agent-muse-6402946)) / ,True,False,ACCEPTABLE,,ACCEPTABLE,UNLABELED,UNLABELED,,,
meta_run03_advanced,1,"Also, when user information was needed to continue a call, it might be shared unintentionally with contract workers at a call center.",MUSE-HC-010,[VERIFIED] MUSE-HC-010: Meta従業員は、人間の契約スタッフが電話を担当すると、電話中にユーザーの機微情報がコールセンターの契約スタッフへ意図せず共有される可能性があるとして、社内でプライバシー上の懸念を示した。 /   scope: 人間の契約スタッフがMuse経由の電話を担当するテスト /   conditions: 電話の遂行にユーザー情報が必要となる場合 /   date_or_period: 2026年9月中旬〜2026年9月22日 /   causal_strength: OBSERVED_REPORTED /   notes_for_writer: 懸念の存在を示す事実。実際の大規模な情報漏えいが発生したと断定しない。 ([channelnewsasia.com](https://www.channelnewsasia.com/business/exclusive-meta-testing-human-concierge-its-new-personal-ai-agent-muse-6402946)) / ,True,False,ACCEPTABLE,,ACCEPTABLE,UNLABELED,UNLABELED,,,
meta_run03_advanced,1,It would be wrong to apply it to all contract workers.,MUSE-HC-011,[VERIFIED] MUSE-HC-011: Museにインターネット・ケーブル料金の交渉を依頼した従業員は、電話の記録に人間の契約スタッフによる人種に関する不適切な発言があったと報告した。 /   scope: インターネット・ケーブル料金交渉の1件として報道された事例 /   conditions: 人間の契約スタッフが電話を担当したケース /   numeric_value: 1件の従業員報告 (numeric_scope: 報道で紹介された個別事例) /   date_or_period: 2026年9月時点 /   causal_strength: OBSERVED_REPORTED /   notes_for_writer: 従業員の報告として記録する。契約スタッフ全体の行動や実験全体の性質へ一般化しない。 ([channelnewsasia.com](https://www.channelnewsasia.com/business/exclusive-meta-testing-human-concierge-its-new-personal-ai-agent-muse-6402946)) / ,True,False,ACCEPTABLE,,ACCEPTABLE,UNLABELED,UNLABELED,,,
meta_run03_advanced,1,"The company also restored the human concierge feature to the way it had been before, at least for now.",MUSE-HC-012,[VERIFIED] MUSE-HC-012: MetaのSuperintelligence Labs部門の副社長は、適切な開示なしに契約スタッフが電話をかけるテストを開始したことを「ミス」だったと認め、機能を当面ロールバックしたと社内投稿で説明した。 /   scope: Meta社内テストの人間コンシェルジュ機能 /   conditions: 適切な開示なしで契約スタッフが電話を担当していたテスト /   date_or_period: 2026年9月22日まで /   notes_for_writer: 「サービス全体を停止した」とは書かない。ロールバック対象は人間コンシェルジュ機能として扱う。 ([channelnewsasia.com](https://www.channelnewsasia.com/business/exclusive-meta-testing-human-concierge-its-new-personal-ai-agent-muse-6402946)) / ,False,True,ACCEPTABLE,,ACCEPTABLE,UNLABELED,UNLABELED,UNLABELED,,
meta_run03_advanced,1,The real challenge for AI phone calls is not just how they talk.,MUSE-HC-012,[VERIFIED] MUSE-HC-012: MetaのSuperintelligence Labs部門の副社長は、適切な開示なしに契約スタッフが電話をかけるテストを開始したことを「ミス」だったと認め、機能を当面ロールバックしたと社内投稿で説明した。 /   scope: Meta社内テストの人間コンシェルジュ機能 /   conditions: 適切な開示なしで契約スタッフが電話を担当していたテスト /   date_or_period: 2026年9月22日まで /   notes_for_writer: 「サービス全体を停止した」とは書かない。ロールバック対象は人間コンシェルジュ機能として扱う。 ([channelnewsasia.com](https://www.channelnewsasia.com/business/exclusive-meta-testing-human-concierge-its-new-personal-ai-agent-muse-6402946)) / ,True,False,ACCEPTABLE,deterministic_floor:changed_comparison,BLOCKING,UNLABELED,N,UNLABELED,rca_22_sonnet_guess,
meta_run03_advanced,1,It is whether they can honestly tell people who is on the other end of the call.,MUSE-HC-012,[VERIFIED] MUSE-HC-012: MetaのSuperintelligence Labs部門の副社長は、適切な開示なしに契約スタッフが電話をかけるテストを開始したことを「ミス」だったと認め、機能を当面ロールバックしたと社内投稿で説明した。 /   scope: Meta社内テストの人間コンシェルジュ機能 /   conditions: 適切な開示なしで契約スタッフが電話を担当していたテスト /   date_or_period: 2026年9月22日まで /   notes_for_writer: 「サービス全体を停止した」とは書かない。ロールバック対象は人間コンシェルジュ機能として扱う。 ([channelnewsasia.com](https://www.channelnewsasia.com/business/exclusive-meta-testing-human-concierge-its-new-personal-ai-agent-muse-6402946)) / ,True,False,ACCEPTABLE,,ACCEPTABLE,UNLABELED,UNLABELED,UNLABELED,,
meta_run03_advanced,1,"The more useful a service is, the less it should hide the people working behind the scenes.",MUSE-HC-012,[VERIFIED] MUSE-HC-012: MetaのSuperintelligence Labs部門の副社長は、適切な開示なしに契約スタッフが電話をかけるテストを開始したことを「ミス」だったと認め、機能を当面ロールバックしたと社内投稿で説明した。 /   scope: Meta社内テストの人間コンシェルジュ機能 /   conditions: 適切な開示なしで契約スタッフが電話を担当していたテスト /   date_or_period: 2026年9月22日まで /   notes_for_writer: 「サービス全体を停止した」とは書かない。ロールバック対象は人間コンシェルジュ機能として扱う。 ([channelnewsasia.com](https://www.channelnewsasia.com/business/exclusive-meta-testing-human-concierge-its-new-personal-ai-agent-muse-6402946)) / ,True,False,ACCEPTABLE,deterministic_floor:changed_comparison,BLOCKING,UNLABELED,N,UNLABELED,rca_22_sonnet_guess,
meta_run03_advanced,1,The Muse case showed us this simple but important point.,MUSE-HC-012,[VERIFIED] MUSE-HC-012: MetaのSuperintelligence Labs部門の副社長は、適切な開示なしに契約スタッフが電話をかけるテストを開始したことを「ミス」だったと認め、機能を当面ロールバックしたと社内投稿で説明した。 /   scope: Meta社内テストの人間コンシェルジュ機能 /   conditions: 適切な開示なしで契約スタッフが電話を担当していたテスト /   date_or_period: 2026年9月22日まで /   notes_for_writer: 「サービス全体を停止した」とは書かない。ロールバック対象は人間コンシェルジュ機能として扱う。 ([channelnewsasia.com](https://www.channelnewsasia.com/business/exclusive-meta-testing-human-concierge-its-new-personal-ai-agent-muse-6402946)) / ,True,False,ACCEPTABLE,,ACCEPTABLE,UNLABELED,UNLABELED,UNLABELED,,
meta_run03_advanced,1,"Some calls made through Meta’s AI assistant were actually handled by humans, without users being properly told.",MUSE-HC-006,[VERIFIED] MUSE-HC-006: MetaはMuse経由の電話の一部について、AIではなく訓練を受けた人間の契約スタッフが電話をかけ、相手とのやり取りを完了させる「human concierge」「human agent calls」のテストを実施した。 /   scope: Muse経由で発信された電話の一部 /   conditions: Museから人間の訓練済みエージェントへ依頼が引き渡されるテスト条件 /   date_or_period: 2026年9月中旬 /   notes_for_writer: 全ての電話を人間が担当したとは書かない。「一部の電話」「テスト」と限定する。 ([channelnewsasia.com](https://www.channelnewsasia.com/business/exclusive-meta-testing-human-concierge-its-new-personal-ai-agent-muse-6402946)) / ,,,ACCEPTABLE,,ACCEPTABLE,UNLABELED,UNLABELED,,,
meta_run03_advanced,1,"Muse can call businesses and stores in the United States to book haircuts, check whether items are in stock, and get price estimates from businesses.",MUSE-HC-012,[VERIFIED] MUSE-HC-012: MetaのSuperintelligence Labs部門の副社長は、適切な開示なしに契約スタッフが電話をかけるテストを開始したことを「ミス」だったと認め、機能を当面ロールバックしたと社内投稿で説明した。 /   scope: Meta社内テストの人間コンシェルジュ機能 /   conditions: 適切な開示なしで契約スタッフが電話を担当していたテスト /   date_or_period: 2026年9月22日まで /   notes_for_writer: 「サービス全体を停止した」とは書かない。ロールバック対象は人間コンシェルジュ機能として扱う。 ([channelnewsasia.com](https://www.channelnewsasia.com/business/exclusive-meta-testing-human-concierge-its-new-personal-ai-agent-muse-6402946)) / ,,,ACCEPTABLE,,ACCEPTABLE,UNLABELED,UNLABELED,UNLABELED,,
meta_run03_advanced,2,It is whether they can honestly tell people who is on the other end of the call.,MUSE-HC-014,[VERIFIED] MUSE-HC-014: Metaは、電話機能について、商業者との改善を続け、準備が整い、適切な開示ができる場合にのみ公開展開すると広報担当者を通じて説明した。 /   scope: Museの電話機能および人間コンシェルジュを含む可能性のある運用 /   conditions: 準備完了および適切な開示が整うこと /   date_or_period: 2026年9月22日時点 /   notes_for_writer: 公開済みの一般機能と、ロールバックされた人間コンシェルジュ実験を区別する。 ([channelnewsasia.com](https://www.channelnewsasia.com/business/exclusive-meta-testing-human-concierge-its-new-personal-ai-agent-muse-6402946)) / ,True,False,ACCEPTABLE,,ACCEPTABLE,UNLABELED,UNLABELED,,,
meta_run03_advanced,2,The issue was how to tell users who was speaking.,MUSE-HC-012,[VERIFIED] MUSE-HC-012: MetaのSuperintelligence Labs部門の副社長は、適切な開示なしに契約スタッフが電話をかけるテストを開始したことを「ミス」だったと認め、機能を当面ロールバックしたと社内投稿で説明した。 /   scope: Meta社内テストの人間コンシェルジュ機能 /   conditions: 適切な開示なしで契約スタッフが電話を担当していたテスト /   date_or_period: 2026年9月22日まで /   notes_for_writer: 「サービス全体を停止した」とは書かない。ロールバック対象は人間コンシェルジュ機能として扱う。 ([channelnewsasia.com](https://www.channelnewsasia.com/business/exclusive-meta-testing-human-concierge-its-new-personal-ai-agent-muse-6402946)) / ,True,False,ACCEPTABLE,,ACCEPTABLE,UNLABELED,UNLABELED,,,
meta_run03_advanced,2,People who asked Muse to make a call might think that AI was making it.,MUSE-HC-006,[VERIFIED] MUSE-HC-006: MetaはMuse経由の電話の一部について、AIではなく訓練を受けた人間の契約スタッフが電話をかけ、相手とのやり取りを完了させる「human concierge」「human agent calls」のテストを実施した。 /   scope: Muse経由で発信された電話の一部 /   conditions: Museから人間の訓練済みエージェントへ依頼が引き渡されるテスト条件 /   date_or_period: 2026年9月中旬 /   notes_for_writer: 全ての電話を人間が担当したとは書かない。「一部の電話」「テスト」と限定する。 ([channelnewsasia.com](https://www.channelnewsasia.com/business/exclusive-meta-testing-human-concierge-its-new-personal-ai-agent-muse-6402946)) / ,True,False,ACCEPTABLE,,ACCEPTABLE,UNLABELED,UNLABELED,,,
meta_run03_advanced,2,"The company also restored the human concierge feature to the way it had been before, at least for now.",MUSE-HC-012,[VERIFIED] MUSE-HC-012: MetaのSuperintelligence Labs部門の副社長は、適切な開示なしに契約スタッフが電話をかけるテストを開始したことを「ミス」だったと認め、機能を当面ロールバックしたと社内投稿で説明した。 /   scope: Meta社内テストの人間コンシェルジュ機能 /   conditions: 適切な開示なしで契約スタッフが電話を担当していたテスト /   date_or_period: 2026年9月22日まで /   notes_for_writer: 「サービス全体を停止した」とは書かない。ロールバック対象は人間コンシェルジュ機能として扱う。 ([channelnewsasia.com](https://www.channelnewsasia.com/business/exclusive-meta-testing-human-concierge-its-new-personal-ai-agent-muse-6402946)) / ,False,True,ACCEPTABLE,,ACCEPTABLE,UNLABELED,UNLABELED,,,
meta_run03_advanced,2,The Muse case showed us this simple but important point.,MUSE-HC-012,[VERIFIED] MUSE-HC-012: MetaのSuperintelligence Labs部門の副社長は、適切な開示なしに契約スタッフが電話をかけるテストを開始したことを「ミス」だったと認め、機能を当面ロールバックしたと社内投稿で説明した。 /   scope: Meta社内テストの人間コンシェルジュ機能 /   conditions: 適切な開示なしで契約スタッフが電話を担当していたテスト /   date_or_period: 2026年9月22日まで /   notes_for_writer: 「サービス全体を停止した」とは書かない。ロールバック対象は人間コンシェルジュ機能として扱う。 ([channelnewsasia.com](https://www.channelnewsasia.com/business/exclusive-meta-testing-human-concierge-its-new-personal-ai-agent-muse-6402946)) / ,True,False,ACCEPTABLE,,ACCEPTABLE,UNLABELED,UNLABELED,,,
meta_run03_advanced,3,It was a small twist.,,,True,False,QUALITY,,QUALITY,UNLABELED,UNLABELED,,,
meta_run03_advanced,3,News reports also cited an employee’s report that human staff made inappropriate comments about race during calls to negotiate internet or cable fees.,MUSE-HC-011,[VERIFIED] MUSE-HC-011: Museにインターネット・ケーブル料金の交渉を依頼した従業員は、電話の記録に人間の契約スタッフによる人種に関する不適切な発言があったと報告した。 /   scope: インターネット・ケーブル料金交渉の1件として報道された事例 /   conditions: 人間の契約スタッフが電話を担当したケース /   numeric_value: 1件の従業員報告 (numeric_scope: 報道で紹介された個別事例) /   date_or_period: 2026年9月時点 /   causal_strength: OBSERVED_REPORTED /   notes_for_writer: 従業員の報告として記録する。契約スタッフ全体の行動や実験全体の性質へ一般化しない。 ([channelnewsasia.com](https://www.channelnewsasia.com/business/exclusive-meta-testing-human-concierge-its-new-personal-ai-agent-muse-6402946)) / ,,,QUALITY,deterministic_floor:changed_actor,BLOCKING,UNLABELED,Y,UNLABELED,rca_22_sonnet_guess,
meta_run03_advanced,3,The Muse case showed us this simple but important point.,,,True,False,ACCEPTABLE,,ACCEPTABLE,UNLABELED,UNLABELED,,,
meta_run03_advanced,3,"If AI can take care of troublesome phone calls, it seems very useful.",MUSE-HC-004,[VERIFIED] MUSE-HC-004: Museの電話機能では、ユーザーが米国内の企業・店舗へ電話をかけるよう指示し、散髪の予約、在庫確認、業者からの見積もり取得などを依頼できるとReutersが報じた。 /   scope: 米国内の企業・店舗への発信 /   conditions: Museの電話機能が利用可能なユーザー /   date_or_period: 2026年9月中旬までに公開・展開 /   notes_for_writer: Reuters報道の転載。Meta公式発表ページでは電話機能の詳細までは確認できない。 ([channelnewsasia.com](https://www.channelnewsasia.com/business/exclusive-meta-testing-human-concierge-its-new-personal-ai-agent-muse-6402946)) / ,True,False,ACCEPTABLE,,ACCEPTABLE,UNLABELED,UNLABELED,,,
meta_run03_advanced,3,People who asked Muse to make a call might think that AI was making it.,MUSE-HC-006,[VERIFIED] MUSE-HC-006: MetaはMuse経由の電話の一部について、AIではなく訓練を受けた人間の契約スタッフが電話をかけ、相手とのやり取りを完了させる「human concierge」「human agent calls」のテストを実施した。 /   scope: Muse経由で発信された電話の一部 /   conditions: Museから人間の訓練済みエージェントへ依頼が引き渡されるテスト条件 /   date_or_period: 2026年9月中旬 /   notes_for_writer: 全ての電話を人間が担当したとは書かない。「一部の電話」「テスト」と限定する。 ([channelnewsasia.com](https://www.channelnewsasia.com/business/exclusive-meta-testing-human-concierge-its-new-personal-ai-agent-muse-6402946)) / ,True,False,ACCEPTABLE,,ACCEPTABLE,UNLABELED,UNLABELED,,,
meta_run03_advanced,3,"And if this was not properly explained, users had no way to know whether they were talking to AI or a person.",MUSE-HC-012,[VERIFIED] MUSE-HC-012: MetaのSuperintelligence Labs部門の副社長は、適切な開示なしに契約スタッフが電話をかけるテストを開始したことを「ミス」だったと認め、機能を当面ロールバックしたと社内投稿で説明した。 /   scope: Meta社内テストの人間コンシェルジュ機能 /   conditions: 適切な開示なしで契約スタッフが電話を担当していたテスト /   date_or_period: 2026年9月22日まで /   notes_for_writer: 「サービス全体を停止した」とは書かない。ロールバック対象は人間コンシェルジュ機能として扱う。 ([channelnewsasia.com](https://www.channelnewsasia.com/business/exclusive-meta-testing-human-concierge-its-new-personal-ai-agent-muse-6402946)) / ,True,False,ACCEPTABLE,,ACCEPTABLE,UNLABELED,UNLABELED,,,
meta_run03_advanced,3,"They were enjoying the convenience of AI, only to find a human on the other end of the call without realizing it.",MUSE-HC-006,[VERIFIED] MUSE-HC-006: MetaはMuse経由の電話の一部について、AIではなく訓練を受けた人間の契約スタッフが電話をかけ、相手とのやり取りを完了させる「human concierge」「human agent calls」のテストを実施した。 /   scope: Muse経由で発信された電話の一部 /   conditions: Museから人間の訓練済みエージェントへ依頼が引き渡されるテスト条件 /   date_or_period: 2026年9月中旬 /   notes_for_writer: 全ての電話を人間が担当したとは書かない。「一部の電話」「テスト」と限定する。 ([channelnewsasia.com](https://www.channelnewsasia.com/business/exclusive-meta-testing-human-concierge-its-new-personal-ai-agent-muse-6402946)) / ,True,False,ACCEPTABLE,,ACCEPTABLE,UNLABELED,UNLABELED,,,
meta_run03_advanced,3,That was what was happening behind the scenes.,MUSE-HC-006,[VERIFIED] MUSE-HC-006: MetaはMuse経由の電話の一部について、AIではなく訓練を受けた人間の契約スタッフが電話をかけ、相手とのやり取りを完了させる「human concierge」「human agent calls」のテストを実施した。 /   scope: Muse経由で発信された電話の一部 /   conditions: Museから人間の訓練済みエージェントへ依頼が引き渡されるテスト条件 /   date_or_period: 2026年9月中旬 /   notes_for_writer: 全ての電話を人間が担当したとは書かない。「一部の電話」「テスト」と限定する。 ([channelnewsasia.com](https://www.channelnewsasia.com/business/exclusive-meta-testing-human-concierge-its-new-personal-ai-agent-muse-6402946)) / ,True,False,ACCEPTABLE,,ACCEPTABLE,UNLABELED,UNLABELED,,,
meta_run03_advanced,3,"The company also restored the human concierge feature to the way it had been before, at least for now.",MUSE-HC-012,[VERIFIED] MUSE-HC-012: MetaのSuperintelligence Labs部門の副社長は、適切な開示なしに契約スタッフが電話をかけるテストを開始したことを「ミス」だったと認め、機能を当面ロールバックしたと社内投稿で説明した。 /   scope: Meta社内テストの人間コンシェルジュ機能 /   conditions: 適切な開示なしで契約スタッフが電話を担当していたテスト /   date_or_period: 2026年9月22日まで /   notes_for_writer: 「サービス全体を停止した」とは書かない。ロールバック対象は人間コンシェルジュ機能として扱う。 ([channelnewsasia.com](https://www.channelnewsasia.com/business/exclusive-meta-testing-human-concierge-its-new-personal-ai-agent-muse-6402946)) / ,False,True,ACCEPTABLE,,ACCEPTABLE,UNLABELED,UNLABELED,,,
meta_run03_advanced,3,It is whether they can honestly tell people who is on the other end of the call.,MUSE-HC-014,[VERIFIED] MUSE-HC-014: Metaは、電話機能について、商業者との改善を続け、準備が整い、適切な開示ができる場合にのみ公開展開すると広報担当者を通じて説明した。 /   scope: Museの電話機能および人間コンシェルジュを含む可能性のある運用 /   conditions: 準備完了および適切な開示が整うこと /   date_or_period: 2026年9月22日時点 /   notes_for_writer: 公開済みの一般機能と、ロールバックされた人間コンシェルジュ実験を区別する。 ([channelnewsasia.com](https://www.channelnewsasia.com/business/exclusive-meta-testing-human-concierge-its-new-personal-ai-agent-muse-6402946)) / ,True,False,ACCEPTABLE,,ACCEPTABLE,UNLABELED,UNLABELED,,,
meta_run03_standard,1,It was a small surprise.,,,True,False,QUALITY,,QUALITY,UNLABELED,UNLABELED,,,
meta_run03_standard,1,"If AI can handle difficult calls, it seems very useful.",MUSE-HC-004,[VERIFIED] MUSE-HC-004: Museの電話機能では、ユーザーが米国内の企業・店舗へ電話をかけるよう指示し、散髪の予約、在庫確認、業者からの見積もり取得などを依頼できるとReutersが報じた。 /   scope: 米国内の企業・店舗への発信 /   conditions: Museの電話機能が利用可能なユーザー /   date_or_period: 2026年9月中旬までに公開・展開 /   notes_for_writer: Reuters報道の転載。Meta公式発表ページでは電話機能の詳細までは確認できない。 ([channelnewsasia.com](https://www.channelnewsasia.com/business/exclusive-meta-testing-human-concierge-its-new-personal-ai-agent-muse-6402946)) / ,True,False,ACCEPTABLE,,ACCEPTABLE,UNLABELED,UNLABELED,,,
meta_run03_standard,1,"In some tests, trained human contract workers made the calls, not AI.",MUSE-HC-006,[VERIFIED] MUSE-HC-006: MetaはMuse経由の電話の一部について、AIではなく訓練を受けた人間の契約スタッフが電話をかけ、相手とのやり取りを完了させる「human concierge」「human agent calls」のテストを実施した。 /   scope: Muse経由で発信された電話の一部 /   conditions: Museから人間の訓練済みエージェントへ依頼が引き渡されるテスト条件 /   date_or_period: 2026年9月中旬 /   notes_for_writer: 全ての電話を人間が担当したとは書かない。「一部の電話」「テスト」と限定する。 ([channelnewsasia.com](https://www.channelnewsasia.com/business/exclusive-meta-testing-human-concierge-its-new-personal-ai-agent-muse-6402946)) / ,False,True,ACCEPTABLE,,ACCEPTABLE,UNLABELED,UNLABELED,,,
meta_run03_standard,1,The problem was not that humans made the calls.,MUSE-HC-012,[VERIFIED] MUSE-HC-012: MetaのSuperintelligence Labs部門の副社長は、適切な開示なしに契約スタッフが電話をかけるテストを開始したことを「ミス」だったと認め、機能を当面ロールバックしたと社内投稿で説明した。 /   scope: Meta社内テストの人間コンシェルジュ機能 /   conditions: 適切な開示なしで契約スタッフが電話を担当していたテスト /   date_or_period: 2026年9月22日まで /   notes_for_writer: 「サービス全体を停止した」とは書かない。ロールバック対象は人間コンシェルジュ機能として扱う。 ([channelnewsasia.com](https://www.channelnewsasia.com/business/exclusive-meta-testing-human-concierge-its-new-personal-ai-agent-muse-6402946)) / ,True,False,ACCEPTABLE,"deterministic_floor:changed_negation,changed_comparison",BLOCKING,UNLABELED,N,UNLABELED,rca_22_sonnet_guess,
meta_run03_standard,1,The problem was telling users who was speaking.,MUSE-HC-012,[VERIFIED] MUSE-HC-012: MetaのSuperintelligence Labs部門の副社長は、適切な開示なしに契約スタッフが電話をかけるテストを開始したことを「ミス」だったと認め、機能を当面ロールバックしたと社内投稿で説明した。 /   scope: Meta社内テストの人間コンシェルジュ機能 /   conditions: 適切な開示なしで契約スタッフが電話を担当していたテスト /   date_or_period: 2026年9月22日まで /   notes_for_writer: 「サービス全体を停止した」とは書かない。ロールバック対象は人間コンシェルジュ機能として扱う。 ([channelnewsasia.com](https://www.channelnewsasia.com/business/exclusive-meta-testing-human-concierge-its-new-personal-ai-agent-muse-6402946)) / ,True,False,ACCEPTABLE,,ACCEPTABLE,UNLABELED,UNLABELED,UNLABELED,,
meta_run03_standard,1,People asking Muse to call might think AI was calling.,MUSE-HC-012,[VERIFIED] MUSE-HC-012: MetaのSuperintelligence Labs部門の副社長は、適切な開示なしに契約スタッフが電話をかけるテストを開始したことを「ミス」だったと認め、機能を当面ロールバックしたと社内投稿で説明した。 /   scope: Meta社内テストの人間コンシェルジュ機能 /   conditions: 適切な開示なしで契約スタッフが電話を担当していたテスト /   date_or_period: 2026年9月22日まで /   notes_for_writer: 「サービス全体を停止した」とは書かない。ロールバック対象は人間コンシェルジュ機能として扱う。 ([channelnewsasia.com](https://www.channelnewsasia.com/business/exclusive-meta-testing-human-concierge-its-new-personal-ai-agent-muse-6402946)) / ,True,False,ACCEPTABLE,,ACCEPTABLE,UNLABELED,UNLABELED,UNLABELED,,
meta_run03_standard,1,"If no one explained this clearly, users could not know.",MUSE-HC-012,[VERIFIED] MUSE-HC-012: MetaのSuperintelligence Labs部門の副社長は、適切な開示なしに契約スタッフが電話をかけるテストを開始したことを「ミス」だったと認め、機能を当面ロールバックしたと社内投稿で説明した。 /   scope: Meta社内テストの人間コンシェルジュ機能 /   conditions: 適切な開示なしで契約スタッフが電話を担当していたテスト /   date_or_period: 2026年9月22日まで /   notes_for_writer: 「サービス全体を停止した」とは書かない。ロールバック対象は人間コンシェルジュ機能として扱う。 ([channelnewsasia.com](https://www.channelnewsasia.com/business/exclusive-meta-testing-human-concierge-its-new-personal-ai-agent-muse-6402946)) / ,True,False,ACCEPTABLE,,ACCEPTABLE,UNLABELED,UNLABELED,UNLABELED,,
meta_run03_standard,1,They could not tell if it was AI or a person.,MUSE-HC-012,[VERIFIED] MUSE-HC-012: MetaのSuperintelligence Labs部門の副社長は、適切な開示なしに契約スタッフが電話をかけるテストを開始したことを「ミス」だったと認め、機能を当面ロールバックしたと社内投稿で説明した。 /   scope: Meta社内テストの人間コンシェルジュ機能 /   conditions: 適切な開示なしで契約スタッフが電話を担当していたテスト /   date_or_period: 2026年9月22日まで /   notes_for_writer: 「サービス全体を停止した」とは書かない。ロールバック対象は人間コンシェルジュ機能として扱う。 ([channelnewsasia.com](https://www.channelnewsasia.com/business/exclusive-meta-testing-human-concierge-its-new-personal-ai-agent-muse-6402946)) / ,True,False,ACCEPTABLE,,ACCEPTABLE,UNLABELED,UNLABELED,UNLABELED,,
meta_run03_standard,1,"They enjoyed AI’s convenience, but a human was on the other end.",MUSE-HC-006,[VERIFIED] MUSE-HC-006: MetaはMuse経由の電話の一部について、AIではなく訓練を受けた人間の契約スタッフが電話をかけ、相手とのやり取りを完了させる「human concierge」「human agent calls」のテストを実施した。 /   scope: Muse経由で発信された電話の一部 /   conditions: Museから人間の訓練済みエージェントへ依頼が引き渡されるテスト条件 /   date_or_period: 2026年9月中旬 /   notes_for_writer: 全ての電話を人間が担当したとは書かない。「一部の電話」「テスト」と限定する。 ([channelnewsasia.com](https://www.channelnewsasia.com/business/exclusive-meta-testing-human-concierge-its-new-personal-ai-agent-muse-6402946)) / ,True,False,ACCEPTABLE,,ACCEPTABLE,UNLABELED,UNLABELED,,,
meta_run03_standard,1,They did not realize it.,MUSE-HC-012,[VERIFIED] MUSE-HC-012: MetaのSuperintelligence Labs部門の副社長は、適切な開示なしに契約スタッフが電話をかけるテストを開始したことを「ミス」だったと認め、機能を当面ロールバックしたと社内投稿で説明した。 /   scope: Meta社内テストの人間コンシェルジュ機能 /   conditions: 適切な開示なしで契約スタッフが電話を担当していたテスト /   date_or_period: 2026年9月22日まで /   notes_for_writer: 「サービス全体を停止した」とは書かない。ロールバック対象は人間コンシェルジュ機能として扱う。 ([channelnewsasia.com](https://www.channelnewsasia.com/business/exclusive-meta-testing-human-concierge-its-new-personal-ai-agent-muse-6402946)) / ,True,False,ACCEPTABLE,,ACCEPTABLE,UNLABELED,UNLABELED,UNLABELED,,
meta_run03_standard,1,That was happening behind the scenes.,MUSE-HC-012,[VERIFIED] MUSE-HC-012: MetaのSuperintelligence Labs部門の副社長は、適切な開示なしに契約スタッフが電話をかけるテストを開始したことを「ミス」だったと認め、機能を当面ロールバックしたと社内投稿で説明した。 /   scope: Meta社内テストの人間コンシェルジュ機能 /   conditions: 適切な開示なしで契約スタッフが電話を担当していたテスト /   date_or_period: 2026年9月22日まで /   notes_for_writer: 「サービス全体を停止した」とは書かない。ロールバック対象は人間コンシェルジュ機能として扱う。 ([channelnewsasia.com](https://www.channelnewsasia.com/business/exclusive-meta-testing-human-concierge-its-new-personal-ai-agent-muse-6402946)) / ,True,False,ACCEPTABLE,,ACCEPTABLE,UNLABELED,UNLABELED,UNLABELED,,
meta_run03_standard,1,"Also, some calls needed user information to continue.",MUSE-HC-010,[VERIFIED] MUSE-HC-010: Meta従業員は、人間の契約スタッフが電話を担当すると、電話中にユーザーの機微情報がコールセンターの契約スタッフへ意図せず共有される可能性があるとして、社内でプライバシー上の懸念を示した。 /   scope: 人間の契約スタッフがMuse経由の電話を担当するテスト /   conditions: 電話の遂行にユーザー情報が必要となる場合 /   date_or_period: 2026年9月中旬〜2026年9月22日 /   causal_strength: OBSERVED_REPORTED /   notes_for_writer: 懸念の存在を示す事実。実際の大規模な情報漏えいが発生したと断定しない。 ([channelnewsasia.com](https://www.channelnewsasia.com/business/exclusive-meta-testing-human-concierge-its-new-personal-ai-agent-muse-6402946)) / ,True,False,QUALITY,,QUALITY,UNLABELED,UNLABELED,,,
meta_run03_standard,1,"However, this is only one report.",MUSE-HC-011,[VERIFIED] MUSE-HC-011: Museにインターネット・ケーブル料金の交渉を依頼した従業員は、電話の記録に人間の契約スタッフによる人種に関する不適切な発言があったと報告した。 /   scope: インターネット・ケーブル料金交渉の1件として報道された事例 /   conditions: 人間の契約スタッフが電話を担当したケース /   numeric_value: 1件の従業員報告 (numeric_scope: 報道で紹介された個別事例) /   date_or_period: 2026年9月時点 /   causal_strength: OBSERVED_REPORTED /   notes_for_writer: 従業員の報告として記録する。契約スタッフ全体の行動や実験全体の性質へ一般化しない。 ([channelnewsasia.com](https://www.channelnewsasia.com/business/exclusive-meta-testing-human-concierge-its-new-personal-ai-agent-muse-6402946)) / ,True,False,ACCEPTABLE,,ACCEPTABLE,UNLABELED,UNLABELED,UNLABELED,,
meta_run03_standard,1,It would be wrong to say all contract workers did this.,MUSE-HC-011,[VERIFIED] MUSE-HC-011: Museにインターネット・ケーブル料金の交渉を依頼した従業員は、電話の記録に人間の契約スタッフによる人種に関する不適切な発言があったと報告した。 /   scope: インターネット・ケーブル料金交渉の1件として報道された事例 /   conditions: 人間の契約スタッフが電話を担当したケース /   numeric_value: 1件の従業員報告 (numeric_scope: 報道で紹介された個別事例) /   date_or_period: 2026年9月時点 /   causal_strength: OBSERVED_REPORTED /   notes_for_writer: 従業員の報告として記録する。契約スタッフ全体の行動や実験全体の性質へ一般化しない。 ([channelnewsasia.com](https://www.channelnewsasia.com/business/exclusive-meta-testing-human-concierge-its-new-personal-ai-agent-muse-6402946)) / ,True,False,ACCEPTABLE,,ACCEPTABLE,UNLABELED,UNLABELED,UNLABELED,,
meta_run03_standard,1,That was a mistake.,MUSE-HC-012,[VERIFIED] MUSE-HC-012: MetaのSuperintelligence Labs部門の副社長は、適切な開示なしに契約スタッフが電話をかけるテストを開始したことを「ミス」だったと認め、機能を当面ロールバックしたと社内投稿で説明した。 /   scope: Meta社内テストの人間コンシェルジュ機能 /   conditions: 適切な開示なしで契約スタッフが電話を担当していたテスト /   date_or_period: 2026年9月22日まで /   notes_for_writer: 「サービス全体を停止した」とは書かない。ロールバック対象は人間コンシェルジュ機能として扱う。 ([channelnewsasia.com](https://www.channelnewsasia.com/business/exclusive-meta-testing-human-concierge-its-new-personal-ai-agent-muse-6402946)) / ,False,True,ACCEPTABLE,,ACCEPTABLE,UNLABELED,UNLABELED,UNLABELED,,
meta_run03_standard,1,"The company also restored its human help feature to its earlier form, at least for now.",MUSE-HC-012,[VERIFIED] MUSE-HC-012: MetaのSuperintelligence Labs部門の副社長は、適切な開示なしに契約スタッフが電話をかけるテストを開始したことを「ミス」だったと認め、機能を当面ロールバックしたと社内投稿で説明した。 /   scope: Meta社内テストの人間コンシェルジュ機能 /   conditions: 適切な開示なしで契約スタッフが電話を担当していたテスト /   date_or_period: 2026年9月22日まで /   notes_for_writer: 「サービス全体を停止した」とは書かない。ロールバック対象は人間コンシェルジュ機能として扱う。 ([channelnewsasia.com](https://www.channelnewsasia.com/business/exclusive-meta-testing-human-concierge-its-new-personal-ai-agent-muse-6402946)) / ,False,True,ACCEPTABLE,,ACCEPTABLE,UNLABELED,UNLABELED,UNLABELED,,
meta_run03_standard,1,The real challenge for AI calls is not only how they talk.,MUSE-HC-012,[VERIFIED] MUSE-HC-012: MetaのSuperintelligence Labs部門の副社長は、適切な開示なしに契約スタッフが電話をかけるテストを開始したことを「ミス」だったと認め、機能を当面ロールバックしたと社内投稿で説明した。 /   scope: Meta社内テストの人間コンシェルジュ機能 /   conditions: 適切な開示なしで契約スタッフが電話を担当していたテスト /   date_or_period: 2026年9月22日まで /   notes_for_writer: 「サービス全体を停止した」とは書かない。ロールバック対象は人間コンシェルジュ機能として扱う。 ([channelnewsasia.com](https://www.channelnewsasia.com/business/exclusive-meta-testing-human-concierge-its-new-personal-ai-agent-muse-6402946)) / ,True,False,ACCEPTABLE,deterministic_floor:changed_comparison,BLOCKING,UNLABELED,N,UNLABELED,rca_22_sonnet_guess,
meta_run03_standard,1,They must also be honest about who is on the other end.,MUSE-HC-014,[VERIFIED] MUSE-HC-014: Metaは、電話機能について、商業者との改善を続け、準備が整い、適切な開示ができる場合にのみ公開展開すると広報担当者を通じて説明した。 /   scope: Museの電話機能および人間コンシェルジュを含む可能性のある運用 /   conditions: 準備完了および適切な開示が整うこと /   date_or_period: 2026年9月22日時点 /   notes_for_writer: 公開済みの一般機能と、ロールバックされた人間コンシェルジュ実験を区別する。 ([channelnewsasia.com](https://www.channelnewsasia.com/business/exclusive-meta-testing-human-concierge-its-new-personal-ai-agent-muse-6402946)) / ,True,False,ACCEPTABLE,,ACCEPTABLE,UNLABELED,UNLABELED,,,
meta_run03_standard,1,"The more useful a service is, the less it should hide workers behind the scenes.",MUSE-HC-012,[VERIFIED] MUSE-HC-012: MetaのSuperintelligence Labs部門の副社長は、適切な開示なしに契約スタッフが電話をかけるテストを開始したことを「ミス」だったと認め、機能を当面ロールバックしたと社内投稿で説明した。 /   scope: Meta社内テストの人間コンシェルジュ機能 /   conditions: 適切な開示なしで契約スタッフが電話を担当していたテスト /   date_or_period: 2026年9月22日まで /   notes_for_writer: 「サービス全体を停止した」とは書かない。ロールバック対象は人間コンシェルジュ機能として扱う。 ([channelnewsasia.com](https://www.channelnewsasia.com/business/exclusive-meta-testing-human-concierge-its-new-personal-ai-agent-muse-6402946)) / ,True,False,ACCEPTABLE,deterministic_floor:changed_comparison,BLOCKING,UNLABELED,N,UNLABELED,rca_22_sonnet_guess,
meta_run03_standard,1,The Muse case showed this simple but important point.,MUSE-HC-012,[VERIFIED] MUSE-HC-012: MetaのSuperintelligence Labs部門の副社長は、適切な開示なしに契約スタッフが電話をかけるテストを開始したことを「ミス」だったと認め、機能を当面ロールバックしたと社内投稿で説明した。 /   scope: Meta社内テストの人間コンシェルジュ機能 /   conditions: 適切な開示なしで契約スタッフが電話を担当していたテスト /   date_or_period: 2026年9月22日まで /   notes_for_writer: 「サービス全体を停止した」とは書かない。ロールバック対象は人間コンシェルジュ機能として扱う。 ([channelnewsasia.com](https://www.channelnewsasia.com/business/exclusive-meta-testing-human-concierge-its-new-personal-ai-agent-muse-6402946)) / ,True,False,ACCEPTABLE,,ACCEPTABLE,UNLABELED,UNLABELED,UNLABELED,,
meta_run03_standard,1,"Some calls through Meta’s AI assistant were actually handled by humans, but users were not properly told.",MUSE-HC-006,[VERIFIED] MUSE-HC-006: MetaはMuse経由の電話の一部について、AIではなく訓練を受けた人間の契約スタッフが電話をかけ、相手とのやり取りを完了させる「human concierge」「human agent calls」のテストを実施した。 /   scope: Muse経由で発信された電話の一部 /   conditions: Museから人間の訓練済みエージェントへ依頼が引き渡されるテスト条件 /   date_or_period: 2026年9月中旬 /   notes_for_writer: 全ての電話を人間が担当したとは書かない。「一部の電話」「テスト」と限定する。 ([channelnewsasia.com](https://www.channelnewsasia.com/business/exclusive-meta-testing-human-concierge-its-new-personal-ai-agent-muse-6402946)) / ,True,False,ACCEPTABLE,,ACCEPTABLE,UNLABELED,UNLABELED,,,
meta_run03_standard,1,It said human staff made inappropriate comments about race during calls.,MUSE-HC-011,[VERIFIED] MUSE-HC-011: Museにインターネット・ケーブル料金の交渉を依頼した従業員は、電話の記録に人間の契約スタッフによる人種に関する不適切な発言があったと報告した。 /   scope: インターネット・ケーブル料金交渉の1件として報道された事例 /   conditions: 人間の契約スタッフが電話を担当したケース /   numeric_value: 1件の従業員報告 (numeric_scope: 報道で紹介された個別事例) /   date_or_period: 2026年9月時点 /   causal_strength: OBSERVED_REPORTED /   notes_for_writer: 従業員の報告として記録する。契約スタッフ全体の行動や実験全体の性質へ一般化しない。 ([channelnewsasia.com](https://www.channelnewsasia.com/business/exclusive-meta-testing-human-concierge-its-new-personal-ai-agent-muse-6402946)) / ,True,False,BLOCKING,deterministic_floor:changed_number,BLOCKING,UNLABELED,Y,UNLABELED,rca_22_sonnet_guess,
meta_run03_standard,1,These calls were about trying to lower internet or cable fees.,MUSE-HC-011,[VERIFIED] MUSE-HC-011: Museにインターネット・ケーブル料金の交渉を依頼した従業員は、電話の記録に人間の契約スタッフによる人種に関する不適切な発言があったと報告した。 /   scope: インターネット・ケーブル料金交渉の1件として報道された事例 /   conditions: 人間の契約スタッフが電話を担当したケース /   numeric_value: 1件の従業員報告 (numeric_scope: 報道で紹介された個別事例) /   date_or_period: 2026年9月時点 /   causal_strength: OBSERVED_REPORTED /   notes_for_writer: 従業員の報告として記録する。契約スタッフ全体の行動や実験全体の性質へ一般化しない。 ([channelnewsasia.com](https://www.channelnewsasia.com/business/exclusive-meta-testing-human-concierge-its-new-personal-ai-agent-muse-6402946)) / ,True,False,BLOCKING,deterministic_floor:changed_number,BLOCKING,UNLABELED,Y,UNLABELED,rca_22_sonnet_guess,
meta_run03_standard,1,But humans made some of the calls behind the scenes.,MUSE-HC-006,[VERIFIED] MUSE-HC-006: MetaはMuse経由の電話の一部について、AIではなく訓練を受けた人間の契約スタッフが電話をかけ、相手とのやり取りを完了させる「human concierge」「human agent calls」のテストを実施した。 /   scope: Muse経由で発信された電話の一部 /   conditions: Museから人間の訓練済みエージェントへ依頼が引き渡されるテスト条件 /   date_or_period: 2026年9月中旬 /   notes_for_writer: 全ての電話を人間が担当したとは書かない。「一部の電話」「テスト」と限定する。 ([channelnewsasia.com](https://www.channelnewsasia.com/business/exclusive-meta-testing-human-concierge-its-new-personal-ai-agent-muse-6402946)) / ,,,ACCEPTABLE,,ACCEPTABLE,UNLABELED,UNLABELED,,,
meta_run03_standard,2,The real challenge for Muse calls is not only how they talk.,,,,,ACCEPTABLE,,ACCEPTABLE,UNLABELED,UNLABELED,,,
meta_run03_standard,2,They must also be honest about who is on the other end.,MUSE-HC-012,[VERIFIED] MUSE-HC-012: MetaのSuperintelligence Labs部門の副社長は、適切な開示なしに契約スタッフが電話をかけるテストを開始したことを「ミス」だったと認め、機能を当面ロールバックしたと社内投稿で説明した。 /   scope: Meta社内テストの人間コンシェルジュ機能 /   conditions: 適切な開示なしで契約スタッフが電話を担当していたテスト /   date_or_period: 2026年9月22日まで /   notes_for_writer: 「サービス全体を停止した」とは書かない。ロールバック対象は人間コンシェルジュ機能として扱う。 ([channelnewsasia.com](https://www.channelnewsasia.com/business/exclusive-meta-testing-human-concierge-its-new-personal-ai-agent-muse-6402946)) / ,True,False,ACCEPTABLE,,ACCEPTABLE,UNLABELED,UNLABELED,,,
meta_run03_standard,2,The Muse case showed this simple but important point.,,,True,False,ACCEPTABLE,,ACCEPTABLE,UNLABELED,UNLABELED,,,
meta_run03_standard,2,"Some calls through Meta’s AI assistant were actually handled by humans, but users were not properly told.",MUSE-HC-012,[VERIFIED] MUSE-HC-012: MetaのSuperintelligence Labs部門の副社長は、適切な開示なしに契約スタッフが電話をかけるテストを開始したことを「ミス」だったと認め、機能を当面ロールバックしたと社内投稿で説明した。 /   scope: Meta社内テストの人間コンシェルジュ機能 /   conditions: 適切な開示なしで契約スタッフが電話を担当していたテスト /   date_or_period: 2026年9月22日まで /   notes_for_writer: 「サービス全体を停止した」とは書かない。ロールバック対象は人間コンシェルジュ機能として扱う。 ([channelnewsasia.com](https://www.channelnewsasia.com/business/exclusive-meta-testing-human-concierge-its-new-personal-ai-agent-muse-6402946)) / ,True,False,QUALITY,,QUALITY,UNLABELED,UNLABELED,,,
meta_run03_standard,2,The problem was telling users who was speaking.,MUSE-HC-012,[VERIFIED] MUSE-HC-012: MetaのSuperintelligence Labs部門の副社長は、適切な開示なしに契約スタッフが電話をかけるテストを開始したことを「ミス」だったと認め、機能を当面ロールバックしたと社内投稿で説明した。 /   scope: Meta社内テストの人間コンシェルジュ機能 /   conditions: 適切な開示なしで契約スタッフが電話を担当していたテスト /   date_or_period: 2026年9月22日まで /   notes_for_writer: 「サービス全体を停止した」とは書かない。ロールバック対象は人間コンシェルジュ機能として扱う。 ([channelnewsasia.com](https://www.channelnewsasia.com/business/exclusive-meta-testing-human-concierge-its-new-personal-ai-agent-muse-6402946)) / ,True,False,ACCEPTABLE,,ACCEPTABLE,UNLABELED,UNLABELED,,,
meta_run03_standard,2,"The company also restored its human help feature to its earlier form, at least for now.",MUSE-HC-012,[VERIFIED] MUSE-HC-012: MetaのSuperintelligence Labs部門の副社長は、適切な開示なしに契約スタッフが電話をかけるテストを開始したことを「ミス」だったと認め、機能を当面ロールバックしたと社内投稿で説明した。 /   scope: Meta社内テストの人間コンシェルジュ機能 /   conditions: 適切な開示なしで契約スタッフが電話を担当していたテスト /   date_or_period: 2026年9月22日まで /   notes_for_writer: 「サービス全体を停止した」とは書かない。ロールバック対象は人間コンシェルジュ機能として扱う。 ([channelnewsasia.com](https://www.channelnewsasia.com/business/exclusive-meta-testing-human-concierge-its-new-personal-ai-agent-muse-6402946)) / ,False,True,ACCEPTABLE,,ACCEPTABLE,UNLABELED,UNLABELED,,,
meta_run03_standard,3,It was a small surprise.,,,True,False,QUALITY,,QUALITY,UNLABELED,UNLABELED,,,
meta_run03_standard,3,"If AI can handle difficult calls, it seems very useful.",MUSE-HC-004,[VERIFIED] MUSE-HC-004: Museの電話機能では、ユーザーが米国内の企業・店舗へ電話をかけるよう指示し、散髪の予約、在庫確認、業者からの見積もり取得などを依頼できるとReutersが報じた。 /   scope: 米国内の企業・店舗への発信 /   conditions: Museの電話機能が利用可能なユーザー /   date_or_period: 2026年9月中旬までに公開・展開 /   notes_for_writer: Reuters報道の転載。Meta公式発表ページでは電話機能の詳細までは確認できない。 ([channelnewsasia.com](https://www.channelnewsasia.com/business/exclusive-meta-testing-human-concierge-its-new-personal-ai-agent-muse-6402946)) / ,True,False,ACCEPTABLE,,ACCEPTABLE,UNLABELED,UNLABELED,,,
meta_run03_standard,3,"In some tests, trained human contract workers made the calls, not AI.",MUSE-HC-006,[VERIFIED] MUSE-HC-006: MetaはMuse経由の電話の一部について、AIではなく訓練を受けた人間の契約スタッフが電話をかけ、相手とのやり取りを完了させる「human concierge」「human agent calls」のテストを実施した。 /   scope: Muse経由で発信された電話の一部 /   conditions: Museから人間の訓練済みエージェントへ依頼が引き渡されるテスト条件 /   date_or_period: 2026年9月中旬 /   notes_for_writer: 全ての電話を人間が担当したとは書かない。「一部の電話」「テスト」と限定する。 ([channelnewsasia.com](https://www.channelnewsasia.com/business/exclusive-meta-testing-human-concierge-its-new-personal-ai-agent-muse-6402946)) / ,False,True,ACCEPTABLE,,ACCEPTABLE,UNLABELED,UNLABELED,,,
meta_run03_standard,3,The problem was telling users who was speaking.,MUSE-HC-012,[VERIFIED] MUSE-HC-012: MetaのSuperintelligence Labs部門の副社長は、適切な開示なしに契約スタッフが電話をかけるテストを開始したことを「ミス」だったと認め、機能を当面ロールバックしたと社内投稿で説明した。 /   scope: Meta社内テストの人間コンシェルジュ機能 /   conditions: 適切な開示なしで契約スタッフが電話を担当していたテスト /   date_or_period: 2026年9月22日まで /   notes_for_writer: 「サービス全体を停止した」とは書かない。ロールバック対象は人間コンシェルジュ機能として扱う。 ([channelnewsasia.com](https://www.channelnewsasia.com/business/exclusive-meta-testing-human-concierge-its-new-personal-ai-agent-muse-6402946)) / ,True,False,ACCEPTABLE,,ACCEPTABLE,UNLABELED,UNLABELED,,,
meta_run03_standard,3,People asking Muse to call might think AI was calling.,MUSE-HC-012,[VERIFIED] MUSE-HC-012: MetaのSuperintelligence Labs部門の副社長は、適切な開示なしに契約スタッフが電話をかけるテストを開始したことを「ミス」だったと認め、機能を当面ロールバックしたと社内投稿で説明した。 /   scope: Meta社内テストの人間コンシェルジュ機能 /   conditions: 適切な開示なしで契約スタッフが電話を担当していたテスト /   date_or_period: 2026年9月22日まで /   notes_for_writer: 「サービス全体を停止した」とは書かない。ロールバック対象は人間コンシェルジュ機能として扱う。 ([channelnewsasia.com](https://www.channelnewsasia.com/business/exclusive-meta-testing-human-concierge-its-new-personal-ai-agent-muse-6402946)) / ,True,False,ACCEPTABLE,,ACCEPTABLE,UNLABELED,UNLABELED,,,
meta_run03_standard,3,"If no one explained this clearly, users could not know.",MUSE-HC-012,[VERIFIED] MUSE-HC-012: MetaのSuperintelligence Labs部門の副社長は、適切な開示なしに契約スタッフが電話をかけるテストを開始したことを「ミス」だったと認め、機能を当面ロールバックしたと社内投稿で説明した。 /   scope: Meta社内テストの人間コンシェルジュ機能 /   conditions: 適切な開示なしで契約スタッフが電話を担当していたテスト /   date_or_period: 2026年9月22日まで /   notes_for_writer: 「サービス全体を停止した」とは書かない。ロールバック対象は人間コンシェルジュ機能として扱う。 ([channelnewsasia.com](https://www.channelnewsasia.com/business/exclusive-meta-testing-human-concierge-its-new-personal-ai-agent-muse-6402946)) / ,True,False,ACCEPTABLE,,ACCEPTABLE,UNLABELED,UNLABELED,,,
meta_run03_standard,3,They could not tell if it was AI or a person.,MUSE-HC-012,[VERIFIED] MUSE-HC-012: MetaのSuperintelligence Labs部門の副社長は、適切な開示なしに契約スタッフが電話をかけるテストを開始したことを「ミス」だったと認め、機能を当面ロールバックしたと社内投稿で説明した。 /   scope: Meta社内テストの人間コンシェルジュ機能 /   conditions: 適切な開示なしで契約スタッフが電話を担当していたテスト /   date_or_period: 2026年9月22日まで /   notes_for_writer: 「サービス全体を停止した」とは書かない。ロールバック対象は人間コンシェルジュ機能として扱う。 ([channelnewsasia.com](https://www.channelnewsasia.com/business/exclusive-meta-testing-human-concierge-its-new-personal-ai-agent-muse-6402946)) / ,True,False,ACCEPTABLE,,ACCEPTABLE,UNLABELED,UNLABELED,,,
meta_run03_standard,3,"They enjoyed AI’s convenience, but a human was on the other end.",MUSE-HC-006,[VERIFIED] MUSE-HC-006: MetaはMuse経由の電話の一部について、AIではなく訓練を受けた人間の契約スタッフが電話をかけ、相手とのやり取りを完了させる「human concierge」「human agent calls」のテストを実施した。 /   scope: Muse経由で発信された電話の一部 /   conditions: Museから人間の訓練済みエージェントへ依頼が引き渡されるテスト条件 /   date_or_period: 2026年9月中旬 /   notes_for_writer: 全ての電話を人間が担当したとは書かない。「一部の電話」「テスト」と限定する。 ([channelnewsasia.com](https://www.channelnewsasia.com/business/exclusive-meta-testing-human-concierge-its-new-personal-ai-agent-muse-6402946)) / ,True,False,ACCEPTABLE,,ACCEPTABLE,UNLABELED,UNLABELED,,,
meta_run03_standard,3,They did not realize it.,MUSE-HC-012,[VERIFIED] MUSE-HC-012: MetaのSuperintelligence Labs部門の副社長は、適切な開示なしに契約スタッフが電話をかけるテストを開始したことを「ミス」だったと認め、機能を当面ロールバックしたと社内投稿で説明した。 /   scope: Meta社内テストの人間コンシェルジュ機能 /   conditions: 適切な開示なしで契約スタッフが電話を担当していたテスト /   date_or_period: 2026年9月22日まで /   notes_for_writer: 「サービス全体を停止した」とは書かない。ロールバック対象は人間コンシェルジュ機能として扱う。 ([channelnewsasia.com](https://www.channelnewsasia.com/business/exclusive-meta-testing-human-concierge-its-new-personal-ai-agent-muse-6402946)) / ,True,False,ACCEPTABLE,,ACCEPTABLE,UNLABELED,UNLABELED,,,
meta_run03_standard,3,"Also, some calls needed user information to continue.",MUSE-HC-010,[VERIFIED] MUSE-HC-010: Meta従業員は、人間の契約スタッフが電話を担当すると、電話中にユーザーの機微情報がコールセンターの契約スタッフへ意図せず共有される可能性があるとして、社内でプライバシー上の懸念を示した。 /   scope: 人間の契約スタッフがMuse経由の電話を担当するテスト /   conditions: 電話の遂行にユーザー情報が必要となる場合 /   date_or_period: 2026年9月中旬〜2026年9月22日 /   causal_strength: OBSERVED_REPORTED /   notes_for_writer: 懸念の存在を示す事実。実際の大規模な情報漏えいが発生したと断定しない。 ([channelnewsasia.com](https://www.channelnewsasia.com/business/exclusive-meta-testing-human-concierge-its-new-personal-ai-agent-muse-6402946)) / ,True,False,QUALITY,,QUALITY,UNLABELED,UNLABELED,,,
meta_run03_standard,3,"However, this is only one report.",MUSE-HC-011,[VERIFIED] MUSE-HC-011: Museにインターネット・ケーブル料金の交渉を依頼した従業員は、電話の記録に人間の契約スタッフによる人種に関する不適切な発言があったと報告した。 /   scope: インターネット・ケーブル料金交渉の1件として報道された事例 /   conditions: 人間の契約スタッフが電話を担当したケース /   numeric_value: 1件の従業員報告 (numeric_scope: 報道で紹介された個別事例) /   date_or_period: 2026年9月時点 /   causal_strength: OBSERVED_REPORTED /   notes_for_writer: 従業員の報告として記録する。契約スタッフ全体の行動や実験全体の性質へ一般化しない。 ([channelnewsasia.com](https://www.channelnewsasia.com/business/exclusive-meta-testing-human-concierge-its-new-personal-ai-agent-muse-6402946)) / ,True,False,ACCEPTABLE,,ACCEPTABLE,UNLABELED,UNLABELED,,,
meta_run03_standard,3,That was a mistake.,MUSE-HC-012,[VERIFIED] MUSE-HC-012: MetaのSuperintelligence Labs部門の副社長は、適切な開示なしに契約スタッフが電話をかけるテストを開始したことを「ミス」だったと認め、機能を当面ロールバックしたと社内投稿で説明した。 /   scope: Meta社内テストの人間コンシェルジュ機能 /   conditions: 適切な開示なしで契約スタッフが電話を担当していたテスト /   date_or_period: 2026年9月22日まで /   notes_for_writer: 「サービス全体を停止した」とは書かない。ロールバック対象は人間コンシェルジュ機能として扱う。 ([channelnewsasia.com](https://www.channelnewsasia.com/business/exclusive-meta-testing-human-concierge-its-new-personal-ai-agent-muse-6402946)) / ,False,True,ACCEPTABLE,,ACCEPTABLE,UNLABELED,UNLABELED,,,
meta_run03_standard,3,"The company also restored its human help feature to its earlier form, at least for now.",MUSE-HC-012,[VERIFIED] MUSE-HC-012: MetaのSuperintelligence Labs部門の副社長は、適切な開示なしに契約スタッフが電話をかけるテストを開始したことを「ミス」だったと認め、機能を当面ロールバックしたと社内投稿で説明した。 /   scope: Meta社内テストの人間コンシェルジュ機能 /   conditions: 適切な開示なしで契約スタッフが電話を担当していたテスト /   date_or_period: 2026年9月22日まで /   notes_for_writer: 「サービス全体を停止した」とは書かない。ロールバック対象は人間コンシェルジュ機能として扱う。 ([channelnewsasia.com](https://www.channelnewsasia.com/business/exclusive-meta-testing-human-concierge-its-new-personal-ai-agent-muse-6402946)) / ,False,True,ACCEPTABLE,,ACCEPTABLE,UNLABELED,UNLABELED,,,
meta_run03_standard,3,The real challenge for Muse calls is not only how they talk.,,,,,ACCEPTABLE,,ACCEPTABLE,UNLABELED,UNLABELED,,,
meta_run03_standard,3,They must also be honest about who is on the other end.,MUSE-HC-012,[VERIFIED] MUSE-HC-012: MetaのSuperintelligence Labs部門の副社長は、適切な開示なしに契約スタッフが電話をかけるテストを開始したことを「ミス」だったと認め、機能を当面ロールバックしたと社内投稿で説明した。 /   scope: Meta社内テストの人間コンシェルジュ機能 /   conditions: 適切な開示なしで契約スタッフが電話を担当していたテスト /   date_or_period: 2026年9月22日まで /   notes_for_writer: 「サービス全体を停止した」とは書かない。ロールバック対象は人間コンシェルジュ機能として扱う。 ([channelnewsasia.com](https://www.channelnewsasia.com/business/exclusive-meta-testing-human-concierge-its-new-personal-ai-agent-muse-6402946)) / ,True,False,ACCEPTABLE,,ACCEPTABLE,UNLABELED,UNLABELED,,,
meta_run03_standard,3,The Muse case showed this simple but important point.,MUSE-HC-012,[VERIFIED] MUSE-HC-012: MetaのSuperintelligence Labs部門の副社長は、適切な開示なしに契約スタッフが電話をかけるテストを開始したことを「ミス」だったと認め、機能を当面ロールバックしたと社内投稿で説明した。 /   scope: Meta社内テストの人間コンシェルジュ機能 /   conditions: 適切な開示なしで契約スタッフが電話を担当していたテスト /   date_or_period: 2026年9月22日まで /   notes_for_writer: 「サービス全体を停止した」とは書かない。ロールバック対象は人間コンシェルジュ機能として扱う。 ([channelnewsasia.com](https://www.channelnewsasia.com/business/exclusive-meta-testing-human-concierge-its-new-personal-ai-agent-muse-6402946)) / ,True,False,ACCEPTABLE,,ACCEPTABLE,UNLABELED,UNLABELED,,,
meta_run03_standard,3,"Some calls through Meta’s AI assistant were actually handled by humans, but users were not properly told.",MUSE-HC-012,[VERIFIED] MUSE-HC-012: MetaのSuperintelligence Labs部門の副社長は、適切な開示なしに契約スタッフが電話をかけるテストを開始したことを「ミス」だったと認め、機能を当面ロールバックしたと社内投稿で説明した。 /   scope: Meta社内テストの人間コンシェルジュ機能 /   conditions: 適切な開示なしで契約スタッフが電話を担当していたテスト /   date_or_period: 2026年9月22日まで /   notes_for_writer: 「サービス全体を停止した」とは書かない。ロールバック対象は人間コンシェルジュ機能として扱う。 ([channelnewsasia.com](https://www.channelnewsasia.com/business/exclusive-meta-testing-human-concierge-its-new-personal-ai-agent-muse-6402946)) / ,True,False,QUALITY,,QUALITY,UNLABELED,UNLABELED,,,
neg1_meta_b3prod_a2,1,# We Thought It Was AI—But There Was a Person Inside Meta’s Muse,MUSE-HC-006,[VERIFIED] MUSE-HC-006: MetaはMuse経由の電話の一部について、AIではなく訓練を受けた人間の契約スタッフが電話をかけ、相手とのやり取りを完了させる「human concierge」「human agent calls」のテストを実施した。 /   scope: Muse経由で発信された電話の一部 /   conditions: Museから人間の訓練済みエージェントへ依頼が引き渡されるテスト条件 /   date_or_period: 2026年9月中旬 /   notes_for_writer: 全ての電話を人間が担当したとは書かない。「一部の電話」「テスト」と限定する。 ([channelnewsasia.com](https://www.channelnewsasia.com/business/exclusive-meta-testing-human-concierge-its-new-personal-ai-agent-muse-6402946)) / ,True,False,QUALITY,,QUALITY,UNLABELED,UNLABELED,UNLABELED,,
neg1_meta_b3prod_a2,1,"Ring, ring.",MUSE-HC-004,[VERIFIED] MUSE-HC-004: Museの電話機能では、ユーザーが米国内の企業・店舗へ電話をかけるよう指示し、散髪の予約、在庫確認、業者からの見積もり取得などを依頼できるとReutersが報じた。 /   scope: 米国内の企業・店舗への発信 /   conditions: Museの電話機能が利用可能なユーザー /   date_or_period: 2026年9月中旬までに公開・展開 /   notes_for_writer: Reuters報道の転載。Meta公式発表ページでは電話機能の詳細までは確認できない。 ([channelnewsasia.com](https://www.channelnewsasia.com/business/exclusive-meta-testing-human-concierge-its-new-personal-ai-agent-muse-6402946)) / ,True,False,QUALITY,,QUALITY,UNLABELED,UNLABELED,UNLABELED,,
neg1_meta_b3prod_a2,1,A call seemed to come from an AI agent.,MUSE-HC-006,[VERIFIED] MUSE-HC-006: MetaはMuse経由の電話の一部について、AIではなく訓練を受けた人間の契約スタッフが電話をかけ、相手とのやり取りを完了させる「human concierge」「human agent calls」のテストを実施した。 /   scope: Muse経由で発信された電話の一部 /   conditions: Museから人間の訓練済みエージェントへ依頼が引き渡されるテスト条件 /   date_or_period: 2026年9月中旬 /   notes_for_writer: 全ての電話を人間が担当したとは書かない。「一部の電話」「テスト」と限定する。 ([channelnewsasia.com](https://www.channelnewsasia.com/business/exclusive-meta-testing-human-concierge-its-new-personal-ai-agent-muse-6402946)) / ,True,False,QUALITY,,QUALITY,UNLABELED,UNLABELED,UNLABELED,,
neg1_meta_b3prod_a2,1,"But as the conversation went on, the voice was not AI at all.",MUSE-HC-006,[VERIFIED] MUSE-HC-006: MetaはMuse経由の電話の一部について、AIではなく訓練を受けた人間の契約スタッフが電話をかけ、相手とのやり取りを完了させる「human concierge」「human agent calls」のテストを実施した。 /   scope: Muse経由で発信された電話の一部 /   conditions: Museから人間の訓練済みエージェントへ依頼が引き渡されるテスト条件 /   date_or_period: 2026年9月中旬 /   notes_for_writer: 全ての電話を人間が担当したとは書かない。「一部の電話」「テスト」と限定する。 ([channelnewsasia.com](https://www.channelnewsasia.com/business/exclusive-meta-testing-human-concierge-its-new-personal-ai-agent-muse-6402946)) / ,True,False,QUALITY,deterministic_floor:changed_time,BLOCKING,UNLABELED,UNDECIDABLE,UNLABELED,rca_22_sonnet_guess,
neg1_meta_b3prod_a2,1,It was a person.,MUSE-HC-006,[VERIFIED] MUSE-HC-006: MetaはMuse経由の電話の一部について、AIではなく訓練を受けた人間の契約スタッフが電話をかけ、相手とのやり取りを完了させる「human concierge」「human agent calls」のテストを実施した。 /   scope: Muse経由で発信された電話の一部 /   conditions: Museから人間の訓練済みエージェントへ依頼が引き渡されるテスト条件 /   date_or_period: 2026年9月中旬 /   notes_for_writer: 全ての電話を人間が担当したとは書かない。「一部の電話」「テスト」と限定する。 ([channelnewsasia.com](https://www.channelnewsasia.com/business/exclusive-meta-testing-human-concierge-its-new-personal-ai-agent-muse-6402946)) / ,True,False,ACCEPTABLE,,ACCEPTABLE,UNLABELED,UNLABELED,UNLABELED,,
neg1_meta_b3prod_a2,1,Meta had run a test that caused exactly this surprise.,MUSE-HC-006,[VERIFIED] MUSE-HC-006: MetaはMuse経由の電話の一部について、AIではなく訓練を受けた人間の契約スタッフが電話をかけ、相手とのやり取りを完了させる「human concierge」「human agent calls」のテストを実施した。 /   scope: Muse経由で発信された電話の一部 /   conditions: Museから人間の訓練済みエージェントへ依頼が引き渡されるテスト条件 /   date_or_period: 2026年9月中旬 /   notes_for_writer: 全ての電話を人間が担当したとは書かない。「一部の電話」「テスト」と限定する。 ([channelnewsasia.com](https://www.channelnewsasia.com/business/exclusive-meta-testing-human-concierge-its-new-personal-ai-agent-muse-6402946)) / ,True,False,QUALITY,,QUALITY,UNLABELED,UNLABELED,UNLABELED,,
neg1_meta_b3prod_a2,1,"In some calls through Muse, trained contract workers made the calls, not AI.",MUSE-HC-006,[VERIFIED] MUSE-HC-006: MetaはMuse経由の電話の一部について、AIではなく訓練を受けた人間の契約スタッフが電話をかけ、相手とのやり取りを完了させる「human concierge」「human agent calls」のテストを実施した。 /   scope: Muse経由で発信された電話の一部 /   conditions: Museから人間の訓練済みエージェントへ依頼が引き渡されるテスト条件 /   date_or_period: 2026年9月中旬 /   notes_for_writer: 全ての電話を人間が担当したとは書かない。「一部の電話」「テスト」と限定する。 ([channelnewsasia.com](https://www.channelnewsasia.com/business/exclusive-meta-testing-human-concierge-its-new-personal-ai-agent-muse-6402946)) / ,False,True,ACCEPTABLE,,ACCEPTABLE,UNLABELED,UNLABELED,UNLABELED,,
neg1_meta_b3prod_a2,1,It was like someone took off an AI costume.,MUSE-HC-006,[VERIFIED] MUSE-HC-006: MetaはMuse経由の電話の一部について、AIではなく訓練を受けた人間の契約スタッフが電話をかけ、相手とのやり取りを完了させる「human concierge」「human agent calls」のテストを実施した。 /   scope: Muse経由で発信された電話の一部 /   conditions: Museから人間の訓練済みエージェントへ依頼が引き渡されるテスト条件 /   date_or_period: 2026年9月中旬 /   notes_for_writer: 全ての電話を人間が担当したとは書かない。「一部の電話」「テスト」と限定する。 ([channelnewsasia.com](https://www.channelnewsasia.com/business/exclusive-meta-testing-human-concierge-its-new-personal-ai-agent-muse-6402946)) / ,True,False,ACCEPTABLE,,ACCEPTABLE,UNLABELED,UNLABELED,UNLABELED,,
neg1_meta_b3prod_a2,1,Then a person stepped out.,MUSE-HC-006,[VERIFIED] MUSE-HC-006: MetaはMuse経由の電話の一部について、AIではなく訓練を受けた人間の契約スタッフが電話をかけ、相手とのやり取りを完了させる「human concierge」「human agent calls」のテストを実施した。 /   scope: Muse経由で発信された電話の一部 /   conditions: Museから人間の訓練済みエージェントへ依頼が引き渡されるテスト条件 /   date_or_period: 2026年9月中旬 /   notes_for_writer: 全ての電話を人間が担当したとは書かない。「一部の電話」「テスト」と限定する。 ([channelnewsasia.com](https://www.channelnewsasia.com/business/exclusive-meta-testing-human-concierge-its-new-personal-ai-agent-muse-6402946)) / ,True,False,ACCEPTABLE,,ACCEPTABLE,UNLABELED,UNLABELED,UNLABELED,,
neg1_meta_b3prod_a2,1,Having a person take over is not always a bad thing.,MUSE-HC-006,[VERIFIED] MUSE-HC-006: MetaはMuse経由の電話の一部について、AIではなく訓練を受けた人間の契約スタッフが電話をかけ、相手とのやり取りを完了させる「human concierge」「human agent calls」のテストを実施した。 /   scope: Muse経由で発信された電話の一部 /   conditions: Museから人間の訓練済みエージェントへ依頼が引き渡されるテスト条件 /   date_or_period: 2026年9月中旬 /   notes_for_writer: 全ての電話を人間が担当したとは書かない。「一部の電話」「テスト」と限定する。 ([channelnewsasia.com](https://www.channelnewsasia.com/business/exclusive-meta-testing-human-concierge-its-new-personal-ai-agent-muse-6402946)) / ,True,False,ACCEPTABLE,,ACCEPTABLE,UNLABELED,UNLABELED,UNLABELED,,
neg1_meta_b3prod_a2,1,A human can handle situations that AI alone finds difficult.,MUSE-HC-008,[VERIFIED] MUSE-HC-008: Metaの社内投稿では、人間が電話を担当した一部テストで、成功率が95〜98%に達する可能性が示された。一方、AIだけで電話をかけた場合の成功率は、それより低いとされたが、具体的な数値は示されていない。 /   scope: 人間が電話を担当した一部テスト /   conditions: 成功率の定義、サンプル数、比較対象、測定方法は公開されていない /   numeric_value: 95%〜98% (numeric_scope: 人間が電話を担当した一部テストの成功率) /   date_or_period: 2026年9月時点の社内テスト /   causal_strength: OBSERVED_REPORTED /   notes_for_writer: 「人間の方が95〜98%で成功した」と一般化しない。「一部テストで95〜98%の範囲が示された」と書く。因果関係や統計的有意性は確認できない。 ([channelnewsasia.com](https://www.channelnewsasia.com/business/exclusive-meta-testing-human-concierge-its-new-personal-ai-agent-muse-6402946)) / ,True,False,ACCEPTABLE,deterministic_floor:changed_comparison,BLOCKING,UNLABELED,UNDECIDABLE,UNLABELED,rca_22_sonnet_guess,
neg1_meta_b3prod_a2,1,"As a system, this may even be useful.",MUSE-HC-006,[VERIFIED] MUSE-HC-006: MetaはMuse経由の電話の一部について、AIではなく訓練を受けた人間の契約スタッフが電話をかけ、相手とのやり取りを完了させる「human concierge」「human agent calls」のテストを実施した。 /   scope: Muse経由で発信された電話の一部 /   conditions: Museから人間の訓練済みエージェントへ依頼が引き渡されるテスト条件 /   date_or_period: 2026年9月中旬 /   notes_for_writer: 全ての電話を人間が担当したとは書かない。「一部の電話」「テスト」と限定する。 ([channelnewsasia.com](https://www.channelnewsasia.com/business/exclusive-meta-testing-human-concierge-its-new-personal-ai-agent-muse-6402946)) / ,True,False,ACCEPTABLE,,ACCEPTABLE,UNLABELED,UNLABELED,UNLABELED,,
neg1_meta_b3prod_a2,1,But this was where the problem began.,MUSE-HC-010,[VERIFIED] MUSE-HC-010: Meta従業員は、人間の契約スタッフが電話を担当すると、電話中にユーザーの機微情報がコールセンターの契約スタッフへ意図せず共有される可能性があるとして、社内でプライバシー上の懸念を示した。 /   scope: 人間の契約スタッフがMuse経由の電話を担当するテスト /   conditions: 電話の遂行にユーザー情報が必要となる場合 /   date_or_period: 2026年9月中旬〜2026年9月22日 /   causal_strength: OBSERVED_REPORTED /   notes_for_writer: 懸念の存在を示す事実。実際の大規模な情報漏えいが発生したと断定しない。 ([channelnewsasia.com](https://www.channelnewsasia.com/business/exclusive-meta-testing-human-concierge-its-new-personal-ai-agent-muse-6402946)) / ,True,False,ACCEPTABLE,deterministic_floor:changed_time,BLOCKING,UNLABELED,N,UNLABELED,rca_22_sonnet_guess,
neg1_meta_b3prod_a2,1,It is one thing to speak because you think a machine is listening.,MUSE-HC-010,[VERIFIED] MUSE-HC-010: Meta従業員は、人間の契約スタッフが電話を担当すると、電話中にユーザーの機微情報がコールセンターの契約スタッフへ意図せず共有される可能性があるとして、社内でプライバシー上の懸念を示した。 /   scope: 人間の契約スタッフがMuse経由の電話を担当するテスト /   conditions: 電話の遂行にユーザー情報が必要となる場合 /   date_or_period: 2026年9月中旬〜2026年9月22日 /   causal_strength: OBSERVED_REPORTED /   notes_for_writer: 懸念の存在を示す事実。実際の大規模な情報漏えいが発生したと断定しない。 ([channelnewsasia.com](https://www.channelnewsasia.com/business/exclusive-meta-testing-human-concierge-its-new-personal-ai-agent-muse-6402946)) / ,True,False,ACCEPTABLE,,ACCEPTABLE,UNLABELED,UNLABELED,UNLABELED,,
neg1_meta_b3prod_a2,1,It is another when you know a person is listening.,MUSE-HC-010,[VERIFIED] MUSE-HC-010: Meta従業員は、人間の契約スタッフが電話を担当すると、電話中にユーザーの機微情報がコールセンターの契約スタッフへ意図せず共有される可能性があるとして、社内でプライバシー上の懸念を示した。 /   scope: 人間の契約スタッフがMuse経由の電話を担当するテスト /   conditions: 電話の遂行にユーザー情報が必要となる場合 /   date_or_period: 2026年9月中旬〜2026年9月22日 /   causal_strength: OBSERVED_REPORTED /   notes_for_writer: 懸念の存在を示す事実。実際の大規模な情報漏えいが発生したと断定しない。 ([channelnewsasia.com](https://www.channelnewsasia.com/business/exclusive-meta-testing-human-concierge-its-new-personal-ai-agent-muse-6402946)) / ,True,False,ACCEPTABLE,deterministic_floor:changed_comparison,BLOCKING,UNLABELED,N,UNLABELED,rca_22_sonnet_guess,
neg1_meta_b3prod_a2,1,"When people share their names, plans, or personal situations, it matters who listens.",MUSE-HC-010,[VERIFIED] MUSE-HC-010: Meta従業員は、人間の契約スタッフが電話を担当すると、電話中にユーザーの機微情報がコールセンターの契約スタッフへ意図せず共有される可能性があるとして、社内でプライバシー上の懸念を示した。 /   scope: 人間の契約スタッフがMuse経由の電話を担当するテスト /   conditions: 電話の遂行にユーザー情報が必要となる場合 /   date_or_period: 2026年9月中旬〜2026年9月22日 /   causal_strength: OBSERVED_REPORTED /   notes_for_writer: 懸念の存在を示す事実。実際の大規模な情報漏えいが発生したと断定しない。 ([channelnewsasia.com](https://www.channelnewsasia.com/business/exclusive-meta-testing-human-concierge-its-new-personal-ai-agent-muse-6402946)) / ,True,False,ACCEPTABLE,,ACCEPTABLE,UNLABELED,UNLABELED,UNLABELED,,
neg1_meta_b3prod_a2,1,### The hidden person behind the AI sign,MUSE-HC-006,[VERIFIED] MUSE-HC-006: MetaはMuse経由の電話の一部について、AIではなく訓練を受けた人間の契約スタッフが電話をかけ、相手とのやり取りを完了させる「human concierge」「human agent calls」のテストを実施した。 /   scope: Muse経由で発信された電話の一部 /   conditions: Museから人間の訓練済みエージェントへ依頼が引き渡されるテスト条件 /   date_or_period: 2026年9月中旬 /   notes_for_writer: 全ての電話を人間が担当したとは書かない。「一部の電話」「テスト」と限定する。 ([channelnewsasia.com](https://www.channelnewsasia.com/business/exclusive-meta-testing-human-concierge-its-new-personal-ai-agent-muse-6402946)) / ,True,False,ACCEPTABLE,,ACCEPTABLE,UNLABELED,UNLABELED,UNLABELED,,
neg1_meta_b3prod_a2,1,Here was the reveal.,MUSE-HC-012,[VERIFIED] MUSE-HC-012: MetaのSuperintelligence Labs部門の副社長は、適切な開示なしに契約スタッフが電話をかけるテストを開始したことを「ミス」だったと認め、機能を当面ロールバックしたと社内投稿で説明した。 /   scope: Meta社内テストの人間コンシェルジュ機能 /   conditions: 適切な開示なしで契約スタッフが電話を担当していたテスト /   date_or_period: 2026年9月22日まで /   notes_for_writer: 「サービス全体を停止した」とは書かない。ロールバック対象は人間コンシェルジュ機能として扱う。 ([channelnewsasia.com](https://www.channelnewsasia.com/business/exclusive-meta-testing-human-concierge-its-new-personal-ai-agent-muse-6402946)) / ,True,False,ACCEPTABLE,,ACCEPTABLE,UNLABELED,UNLABELED,,,
neg1_meta_b3prod_a2,1,"A user might think the exchange was with AI, even though a person was involved.",MUSE-HC-012,[VERIFIED] MUSE-HC-012: MetaのSuperintelligence Labs部門の副社長は、適切な開示なしに契約スタッフが電話をかけるテストを開始したことを「ミス」だったと認め、機能を当面ロールバックしたと社内投稿で説明した。 /   scope: Meta社内テストの人間コンシェルジュ機能 /   conditions: 適切な開示なしで契約スタッフが電話を担当していたテスト /   date_or_period: 2026年9月22日まで /   notes_for_writer: 「サービス全体を停止した」とは書かない。ロールバック対象は人間コンシェルジュ機能として扱う。 ([channelnewsasia.com](https://www.channelnewsasia.com/business/exclusive-meta-testing-human-concierge-its-new-personal-ai-agent-muse-6402946)) / ,True,False,ACCEPTABLE,,ACCEPTABLE,UNLABELED,UNLABELED,,,
neg1_meta_b3prod_a2,1,AI had not learned to speak like a human.,MUSE-HC-006,[VERIFIED] MUSE-HC-006: MetaはMuse経由の電話の一部について、AIではなく訓練を受けた人間の契約スタッフが電話をかけ、相手とのやり取りを完了させる「human concierge」「human agent calls」のテストを実施した。 /   scope: Muse経由で発信された電話の一部 /   conditions: Museから人間の訓練済みエージェントへ依頼が引き渡されるテスト条件 /   date_or_period: 2026年9月中旬 /   notes_for_writer: 全ての電話を人間が担当したとは書かない。「一部の電話」「テスト」と限定する。 ([channelnewsasia.com](https://www.channelnewsasia.com/business/exclusive-meta-testing-human-concierge-its-new-personal-ai-agent-muse-6402946)) / ,True,False,ACCEPTABLE,,ACCEPTABLE,UNLABELED,UNLABELED,UNLABELED,,
neg1_meta_b3prod_a2,1,A human stood behind the sign that said AI.,MUSE-HC-006,[VERIFIED] MUSE-HC-006: MetaはMuse経由の電話の一部について、AIではなく訓練を受けた人間の契約スタッフが電話をかけ、相手とのやり取りを完了させる「human concierge」「human agent calls」のテストを実施した。 /   scope: Muse経由で発信された電話の一部 /   conditions: Museから人間の訓練済みエージェントへ依頼が引き渡されるテスト条件 /   date_or_period: 2026年9月中旬 /   notes_for_writer: 全ての電話を人間が担当したとは書かない。「一部の電話」「テスト」と限定する。 ([channelnewsasia.com](https://www.channelnewsasia.com/business/exclusive-meta-testing-human-concierge-its-new-personal-ai-agent-muse-6402946)) / ,True,False,ACCEPTABLE,,ACCEPTABLE,UNLABELED,UNLABELED,UNLABELED,,
neg1_meta_b3prod_a2,1,It seemed like a story from the future.,,,True,False,ACCEPTABLE,,ACCEPTABLE,UNLABELED,UNLABELED,,,
neg1_meta_b3prod_a2,1,But the main question was very basic: Had users been clearly told who was making the call?,MUSE-HC-012,[VERIFIED] MUSE-HC-012: MetaのSuperintelligence Labs部門の副社長は、適切な開示なしに契約スタッフが電話をかけるテストを開始したことを「ミス」だったと認め、機能を当面ロールバックしたと社内投稿で説明した。 /   scope: Meta社内テストの人間コンシェルジュ機能 /   conditions: 適切な開示なしで契約スタッフが電話を担当していたテスト /   date_or_period: 2026年9月22日まで /   notes_for_writer: 「サービス全体を停止した」とは書かない。ロールバック対象は人間コンシェルジュ機能として扱う。 ([channelnewsasia.com](https://www.channelnewsasia.com/business/exclusive-meta-testing-human-concierge-its-new-personal-ai-agent-muse-6402946)) / ,False,True,ACCEPTABLE,,ACCEPTABLE,UNLABELED,UNLABELED,,,
neg1_meta_b3prod_a2,1,"As AI becomes able to make calls or reservations for us, this question will become more familiar.",MUSE-HC-004,[VERIFIED] MUSE-HC-004: Museの電話機能では、ユーザーが米国内の企業・店舗へ電話をかけるよう指示し、散髪の予約、在庫確認、業者からの見積もり取得などを依頼できるとReutersが報じた。 /   scope: 米国内の企業・店舗への発信 /   conditions: Museの電話機能が利用可能なユーザー /   date_or_period: 2026年9月中旬までに公開・展開 /   notes_for_writer: Reuters報道の転載。Meta公式発表ページでは電話機能の詳細までは確認できない。 ([channelnewsasia.com](https://www.channelnewsasia.com/business/exclusive-meta-testing-human-concierge-its-new-personal-ai-agent-muse-6402946)) / ,True,False,ACCEPTABLE,deterministic_floor:changed_time,BLOCKING,UNLABELED,N,UNLABELED,rca_22_sonnet_guess,
neg1_meta_b3prod_a2,1,"The more useful the feature, the more people will want to know who is on the other side.",,,True,False,QUALITY,"deterministic_floor:changed_comparison,changed_time",BLOCKING,UNLABELED,N,,rca_22_sonnet_guess,
neg1_meta_b3prod_a2,1,They will want to know if it is AI or human.,,,True,False,QUALITY,deterministic_floor:changed_time,BLOCKING,UNLABELED,N,,rca_22_sonnet_guess,
neg1_meta_b3prod_a2,1,### Meta admits a mistake,MUSE-HC-012,[VERIFIED] MUSE-HC-012: MetaのSuperintelligence Labs部門の副社長は、適切な開示なしに契約スタッフが電話をかけるテストを開始したことを「ミス」だったと認め、機能を当面ロールバックしたと社内投稿で説明した。 /   scope: Meta社内テストの人間コンシェルジュ機能 /   conditions: 適切な開示なしで契約スタッフが電話を担当していたテスト /   date_or_period: 2026年9月22日まで /   notes_for_writer: 「サービス全体を停止した」とは書かない。ロールバック対象は人間コンシェルジュ機能として扱う。 ([channelnewsasia.com](https://www.channelnewsasia.com/business/exclusive-meta-testing-human-concierge-its-new-personal-ai-agent-muse-6402946)) / ,False,True,ACCEPTABLE,,ACCEPTABLE,UNLABELED,UNLABELED,,,
neg1_meta_b3prod_a2,1,A Meta executive admitted the mistake.,MUSE-HC-012,[VERIFIED] MUSE-HC-012: MetaのSuperintelligence Labs部門の副社長は、適切な開示なしに契約スタッフが電話をかけるテストを開始したことを「ミス」だったと認め、機能を当面ロールバックしたと社内投稿で説明した。 /   scope: Meta社内テストの人間コンシェルジュ機能 /   conditions: 適切な開示なしで契約スタッフが電話を担当していたテスト /   date_or_period: 2026年9月22日まで /   notes_for_writer: 「サービス全体を停止した」とは書かない。ロールバック対象は人間コンシェルジュ機能として扱う。 ([channelnewsasia.com](https://www.channelnewsasia.com/business/exclusive-meta-testing-human-concierge-its-new-personal-ai-agent-muse-6402946)) / ,False,True,ACCEPTABLE,,ACCEPTABLE,UNLABELED,UNLABELED,,,
neg1_meta_b3prod_a2,1,"For now, Meta has pulled back the human concierge feature.",MUSE-HC-012,[VERIFIED] MUSE-HC-012: MetaのSuperintelligence Labs部門の副社長は、適切な開示なしに契約スタッフが電話をかけるテストを開始したことを「ミス」だったと認め、機能を当面ロールバックしたと社内投稿で説明した。 /   scope: Meta社内テストの人間コンシェルジュ機能 /   conditions: 適切な開示なしで契約スタッフが電話を担当していたテスト /   date_or_period: 2026年9月22日まで /   notes_for_writer: 「サービス全体を停止した」とは書かない。ロールバック対象は人間コンシェルジュ機能として扱う。 ([channelnewsasia.com](https://www.channelnewsasia.com/business/exclusive-meta-testing-human-concierge-its-new-personal-ai-agent-muse-6402946)) / ,False,True,ACCEPTABLE,,ACCEPTABLE,UNLABELED,UNLABELED,,,
neg1_meta_b3prod_a2,1,"In the AI age, technology that makes a voice sound human is not enough.",,,True,False,ACCEPTABLE,,ACCEPTABLE,UNLABELED,UNLABELED,,,
neg1_meta_b3prod_a2,1,"We must also know, at the start, who is on the other end.",MUSE-HC-012,[VERIFIED] MUSE-HC-012: MetaのSuperintelligence Labs部門の副社長は、適切な開示なしに契約スタッフが電話をかけるテストを開始したことを「ミス」だったと認め、機能を当面ロールバックしたと社内投稿で説明した。 /   scope: Meta社内テストの人間コンシェルジュ機能 /   conditions: 適切な開示なしで契約スタッフが電話を担当していたテスト /   date_or_period: 2026年9月22日まで /   notes_for_writer: 「サービス全体を停止した」とは書かない。ロールバック対象は人間コンシェルジュ機能として扱う。 ([channelnewsasia.com](https://www.channelnewsasia.com/business/exclusive-meta-testing-human-concierge-its-new-personal-ai-agent-muse-6402946)) / ,True,False,ACCEPTABLE,,ACCEPTABLE,UNLABELED,UNLABELED,,,
neg1_meta_b3prod_a2,1,"Before AI speaks for us, we need to know whether the voice belongs to AI or a person.",MUSE-HC-012,[VERIFIED] MUSE-HC-012: MetaのSuperintelligence Labs部門の副社長は、適切な開示なしに契約スタッフが電話をかけるテストを開始したことを「ミス」だったと認め、機能を当面ロールバックしたと社内投稿で説明した。 /   scope: Meta社内テストの人間コンシェルジュ機能 /   conditions: 適切な開示なしで契約スタッフが電話を担当していたテスト /   date_or_period: 2026年9月22日まで /   notes_for_writer: 「サービス全体を停止した」とは書かない。ロールバック対象は人間コンシェルジュ機能として扱う。 ([channelnewsasia.com](https://www.channelnewsasia.com/business/exclusive-meta-testing-human-concierge-its-new-personal-ai-agent-muse-6402946)) / ,True,False,ACCEPTABLE,,ACCEPTABLE,UNLABELED,UNLABELED,,,
neg1_meta_b3prod_a2,1,The test began without clearly telling users that contract workers would make the calls.,MUSE-HC-006,[VERIFIED] MUSE-HC-006: MetaはMuse経由の電話の一部について、AIではなく訓練を受けた人間の契約スタッフが電話をかけ、相手とのやり取りを完了させる「human concierge」「human agent calls」のテストを実施した。 /   scope: Muse経由で発信された電話の一部 /   conditions: Museから人間の訓練済みエージェントへ依頼が引き渡されるテスト条件 /   date_or_period: 2026年9月中旬 /   notes_for_writer: 全ての電話を人間が担当したとは書かない。「一部の電話」「テスト」と限定する。 ([channelnewsasia.com](https://www.channelnewsasia.com/business/exclusive-meta-testing-human-concierge-its-new-personal-ai-agent-muse-6402946)) / ,,,ACCEPTABLE,,ACCEPTABLE,UNLABELED,UNLABELED,UNLABELED,,
neg1_meta_b3prod_a2,2,"But as the conversation went on, the voice may have been human.",MUSE-HC-006,[VERIFIED] MUSE-HC-006: MetaはMuse経由の電話の一部について、AIではなく訓練を受けた人間の契約スタッフが電話をかけ、相手とのやり取りを完了させる「human concierge」「human agent calls」のテストを実施した。 /   scope: Muse経由で発信された電話の一部 /   conditions: Museから人間の訓練済みエージェントへ依頼が引き渡されるテスト条件 /   date_or_period: 2026年9月中旬 /   notes_for_writer: 全ての電話を人間が担当したとは書かない。「一部の電話」「テスト」と限定する。 ([channelnewsasia.com](https://www.channelnewsasia.com/business/exclusive-meta-testing-human-concierge-its-new-personal-ai-agent-muse-6402946)) / ,,,ACCEPTABLE,,ACCEPTABLE,UNLABELED,UNLABELED,,,
neg1_meta_b3prod_a2,2,And this was where the concern began.,MUSE-HC-010,[VERIFIED] MUSE-HC-010: Meta従業員は、人間の契約スタッフが電話を担当すると、電話中にユーザーの機微情報がコールセンターの契約スタッフへ意図せず共有される可能性があるとして、社内でプライバシー上の懸念を示した。 /   scope: 人間の契約スタッフがMuse経由の電話を担当するテスト /   conditions: 電話の遂行にユーザー情報が必要となる場合 /   date_or_period: 2026年9月中旬〜2026年9月22日 /   causal_strength: OBSERVED_REPORTED /   notes_for_writer: 懸念の存在を示す事実。実際の大規模な情報漏えいが発生したと断定しない。 ([channelnewsasia.com](https://www.channelnewsasia.com/business/exclusive-meta-testing-human-concierge-its-new-personal-ai-agent-muse-6402946)) / ,,,ACCEPTABLE,deterministic_floor:changed_time,BLOCKING,UNLABELED,N,UNLABELED,rca_22_sonnet_guess,
neg1_meta_b3prod_a2,2,People will want to know who is on the other side.,,,,,ACCEPTABLE,,ACCEPTABLE,UNLABELED,N,,rca_22_sonnet_guess,
neg1_meta_b3prod_a2,2,A human staff member might handle the call.,MUSE-HC-006,[VERIFIED] MUSE-HC-006: MetaはMuse経由の電話の一部について、AIではなく訓練を受けた人間の契約スタッフが電話をかけ、相手とのやり取りを完了させる「human concierge」「human agent calls」のテストを実施した。 /   scope: Muse経由で発信された電話の一部 /   conditions: Museから人間の訓練済みエージェントへ依頼が引き渡されるテスト条件 /   date_or_period: 2026年9月中旬 /   notes_for_writer: 全ての電話を人間が担当したとは書かない。「一部の電話」「テスト」と限定する。 ([channelnewsasia.com](https://www.channelnewsasia.com/business/exclusive-meta-testing-human-concierge-its-new-personal-ai-agent-muse-6402946)) / ,,,ACCEPTABLE,,ACCEPTABLE,UNLABELED,UNLABELED,,,
neg1_meta_b3prod_a2,2,People will want to know who is on the other side.,,,,,ACCEPTABLE,"deterministic_floor:changed_comparison,changed_time",BLOCKING,UNLABELED,N,,rca_22_sonnet_guess,
neg1_meta_b3prod_a2,2,A call seemed to come from an AI agent.,MUSE-HC-006,[VERIFIED] MUSE-HC-006: MetaはMuse経由の電話の一部について、AIではなく訓練を受けた人間の契約スタッフが電話をかけ、相手とのやり取りを完了させる「human concierge」「human agent calls」のテストを実施した。 /   scope: Muse経由で発信された電話の一部 /   conditions: Museから人間の訓練済みエージェントへ依頼が引き渡されるテスト条件 /   date_or_period: 2026年9月中旬 /   notes_for_writer: 全ての電話を人間が担当したとは書かない。「一部の電話」「テスト」と限定する。 ([channelnewsasia.com](https://www.channelnewsasia.com/business/exclusive-meta-testing-human-concierge-its-new-personal-ai-agent-muse-6402946)) / ,True,False,QUALITY,,QUALITY,UNLABELED,UNLABELED,,,
neg1_meta_b3prod_a2,2,It was a person.,MUSE-HC-006,[VERIFIED] MUSE-HC-006: MetaはMuse経由の電話の一部について、AIではなく訓練を受けた人間の契約スタッフが電話をかけ、相手とのやり取りを完了させる「human concierge」「human agent calls」のテストを実施した。 /   scope: Muse経由で発信された電話の一部 /   conditions: Museから人間の訓練済みエージェントへ依頼が引き渡されるテスト条件 /   date_or_period: 2026年9月中旬 /   notes_for_writer: 全ての電話を人間が担当したとは書かない。「一部の電話」「テスト」と限定する。 ([channelnewsasia.com](https://www.channelnewsasia.com/business/exclusive-meta-testing-human-concierge-its-new-personal-ai-agent-muse-6402946)) / ,True,False,ACCEPTABLE,,ACCEPTABLE,UNLABELED,UNLABELED,,,
neg1_meta_b3prod_a2,2,Then a person stepped out.,MUSE-HC-006,[VERIFIED] MUSE-HC-006: MetaはMuse経由の電話の一部について、AIではなく訓練を受けた人間の契約スタッフが電話をかけ、相手とのやり取りを完了させる「human concierge」「human agent calls」のテストを実施した。 /   scope: Muse経由で発信された電話の一部 /   conditions: Museから人間の訓練済みエージェントへ依頼が引き渡されるテスト条件 /   date_or_period: 2026年9月中旬 /   notes_for_writer: 全ての電話を人間が担当したとは書かない。「一部の電話」「テスト」と限定する。 ([channelnewsasia.com](https://www.channelnewsasia.com/business/exclusive-meta-testing-human-concierge-its-new-personal-ai-agent-muse-6402946)) / ,True,False,ACCEPTABLE,,ACCEPTABLE,UNLABELED,UNLABELED,,,
neg1_meta_b3prod_a2,2,Having a person take over is not always a bad thing.,MUSE-HC-006,[VERIFIED] MUSE-HC-006: MetaはMuse経由の電話の一部について、AIではなく訓練を受けた人間の契約スタッフが電話をかけ、相手とのやり取りを完了させる「human concierge」「human agent calls」のテストを実施した。 /   scope: Muse経由で発信された電話の一部 /   conditions: Museから人間の訓練済みエージェントへ依頼が引き渡されるテスト条件 /   date_or_period: 2026年9月中旬 /   notes_for_writer: 全ての電話を人間が担当したとは書かない。「一部の電話」「テスト」と限定する。 ([channelnewsasia.com](https://www.channelnewsasia.com/business/exclusive-meta-testing-human-concierge-its-new-personal-ai-agent-muse-6402946)) / ,True,False,ACCEPTABLE,,ACCEPTABLE,UNLABELED,UNLABELED,,,
neg1_meta_b3prod_a2,2,"As a system, this may even be useful.",MUSE-HC-006,[VERIFIED] MUSE-HC-006: MetaはMuse経由の電話の一部について、AIではなく訓練を受けた人間の契約スタッフが電話をかけ、相手とのやり取りを完了させる「human concierge」「human agent calls」のテストを実施した。 /   scope: Muse経由で発信された電話の一部 /   conditions: Museから人間の訓練済みエージェントへ依頼が引き渡されるテスト条件 /   date_or_period: 2026年9月中旬 /   notes_for_writer: 全ての電話を人間が担当したとは書かない。「一部の電話」「テスト」と限定する。 ([channelnewsasia.com](https://www.channelnewsasia.com/business/exclusive-meta-testing-human-concierge-its-new-personal-ai-agent-muse-6402946)) / ,True,False,ACCEPTABLE,,ACCEPTABLE,UNLABELED,UNLABELED,,,
neg1_meta_b3prod_a2,2,It is one thing to speak because you think a machine is listening.,MUSE-HC-010,[VERIFIED] MUSE-HC-010: Meta従業員は、人間の契約スタッフが電話を担当すると、電話中にユーザーの機微情報がコールセンターの契約スタッフへ意図せず共有される可能性があるとして、社内でプライバシー上の懸念を示した。 /   scope: 人間の契約スタッフがMuse経由の電話を担当するテスト /   conditions: 電話の遂行にユーザー情報が必要となる場合 /   date_or_period: 2026年9月中旬〜2026年9月22日 /   causal_strength: OBSERVED_REPORTED /   notes_for_writer: 懸念の存在を示す事実。実際の大規模な情報漏えいが発生したと断定しない。 ([channelnewsasia.com](https://www.channelnewsasia.com/business/exclusive-meta-testing-human-concierge-its-new-personal-ai-agent-muse-6402946)) / ,True,False,ACCEPTABLE,,ACCEPTABLE,UNLABELED,UNLABELED,UNLABELED,,
neg1_meta_b3prod_a2,2,"When people share their names, plans, or personal situations, it matters who listens.",MUSE-HC-010,[VERIFIED] MUSE-HC-010: Meta従業員は、人間の契約スタッフが電話を担当すると、電話中にユーザーの機微情報がコールセンターの契約スタッフへ意図せず共有される可能性があるとして、社内でプライバシー上の懸念を示した。 /   scope: 人間の契約スタッフがMuse経由の電話を担当するテスト /   conditions: 電話の遂行にユーザー情報が必要となる場合 /   date_or_period: 2026年9月中旬〜2026年9月22日 /   causal_strength: OBSERVED_REPORTED /   notes_for_writer: 懸念の存在を示す事実。実際の大規模な情報漏えいが発生したと断定しない。 ([channelnewsasia.com](https://www.channelnewsasia.com/business/exclusive-meta-testing-human-concierge-its-new-personal-ai-agent-muse-6402946)) / ,True,False,ACCEPTABLE,,ACCEPTABLE,UNLABELED,UNLABELED,UNLABELED,,
neg1_meta_b3prod_a2,2,### The hidden person behind the AI sign,MUSE-HC-006,[VERIFIED] MUSE-HC-006: MetaはMuse経由の電話の一部について、AIではなく訓練を受けた人間の契約スタッフが電話をかけ、相手とのやり取りを完了させる「human concierge」「human agent calls」のテストを実施した。 /   scope: Muse経由で発信された電話の一部 /   conditions: Museから人間の訓練済みエージェントへ依頼が引き渡されるテスト条件 /   date_or_period: 2026年9月中旬 /   notes_for_writer: 全ての電話を人間が担当したとは書かない。「一部の電話」「テスト」と限定する。 ([channelnewsasia.com](https://www.channelnewsasia.com/business/exclusive-meta-testing-human-concierge-its-new-personal-ai-agent-muse-6402946)) / ,True,False,ACCEPTABLE,,ACCEPTABLE,UNLABELED,UNLABELED,,,
neg1_meta_b3prod_a2,2,But the main question was very basic: Had users been clearly told who was making the call?,MUSE-HC-012,[VERIFIED] MUSE-HC-012: MetaのSuperintelligence Labs部門の副社長は、適切な開示なしに契約スタッフが電話をかけるテストを開始したことを「ミス」だったと認め、機能を当面ロールバックしたと社内投稿で説明した。 /   scope: Meta社内テストの人間コンシェルジュ機能 /   conditions: 適切な開示なしで契約スタッフが電話を担当していたテスト /   date_or_period: 2026年9月22日まで /   notes_for_writer: 「サービス全体を停止した」とは書かない。ロールバック対象は人間コンシェルジュ機能として扱う。 ([channelnewsasia.com](https://www.channelnewsasia.com/business/exclusive-meta-testing-human-concierge-its-new-personal-ai-agent-muse-6402946)) / ,False,True,ACCEPTABLE,,ACCEPTABLE,UNLABELED,UNLABELED,,,
neg1_meta_b3prod_a2,2,### Meta admits a mistake,MUSE-HC-012,[VERIFIED] MUSE-HC-012: MetaのSuperintelligence Labs部門の副社長は、適切な開示なしに契約スタッフが電話をかけるテストを開始したことを「ミス」だったと認め、機能を当面ロールバックしたと社内投稿で説明した。 /   scope: Meta社内テストの人間コンシェルジュ機能 /   conditions: 適切な開示なしで契約スタッフが電話を担当していたテスト /   date_or_period: 2026年9月22日まで /   notes_for_writer: 「サービス全体を停止した」とは書かない。ロールバック対象は人間コンシェルジュ機能として扱う。 ([channelnewsasia.com](https://www.channelnewsasia.com/business/exclusive-meta-testing-human-concierge-its-new-personal-ai-agent-muse-6402946)) / ,False,True,ACCEPTABLE,,ACCEPTABLE,UNLABELED,UNLABELED,,,
neg1_meta_b3prod_a2,3,"As a system, this may even be useful.",MUSE-HC-006,[VERIFIED] MUSE-HC-006: MetaはMuse経由の電話の一部について、AIではなく訓練を受けた人間の契約スタッフが電話をかけ、相手とのやり取りを完了させる「human concierge」「human agent calls」のテストを実施した。 /   scope: Muse経由で発信された電話の一部 /   conditions: Museから人間の訓練済みエージェントへ依頼が引き渡されるテスト条件 /   date_or_period: 2026年9月中旬 /   notes_for_writer: 全ての電話を人間が担当したとは書かない。「一部の電話」「テスト」と限定する。 ([channelnewsasia.com](https://www.channelnewsasia.com/business/exclusive-meta-testing-human-concierge-its-new-personal-ai-agent-muse-6402946)) / ,True,False,ACCEPTABLE,,ACCEPTABLE,UNLABELED,UNLABELED,,,
neg1_meta_b3prod_a2,3,It seemed like a story from the future.,,,True,False,ACCEPTABLE,,ACCEPTABLE,UNLABELED,UNLABELED,,,
neg1_meta_b3prod_a2,3,But the main question was very basic: Had users been clearly told who was making the call?,MUSE-HC-012,[VERIFIED] MUSE-HC-012: MetaのSuperintelligence Labs部門の副社長は、適切な開示なしに契約スタッフが電話をかけるテストを開始したことを「ミス」だったと認め、機能を当面ロールバックしたと社内投稿で説明した。 /   scope: Meta社内テストの人間コンシェルジュ機能 /   conditions: 適切な開示なしで契約スタッフが電話を担当していたテスト /   date_or_period: 2026年9月22日まで /   notes_for_writer: 「サービス全体を停止した」とは書かない。ロールバック対象は人間コンシェルジュ機能として扱う。 ([channelnewsasia.com](https://www.channelnewsasia.com/business/exclusive-meta-testing-human-concierge-its-new-personal-ai-agent-muse-6402946)) / ,False,True,ACCEPTABLE,,ACCEPTABLE,UNLABELED,UNLABELED,,,
neg1_meta_b3prod_a2,3,### Meta admits a mistake,MUSE-HC-012,[VERIFIED] MUSE-HC-012: MetaのSuperintelligence Labs部門の副社長は、適切な開示なしに契約スタッフが電話をかけるテストを開始したことを「ミス」だったと認め、機能を当面ロールバックしたと社内投稿で説明した。 /   scope: Meta社内テストの人間コンシェルジュ機能 /   conditions: 適切な開示なしで契約スタッフが電話を担当していたテスト /   date_or_period: 2026年9月22日まで /   notes_for_writer: 「サービス全体を停止した」とは書かない。ロールバック対象は人間コンシェルジュ機能として扱う。 ([channelnewsasia.com](https://www.channelnewsasia.com/business/exclusive-meta-testing-human-concierge-its-new-personal-ai-agent-muse-6402946)) / ,False,True,ACCEPTABLE,,ACCEPTABLE,UNLABELED,UNLABELED,,,
neg1_meta_b3prod_a2,3,A Meta executive admitted the mistake.,MUSE-HC-012,[VERIFIED] MUSE-HC-012: MetaのSuperintelligence Labs部門の副社長は、適切な開示なしに契約スタッフが電話をかけるテストを開始したことを「ミス」だったと認め、機能を当面ロールバックしたと社内投稿で説明した。 /   scope: Meta社内テストの人間コンシェルジュ機能 /   conditions: 適切な開示なしで契約スタッフが電話を担当していたテスト /   date_or_period: 2026年9月22日まで /   notes_for_writer: 「サービス全体を停止した」とは書かない。ロールバック対象は人間コンシェルジュ機能として扱う。 ([channelnewsasia.com](https://www.channelnewsasia.com/business/exclusive-meta-testing-human-concierge-its-new-personal-ai-agent-muse-6402946)) / ,False,True,ACCEPTABLE,,ACCEPTABLE,UNLABELED,UNLABELED,,,
neg1_meta_b3prod_a2,3,A human staff member might handle the call.,MUSE-HC-006,[VERIFIED] MUSE-HC-006: MetaはMuse経由の電話の一部について、AIではなく訓練を受けた人間の契約スタッフが電話をかけ、相手とのやり取りを完了させる「human concierge」「human agent calls」のテストを実施した。 /   scope: Muse経由で発信された電話の一部 /   conditions: Museから人間の訓練済みエージェントへ依頼が引き渡されるテスト条件 /   date_or_period: 2026年9月中旬 /   notes_for_writer: 全ての電話を人間が担当したとは書かない。「一部の電話」「テスト」と限定する。 ([channelnewsasia.com](https://www.channelnewsasia.com/business/exclusive-meta-testing-human-concierge-its-new-personal-ai-agent-muse-6402946)) / ,,,ACCEPTABLE,,ACCEPTABLE,UNLABELED,UNLABELED,,,
neg1_meta_b3prod_a2,4,The test began without clearly telling users that contract workers would make the calls.,MUSE-HC-012,[VERIFIED] MUSE-HC-012: MetaのSuperintelligence Labs部門の副社長は、適切な開示なしに契約スタッフが電話をかけるテストを開始したことを「ミス」だったと認め、機能を当面ロールバックしたと社内投稿で説明した。 /   scope: Meta社内テストの人間コンシェルジュ機能 /   conditions: 適切な開示なしで契約スタッフが電話を担当していたテスト /   date_or_period: 2026年9月22日まで /   notes_for_writer: 「サービス全体を停止した」とは書かない。ロールバック対象は人間コンシェルジュ機能として扱う。 ([channelnewsasia.com](https://www.channelnewsasia.com/business/exclusive-meta-testing-human-concierge-its-new-personal-ai-agent-muse-6402946)) / ,,,ACCEPTABLE,,ACCEPTABLE,UNLABELED,UNLABELED,,,
neg1_meta_b3prod_a2,4,"A user might think the exchange was with AI, even though a person was involved.",MUSE-HC-006,[VERIFIED] MUSE-HC-006: MetaはMuse経由の電話の一部について、AIではなく訓練を受けた人間の契約スタッフが電話をかけ、相手とのやり取りを完了させる「human concierge」「human agent calls」のテストを実施した。 /   scope: Muse経由で発信された電話の一部 /   conditions: Museから人間の訓練済みエージェントへ依頼が引き渡されるテスト条件 /   date_or_period: 2026年9月中旬 /   notes_for_writer: 全ての電話を人間が担当したとは書かない。「一部の電話」「テスト」と限定する。 ([channelnewsasia.com](https://www.channelnewsasia.com/business/exclusive-meta-testing-human-concierge-its-new-personal-ai-agent-muse-6402946)) / ,True,False,ACCEPTABLE,,ACCEPTABLE,UNLABELED,UNLABELED,,,
neg1_meta_b3prod_a2,4,AI had not learned to speak like a human.,,,True,False,ACCEPTABLE,,ACCEPTABLE,UNLABELED,UNLABELED,,,
neg1_meta_b3prod_a2,4,The test had begun without clearly telling users.,MUSE-HC-012,[VERIFIED] MUSE-HC-012: MetaのSuperintelligence Labs部門の副社長は、適切な開示なしに契約スタッフが電話をかけるテストを開始したことを「ミス」だったと認め、機能を当面ロールバックしたと社内投稿で説明した。 /   scope: Meta社内テストの人間コンシェルジュ機能 /   conditions: 適切な開示なしで契約スタッフが電話を担当していたテスト /   date_or_period: 2026年9月22日まで /   notes_for_writer: 「サービス全体を停止した」とは書かない。ロールバック対象は人間コンシェルジュ機能として扱う。 ([channelnewsasia.com](https://www.channelnewsasia.com/business/exclusive-meta-testing-human-concierge-its-new-personal-ai-agent-muse-6402946)) / ,,,ACCEPTABLE,,ACCEPTABLE,UNLABELED,UNLABELED,,,
neg1_meta_b3prod_a2,4,# We Thought It Was AI—But There Was a Person Inside Meta’s Muse,MUSE-HC-006,[VERIFIED] MUSE-HC-006: MetaはMuse経由の電話の一部について、AIではなく訓練を受けた人間の契約スタッフが電話をかけ、相手とのやり取りを完了させる「human concierge」「human agent calls」のテストを実施した。 /   scope: Muse経由で発信された電話の一部 /   conditions: Museから人間の訓練済みエージェントへ依頼が引き渡されるテスト条件 /   date_or_period: 2026年9月中旬 /   notes_for_writer: 全ての電話を人間が担当したとは書かない。「一部の電話」「テスト」と限定する。 ([channelnewsasia.com](https://www.channelnewsasia.com/business/exclusive-meta-testing-human-concierge-its-new-personal-ai-agent-muse-6402946)) / ,True,False,QUALITY,,QUALITY,UNLABELED,UNLABELED,,,
neg1_meta_b3prod_a2,4,"Ring, ring.",MUSE-HC-004,[VERIFIED] MUSE-HC-004: Museの電話機能では、ユーザーが米国内の企業・店舗へ電話をかけるよう指示し、散髪の予約、在庫確認、業者からの見積もり取得などを依頼できるとReutersが報じた。 /   scope: 米国内の企業・店舗への発信 /   conditions: Museの電話機能が利用可能なユーザー /   date_or_period: 2026年9月中旬までに公開・展開 /   notes_for_writer: Reuters報道の転載。Meta公式発表ページでは電話機能の詳細までは確認できない。 ([channelnewsasia.com](https://www.channelnewsasia.com/business/exclusive-meta-testing-human-concierge-its-new-personal-ai-agent-muse-6402946)) / ,True,False,QUALITY,,QUALITY,UNLABELED,UNLABELED,,,
neg1_meta_b3prod_a2,4,A call seemed to come from an AI agent.,MUSE-HC-006,[VERIFIED] MUSE-HC-006: MetaはMuse経由の電話の一部について、AIではなく訓練を受けた人間の契約スタッフが電話をかけ、相手とのやり取りを完了させる「human concierge」「human agent calls」のテストを実施した。 /   scope: Muse経由で発信された電話の一部 /   conditions: Museから人間の訓練済みエージェントへ依頼が引き渡されるテスト条件 /   date_or_period: 2026年9月中旬 /   notes_for_writer: 全ての電話を人間が担当したとは書かない。「一部の電話」「テスト」と限定する。 ([channelnewsasia.com](https://www.channelnewsasia.com/business/exclusive-meta-testing-human-concierge-its-new-personal-ai-agent-muse-6402946)) / ,True,False,QUALITY,,QUALITY,UNLABELED,UNLABELED,,,
neg1_meta_b3prod_a2,4,"But as the conversation went on, the voice may have been human.",MUSE-HC-006,[VERIFIED] MUSE-HC-006: MetaはMuse経由の電話の一部について、AIではなく訓練を受けた人間の契約スタッフが電話をかけ、相手とのやり取りを完了させる「human concierge」「human agent calls」のテストを実施した。 /   scope: Muse経由で発信された電話の一部 /   conditions: Museから人間の訓練済みエージェントへ依頼が引き渡されるテスト条件 /   date_or_period: 2026年9月中旬 /   notes_for_writer: 全ての電話を人間が担当したとは書かない。「一部の電話」「テスト」と限定する。 ([channelnewsasia.com](https://www.channelnewsasia.com/business/exclusive-meta-testing-human-concierge-its-new-personal-ai-agent-muse-6402946)) / ,,,ACCEPTABLE,,ACCEPTABLE,UNLABELED,UNLABELED,,,
neg1_meta_b3prod_a2,4,It was a person.,MUSE-HC-006,[VERIFIED] MUSE-HC-006: MetaはMuse経由の電話の一部について、AIではなく訓練を受けた人間の契約スタッフが電話をかけ、相手とのやり取りを完了させる「human concierge」「human agent calls」のテストを実施した。 /   scope: Muse経由で発信された電話の一部 /   conditions: Museから人間の訓練済みエージェントへ依頼が引き渡されるテスト条件 /   date_or_period: 2026年9月中旬 /   notes_for_writer: 全ての電話を人間が担当したとは書かない。「一部の電話」「テスト」と限定する。 ([channelnewsasia.com](https://www.channelnewsasia.com/business/exclusive-meta-testing-human-concierge-its-new-personal-ai-agent-muse-6402946)) / ,True,False,ACCEPTABLE,,ACCEPTABLE,UNLABELED,UNLABELED,,,
neg1_meta_b3prod_a2,4,Meta had run a test that caused exactly this surprise.,MUSE-HC-006,[VERIFIED] MUSE-HC-006: MetaはMuse経由の電話の一部について、AIではなく訓練を受けた人間の契約スタッフが電話をかけ、相手とのやり取りを完了させる「human concierge」「human agent calls」のテストを実施した。 /   scope: Muse経由で発信された電話の一部 /   conditions: Museから人間の訓練済みエージェントへ依頼が引き渡されるテスト条件 /   date_or_period: 2026年9月中旬 /   notes_for_writer: 全ての電話を人間が担当したとは書かない。「一部の電話」「テスト」と限定する。 ([channelnewsasia.com](https://www.channelnewsasia.com/business/exclusive-meta-testing-human-concierge-its-new-personal-ai-agent-muse-6402946)) / ,True,False,QUALITY,,QUALITY,UNLABELED,UNLABELED,,,
neg1_meta_b3prod_a2,4,"In some calls through Muse, trained contract workers made the calls, not AI.",MUSE-HC-006,[VERIFIED] MUSE-HC-006: MetaはMuse経由の電話の一部について、AIではなく訓練を受けた人間の契約スタッフが電話をかけ、相手とのやり取りを完了させる「human concierge」「human agent calls」のテストを実施した。 /   scope: Muse経由で発信された電話の一部 /   conditions: Museから人間の訓練済みエージェントへ依頼が引き渡されるテスト条件 /   date_or_period: 2026年9月中旬 /   notes_for_writer: 全ての電話を人間が担当したとは書かない。「一部の電話」「テスト」と限定する。 ([channelnewsasia.com](https://www.channelnewsasia.com/business/exclusive-meta-testing-human-concierge-its-new-personal-ai-agent-muse-6402946)) / ,False,True,ACCEPTABLE,,ACCEPTABLE,UNLABELED,UNLABELED,,,
neg1_meta_b3prod_a2,4,It was like someone took off an AI costume.,MUSE-HC-006,[VERIFIED] MUSE-HC-006: MetaはMuse経由の電話の一部について、AIではなく訓練を受けた人間の契約スタッフが電話をかけ、相手とのやり取りを完了させる「human concierge」「human agent calls」のテストを実施した。 /   scope: Muse経由で発信された電話の一部 /   conditions: Museから人間の訓練済みエージェントへ依頼が引き渡されるテスト条件 /   date_or_period: 2026年9月中旬 /   notes_for_writer: 全ての電話を人間が担当したとは書かない。「一部の電話」「テスト」と限定する。 ([channelnewsasia.com](https://www.channelnewsasia.com/business/exclusive-meta-testing-human-concierge-its-new-personal-ai-agent-muse-6402946)) / ,True,False,ACCEPTABLE,,ACCEPTABLE,UNLABELED,UNLABELED,,,
neg1_meta_b3prod_a2,4,Then a person stepped out.,MUSE-HC-006,[VERIFIED] MUSE-HC-006: MetaはMuse経由の電話の一部について、AIではなく訓練を受けた人間の契約スタッフが電話をかけ、相手とのやり取りを完了させる「human concierge」「human agent calls」のテストを実施した。 /   scope: Muse経由で発信された電話の一部 /   conditions: Museから人間の訓練済みエージェントへ依頼が引き渡されるテスト条件 /   date_or_period: 2026年9月中旬 /   notes_for_writer: 全ての電話を人間が担当したとは書かない。「一部の電話」「テスト」と限定する。 ([channelnewsasia.com](https://www.channelnewsasia.com/business/exclusive-meta-testing-human-concierge-its-new-personal-ai-agent-muse-6402946)) / ,True,False,ACCEPTABLE,,ACCEPTABLE,UNLABELED,UNLABELED,,,
neg1_meta_b3prod_a2,4,Having a person take over is not always a bad thing.,MUSE-HC-006,[VERIFIED] MUSE-HC-006: MetaはMuse経由の電話の一部について、AIではなく訓練を受けた人間の契約スタッフが電話をかけ、相手とのやり取りを完了させる「human concierge」「human agent calls」のテストを実施した。 /   scope: Muse経由で発信された電話の一部 /   conditions: Museから人間の訓練済みエージェントへ依頼が引き渡されるテスト条件 /   date_or_period: 2026年9月中旬 /   notes_for_writer: 全ての電話を人間が担当したとは書かない。「一部の電話」「テスト」と限定する。 ([channelnewsasia.com](https://www.channelnewsasia.com/business/exclusive-meta-testing-human-concierge-its-new-personal-ai-agent-muse-6402946)) / ,True,False,ACCEPTABLE,,ACCEPTABLE,UNLABELED,UNLABELED,,,
neg1_meta_b3prod_a2,4,"As a system, this may even be useful.",MUSE-HC-006,[VERIFIED] MUSE-HC-006: MetaはMuse経由の電話の一部について、AIではなく訓練を受けた人間の契約スタッフが電話をかけ、相手とのやり取りを完了させる「human concierge」「human agent calls」のテストを実施した。 /   scope: Muse経由で発信された電話の一部 /   conditions: Museから人間の訓練済みエージェントへ依頼が引き渡されるテスト条件 /   date_or_period: 2026年9月中旬 /   notes_for_writer: 全ての電話を人間が担当したとは書かない。「一部の電話」「テスト」と限定する。 ([channelnewsasia.com](https://www.channelnewsasia.com/business/exclusive-meta-testing-human-concierge-its-new-personal-ai-agent-muse-6402946)) / ,True,False,ACCEPTABLE,,ACCEPTABLE,UNLABELED,UNLABELED,,,
neg1_meta_b3prod_a2,4,It is one thing to speak because you think a machine is listening.,MUSE-HC-010,[VERIFIED] MUSE-HC-010: Meta従業員は、人間の契約スタッフが電話を担当すると、電話中にユーザーの機微情報がコールセンターの契約スタッフへ意図せず共有される可能性があるとして、社内でプライバシー上の懸念を示した。 /   scope: 人間の契約スタッフがMuse経由の電話を担当するテスト /   conditions: 電話の遂行にユーザー情報が必要となる場合 /   date_or_period: 2026年9月中旬〜2026年9月22日 /   causal_strength: OBSERVED_REPORTED /   notes_for_writer: 懸念の存在を示す事実。実際の大規模な情報漏えいが発生したと断定しない。 ([channelnewsasia.com](https://www.channelnewsasia.com/business/exclusive-meta-testing-human-concierge-its-new-personal-ai-agent-muse-6402946)) / ,True,False,ACCEPTABLE,,ACCEPTABLE,UNLABELED,UNLABELED,,,
neg1_meta_b3prod_a2,4,"When people share their names, plans, or personal situations, it matters who listens.",MUSE-HC-010,[VERIFIED] MUSE-HC-010: Meta従業員は、人間の契約スタッフが電話を担当すると、電話中にユーザーの機微情報がコールセンターの契約スタッフへ意図せず共有される可能性があるとして、社内でプライバシー上の懸念を示した。 /   scope: 人間の契約スタッフがMuse経由の電話を担当するテスト /   conditions: 電話の遂行にユーザー情報が必要となる場合 /   date_or_period: 2026年9月中旬〜2026年9月22日 /   causal_strength: OBSERVED_REPORTED /   notes_for_writer: 懸念の存在を示す事実。実際の大規模な情報漏えいが発生したと断定しない。 ([channelnewsasia.com](https://www.channelnewsasia.com/business/exclusive-meta-testing-human-concierge-its-new-personal-ai-agent-muse-6402946)) / ,True,False,ACCEPTABLE,,ACCEPTABLE,UNLABELED,UNLABELED,,,
neg1_meta_b3prod_a2,4,### The hidden person behind the AI sign,MUSE-HC-006,[VERIFIED] MUSE-HC-006: MetaはMuse経由の電話の一部について、AIではなく訓練を受けた人間の契約スタッフが電話をかけ、相手とのやり取りを完了させる「human concierge」「human agent calls」のテストを実施した。 /   scope: Muse経由で発信された電話の一部 /   conditions: Museから人間の訓練済みエージェントへ依頼が引き渡されるテスト条件 /   date_or_period: 2026年9月中旬 /   notes_for_writer: 全ての電話を人間が担当したとは書かない。「一部の電話」「テスト」と限定する。 ([channelnewsasia.com](https://www.channelnewsasia.com/business/exclusive-meta-testing-human-concierge-its-new-personal-ai-agent-muse-6402946)) / ,True,False,ACCEPTABLE,,ACCEPTABLE,UNLABELED,UNLABELED,,,
neg1_meta_b3prod_a2,4,Here was the reveal.,MUSE-HC-012,[VERIFIED] MUSE-HC-012: MetaのSuperintelligence Labs部門の副社長は、適切な開示なしに契約スタッフが電話をかけるテストを開始したことを「ミス」だったと認め、機能を当面ロールバックしたと社内投稿で説明した。 /   scope: Meta社内テストの人間コンシェルジュ機能 /   conditions: 適切な開示なしで契約スタッフが電話を担当していたテスト /   date_or_period: 2026年9月22日まで /   notes_for_writer: 「サービス全体を停止した」とは書かない。ロールバック対象は人間コンシェルジュ機能として扱う。 ([channelnewsasia.com](https://www.channelnewsasia.com/business/exclusive-meta-testing-human-concierge-its-new-personal-ai-agent-muse-6402946)) / ,True,False,ACCEPTABLE,,ACCEPTABLE,UNLABELED,UNLABELED,,,
neg1_meta_b3prod_a2,4,A human stood behind the sign that said AI.,MUSE-HC-006,[VERIFIED] MUSE-HC-006: MetaはMuse経由の電話の一部について、AIではなく訓練を受けた人間の契約スタッフが電話をかけ、相手とのやり取りを完了させる「human concierge」「human agent calls」のテストを実施した。 /   scope: Muse経由で発信された電話の一部 /   conditions: Museから人間の訓練済みエージェントへ依頼が引き渡されるテスト条件 /   date_or_period: 2026年9月中旬 /   notes_for_writer: 全ての電話を人間が担当したとは書かない。「一部の電話」「テスト」と限定する。 ([channelnewsasia.com](https://www.channelnewsasia.com/business/exclusive-meta-testing-human-concierge-its-new-personal-ai-agent-muse-6402946)) / ,True,False,ACCEPTABLE,,ACCEPTABLE,UNLABELED,UNLABELED,,,
neg1_meta_b3prod_a2,4,It seemed like a story from the future.,,,True,False,ACCEPTABLE,,ACCEPTABLE,UNLABELED,UNLABELED,,,
neg1_meta_b3prod_a2,4,But the main question was very basic: Had users been clearly told who was making the call?,MUSE-HC-012,[VERIFIED] MUSE-HC-012: MetaのSuperintelligence Labs部門の副社長は、適切な開示なしに契約スタッフが電話をかけるテストを開始したことを「ミス」だったと認め、機能を当面ロールバックしたと社内投稿で説明した。 /   scope: Meta社内テストの人間コンシェルジュ機能 /   conditions: 適切な開示なしで契約スタッフが電話を担当していたテスト /   date_or_period: 2026年9月22日まで /   notes_for_writer: 「サービス全体を停止した」とは書かない。ロールバック対象は人間コンシェルジュ機能として扱う。 ([channelnewsasia.com](https://www.channelnewsasia.com/business/exclusive-meta-testing-human-concierge-its-new-personal-ai-agent-muse-6402946)) / ,False,True,ACCEPTABLE,,ACCEPTABLE,UNLABELED,UNLABELED,,,
neg1_meta_b3prod_a2,4,### Meta admits a mistake,MUSE-HC-012,[VERIFIED] MUSE-HC-012: MetaのSuperintelligence Labs部門の副社長は、適切な開示なしに契約スタッフが電話をかけるテストを開始したことを「ミス」だったと認め、機能を当面ロールバックしたと社内投稿で説明した。 /   scope: Meta社内テストの人間コンシェルジュ機能 /   conditions: 適切な開示なしで契約スタッフが電話を担当していたテスト /   date_or_period: 2026年9月22日まで /   notes_for_writer: 「サービス全体を停止した」とは書かない。ロールバック対象は人間コンシェルジュ機能として扱う。 ([channelnewsasia.com](https://www.channelnewsasia.com/business/exclusive-meta-testing-human-concierge-its-new-personal-ai-agent-muse-6402946)) / ,False,True,ACCEPTABLE,,ACCEPTABLE,UNLABELED,UNLABELED,,,
neg1_meta_b3prod_a2,4,A Meta executive admitted the mistake.,MUSE-HC-012,[VERIFIED] MUSE-HC-012: MetaのSuperintelligence Labs部門の副社長は、適切な開示なしに契約スタッフが電話をかけるテストを開始したことを「ミス」だったと認め、機能を当面ロールバックしたと社内投稿で説明した。 /   scope: Meta社内テストの人間コンシェルジュ機能 /   conditions: 適切な開示なしで契約スタッフが電話を担当していたテスト /   date_or_period: 2026年9月22日まで /   notes_for_writer: 「サービス全体を停止した」とは書かない。ロールバック対象は人間コンシェルジュ機能として扱う。 ([channelnewsasia.com](https://www.channelnewsasia.com/business/exclusive-meta-testing-human-concierge-its-new-personal-ai-agent-muse-6402946)) / ,False,True,ACCEPTABLE,,ACCEPTABLE,UNLABELED,UNLABELED,,,
neg1_meta_b3prod_a2,4,"For now, Meta has pulled back the human concierge feature.",MUSE-HC-012,[VERIFIED] MUSE-HC-012: MetaのSuperintelligence Labs部門の副社長は、適切な開示なしに契約スタッフが電話をかけるテストを開始したことを「ミス」だったと認め、機能を当面ロールバックしたと社内投稿で説明した。 /   scope: Meta社内テストの人間コンシェルジュ機能 /   conditions: 適切な開示なしで契約スタッフが電話を担当していたテスト /   date_or_period: 2026年9月22日まで /   notes_for_writer: 「サービス全体を停止した」とは書かない。ロールバック対象は人間コンシェルジュ機能として扱う。 ([channelnewsasia.com](https://www.channelnewsasia.com/business/exclusive-meta-testing-human-concierge-its-new-personal-ai-agent-muse-6402946)) / ,False,True,ACCEPTABLE,,ACCEPTABLE,UNLABELED,UNLABELED,,,
neg1_meta_b3prod_a2,4,"In the AI age, technology that makes a voice sound human is not enough.",,,True,False,ACCEPTABLE,,ACCEPTABLE,UNLABELED,UNLABELED,,,
neg1_meta_b3prod_a2,4,"We must also know, at the start, who is on the other end.",MUSE-HC-012,[VERIFIED] MUSE-HC-012: MetaのSuperintelligence Labs部門の副社長は、適切な開示なしに契約スタッフが電話をかけるテストを開始したことを「ミス」だったと認め、機能を当面ロールバックしたと社内投稿で説明した。 /   scope: Meta社内テストの人間コンシェルジュ機能 /   conditions: 適切な開示なしで契約スタッフが電話を担当していたテスト /   date_or_period: 2026年9月22日まで /   notes_for_writer: 「サービス全体を停止した」とは書かない。ロールバック対象は人間コンシェルジュ機能として扱う。 ([channelnewsasia.com](https://www.channelnewsasia.com/business/exclusive-meta-testing-human-concierge-its-new-personal-ai-agent-muse-6402946)) / ,True,False,ACCEPTABLE,,ACCEPTABLE,UNLABELED,UNLABELED,,,
neg1_meta_b3prod_a2,4,"Before AI speaks for us, we need to know whether the voice belongs to AI or a person.",MUSE-HC-012,[VERIFIED] MUSE-HC-012: MetaのSuperintelligence Labs部門の副社長は、適切な開示なしに契約スタッフが電話をかけるテストを開始したことを「ミス」だったと認め、機能を当面ロールバックしたと社内投稿で説明した。 /   scope: Meta社内テストの人間コンシェルジュ機能 /   conditions: 適切な開示なしで契約スタッフが電話を担当していたテスト /   date_or_period: 2026年9月22日まで /   notes_for_writer: 「サービス全体を停止した」とは書かない。ロールバック対象は人間コンシェルジュ機能として扱う。 ([channelnewsasia.com](https://www.channelnewsasia.com/business/exclusive-meta-testing-human-concierge-its-new-personal-ai-agent-muse-6402946)) / ,True,False,ACCEPTABLE,,ACCEPTABLE,UNLABELED,UNLABELED,,,
neg2_meta_refresh_a2,1,There was a small twist.,,,True,False,ACCEPTABLE,,ACCEPTABLE,UNLABELED,UNLABELED,,,
neg2_meta_refresh_a2,1,"If AI can handle difficult phone calls, it seems very useful.",MUSE-HC-004,[VERIFIED] MUSE-HC-004: Museの電話機能では、ユーザーが米国内の企業・店舗へ電話をかけるよう指示し、散髪の予約、在庫確認、業者からの見積もり取得などを依頼できるとReutersが報じた。 /   scope: 米国内の企業・店舗への発信 /   conditions: Museの電話機能が利用可能なユーザー /   date_or_period: 2026年9月中旬までに公開・展開 /   notes_for_writer: Reuters報道の転載。Meta公式発表ページでは電話機能の詳細までは確認できない。 ([channelnewsasia.com](https://www.channelnewsasia.com/business/exclusive-meta-testing-human-concierge-its-new-personal-ai-agent-muse-6402946)) / ,True,False,ACCEPTABLE,,ACCEPTABLE,UNLABELED,UNLABELED,,,
neg2_meta_refresh_a2,1,The problem was not that humans made the calls.,MUSE-HC-012,[VERIFIED] MUSE-HC-012: MetaのSuperintelligence Labs部門の副社長は、適切な開示なしに契約スタッフが電話をかけるテストを開始したことを「ミス」だったと認め、機能を当面ロールバックしたと社内投稿で説明した。 /   scope: Meta社内テストの人間コンシェルジュ機能 /   conditions: 適切な開示なしで契約スタッフが電話を担当していたテスト /   date_or_period: 2026年9月22日まで /   notes_for_writer: 「サービス全体を停止した」とは書かない。ロールバック対象は人間コンシェルジュ機能として扱う。 ([channelnewsasia.com](https://www.channelnewsasia.com/business/exclusive-meta-testing-human-concierge-its-new-personal-ai-agent-muse-6402946)) / ,True,False,ACCEPTABLE,,ACCEPTABLE,UNLABELED,UNLABELED,,,
neg2_meta_refresh_a2,1,The problem was how users were told who was speaking.,MUSE-HC-012,[VERIFIED] MUSE-HC-012: MetaのSuperintelligence Labs部門の副社長は、適切な開示なしに契約スタッフが電話をかけるテストを開始したことを「ミス」だったと認め、機能を当面ロールバックしたと社内投稿で説明した。 /   scope: Meta社内テストの人間コンシェルジュ機能 /   conditions: 適切な開示なしで契約スタッフが電話を担当していたテスト /   date_or_period: 2026年9月22日まで /   notes_for_writer: 「サービス全体を停止した」とは書かない。ロールバック対象は人間コンシェルジュ機能として扱う。 ([channelnewsasia.com](https://www.channelnewsasia.com/business/exclusive-meta-testing-human-concierge-its-new-personal-ai-agent-muse-6402946)) / ,True,False,ACCEPTABLE,,ACCEPTABLE,UNLABELED,UNLABELED,,,
neg2_meta_refresh_a2,1,People who asked Muse to make a call might think AI was doing it.,MUSE-HC-012,[VERIFIED] MUSE-HC-012: MetaのSuperintelligence Labs部門の副社長は、適切な開示なしに契約スタッフが電話をかけるテストを開始したことを「ミス」だったと認め、機能を当面ロールバックしたと社内投稿で説明した。 /   scope: Meta社内テストの人間コンシェルジュ機能 /   conditions: 適切な開示なしで契約スタッフが電話を担当していたテスト /   date_or_period: 2026年9月22日まで /   notes_for_writer: 「サービス全体を停止した」とは書かない。ロールバック対象は人間コンシェルジュ機能として扱う。 ([channelnewsasia.com](https://www.channelnewsasia.com/business/exclusive-meta-testing-human-concierge-its-new-personal-ai-agent-muse-6402946)) / ,True,False,ACCEPTABLE,,ACCEPTABLE,UNLABELED,UNLABELED,,,
neg2_meta_refresh_a2,1,"If this was not explained clearly, users could not know if it was AI or a person.",MUSE-HC-012,[VERIFIED] MUSE-HC-012: MetaのSuperintelligence Labs部門の副社長は、適切な開示なしに契約スタッフが電話をかけるテストを開始したことを「ミス」だったと認め、機能を当面ロールバックしたと社内投稿で説明した。 /   scope: Meta社内テストの人間コンシェルジュ機能 /   conditions: 適切な開示なしで契約スタッフが電話を担当していたテスト /   date_or_period: 2026年9月22日まで /   notes_for_writer: 「サービス全体を停止した」とは書かない。ロールバック対象は人間コンシェルジュ機能として扱う。 ([channelnewsasia.com](https://www.channelnewsasia.com/business/exclusive-meta-testing-human-concierge-its-new-personal-ai-agent-muse-6402946)) / ,True,False,ACCEPTABLE,,QUALITY,UNLABELED,UNLABELED,,,
neg2_meta_refresh_a2,1,They enjoyed the ease of AI.,,,True,False,ACCEPTABLE,,ACCEPTABLE,UNLABELED,UNLABELED,,,
neg2_meta_refresh_a2,1,But they did not know that a human was on the other end.,MUSE-HC-012,[VERIFIED] MUSE-HC-012: MetaのSuperintelligence Labs部門の副社長は、適切な開示なしに契約スタッフが電話をかけるテストを開始したことを「ミス」だったと認め、機能を当面ロールバックしたと社内投稿で説明した。 /   scope: Meta社内テストの人間コンシェルジュ機能 /   conditions: 適切な開示なしで契約スタッフが電話を担当していたテスト /   date_or_period: 2026年9月22日まで /   notes_for_writer: 「サービス全体を停止した」とは書かない。ロールバック対象は人間コンシェルジュ機能として扱う。 ([channelnewsasia.com](https://www.channelnewsasia.com/business/exclusive-meta-testing-human-concierge-its-new-personal-ai-agent-muse-6402946)) / ,True,False,ACCEPTABLE,,ACCEPTABLE,UNLABELED,UNLABELED,,,
neg2_meta_refresh_a2,1,That information might then be shared by mistake with contract workers at a call center.,MUSE-HC-010,[VERIFIED] MUSE-HC-010: Meta従業員は、人間の契約スタッフが電話を担当すると、電話中にユーザーの機微情報がコールセンターの契約スタッフへ意図せず共有される可能性があるとして、社内でプライバシー上の懸念を示した。 /   scope: 人間の契約スタッフがMuse経由の電話を担当するテスト /   conditions: 電話の遂行にユーザー情報が必要となる場合 /   date_or_period: 2026年9月中旬〜2026年9月22日 /   causal_strength: OBSERVED_REPORTED /   notes_for_writer: 懸念の存在を示す事実。実際の大規模な情報漏えいが発生したと断定しない。 ([channelnewsasia.com](https://www.channelnewsasia.com/business/exclusive-meta-testing-human-concierge-its-new-personal-ai-agent-muse-6402946)) / ,True,False,ACCEPTABLE,,ACCEPTABLE,UNLABELED,UNLABELED,,,
neg2_meta_refresh_a2,1,News reports also quoted a report from an employee.,MUSE-HC-011,[VERIFIED] MUSE-HC-011: Museにインターネット・ケーブル料金の交渉を依頼した従業員は、電話の記録に人間の契約スタッフによる人種に関する不適切な発言があったと報告した。 /   scope: インターネット・ケーブル料金交渉の1件として報道された事例 /   conditions: 人間の契約スタッフが電話を担当したケース /   numeric_value: 1件の従業員報告 (numeric_scope: 報道で紹介された個別事例) /   date_or_period: 2026年9月時点 /   causal_strength: OBSERVED_REPORTED /   notes_for_writer: 従業員の報告として記録する。契約スタッフ全体の行動や実験全体の性質へ一般化しない。 ([channelnewsasia.com](https://www.channelnewsasia.com/business/exclusive-meta-testing-human-concierge-its-new-personal-ai-agent-muse-6402946)) / ,True,False,ACCEPTABLE,deterministic_floor:changed_number,BLOCKING,UNLABELED,N,UNLABELED,rca_22_sonnet_guess,
neg2_meta_refresh_a2,1,It said that human staff made inappropriate comments about race during calls to bargain over internet or cable fees.,MUSE-HC-011,[VERIFIED] MUSE-HC-011: Museにインターネット・ケーブル料金の交渉を依頼した従業員は、電話の記録に人間の契約スタッフによる人種に関する不適切な発言があったと報告した。 /   scope: インターネット・ケーブル料金交渉の1件として報道された事例 /   conditions: 人間の契約スタッフが電話を担当したケース /   numeric_value: 1件の従業員報告 (numeric_scope: 報道で紹介された個別事例) /   date_or_period: 2026年9月時点 /   causal_strength: OBSERVED_REPORTED /   notes_for_writer: 従業員の報告として記録する。契約スタッフ全体の行動や実験全体の性質へ一般化しない。 ([channelnewsasia.com](https://www.channelnewsasia.com/business/exclusive-meta-testing-human-concierge-its-new-personal-ai-agent-muse-6402946)) / ,True,False,QUALITY,deterministic_floor:changed_number,BLOCKING,UNLABELED,Y,UNLABELED,rca_22_sonnet_guess,
neg2_meta_refresh_a2,1,"The company also changed the human concierge feature back to how it was before, at least for now.",MUSE-HC-012,[VERIFIED] MUSE-HC-012: MetaのSuperintelligence Labs部門の副社長は、適切な開示なしに契約スタッフが電話をかけるテストを開始したことを「ミス」だったと認め、機能を当面ロールバックしたと社内投稿で説明した。 /   scope: Meta社内テストの人間コンシェルジュ機能 /   conditions: 適切な開示なしで契約スタッフが電話を担当していたテスト /   date_or_period: 2026年9月22日まで /   notes_for_writer: 「サービス全体を停止した」とは書かない。ロールバック対象は人間コンシェルジュ機能として扱う。 ([channelnewsasia.com](https://www.channelnewsasia.com/business/exclusive-meta-testing-human-concierge-its-new-personal-ai-agent-muse-6402946)) / ,False,True,ACCEPTABLE,,ACCEPTABLE,UNLABELED,UNLABELED,,,
neg2_meta_refresh_a2,1,The real challenge for AI phone calls is not only how they speak.,,,True,False,ACCEPTABLE,,ACCEPTABLE,UNLABELED,UNLABELED,,,
neg2_meta_refresh_a2,1,It is also whether they can honestly tell people who is on the other end.,MUSE-HC-012,[VERIFIED] MUSE-HC-012: MetaのSuperintelligence Labs部門の副社長は、適切な開示なしに契約スタッフが電話をかけるテストを開始したことを「ミス」だったと認め、機能を当面ロールバックしたと社内投稿で説明した。 /   scope: Meta社内テストの人間コンシェルジュ機能 /   conditions: 適切な開示なしで契約スタッフが電話を担当していたテスト /   date_or_period: 2026年9月22日まで /   notes_for_writer: 「サービス全体を停止した」とは書かない。ロールバック対象は人間コンシェルジュ機能として扱う。 ([channelnewsasia.com](https://www.channelnewsasia.com/business/exclusive-meta-testing-human-concierge-its-new-personal-ai-agent-muse-6402946)) / ,True,False,ACCEPTABLE,,ACCEPTABLE,UNLABELED,UNLABELED,,,
neg2_meta_refresh_a2,1,"The more useful a service is, the less it should hide the people working behind the scenes.",,,True,False,ACCEPTABLE,,ACCEPTABLE,UNLABELED,UNLABELED,,,
neg2_meta_refresh_a2,1,The Muse case showed this simple but important point.,MUSE-HC-006,[VERIFIED] MUSE-HC-006: MetaはMuse経由の電話の一部について、AIではなく訓練を受けた人間の契約スタッフが電話をかけ、相手とのやり取りを完了させる「human concierge」「human agent calls」のテストを実施した。 /   scope: Muse経由で発信された電話の一部 /   conditions: Museから人間の訓練済みエージェントへ依頼が引き渡されるテスト条件 /   date_or_period: 2026年9月中旬 /   notes_for_writer: 全ての電話を人間が担当したとは書かない。「一部の電話」「テスト」と限定する。 ([channelnewsasia.com](https://www.channelnewsasia.com/business/exclusive-meta-testing-human-concierge-its-new-personal-ai-agent-muse-6402946)) / ,True,False,ACCEPTABLE,,ACCEPTABLE,UNLABELED,UNLABELED,,,
neg2_meta_refresh_a2,1,"But in some tests of its calling feature, trained human contract workers made the calls instead of AI.",MUSE-HC-011,[VERIFIED] MUSE-HC-011: Museにインターネット・ケーブル料金の交渉を依頼した従業員は、電話の記録に人間の契約スタッフによる人種に関する不適切な発言があったと報告した。 /   scope: インターネット・ケーブル料金交渉の1件として報道された事例 /   conditions: 人間の契約スタッフが電話を担当したケース /   numeric_value: 1件の従業員報告 (numeric_scope: 報道で紹介された個別事例) /   date_or_period: 2026年9月時点 /   causal_strength: OBSERVED_REPORTED /   notes_for_writer: 従業員の報告として記録する。契約スタッフ全体の行動や実験全体の性質へ一般化しない。 ([channelnewsasia.com](https://www.channelnewsasia.com/business/exclusive-meta-testing-human-concierge-its-new-personal-ai-agent-muse-6402946)) / ,,,ACCEPTABLE,,ACCEPTABLE,UNLABELED,UNLABELED,UNLABELED,,
neg2_meta_refresh_a2,2,News coverage also quoted a report from an employee.,MUSE-HC-011,[VERIFIED] MUSE-HC-011: Museにインターネット・ケーブル料金の交渉を依頼した従業員は、電話の記録に人間の契約スタッフによる人種に関する不適切な発言があったと報告した。 /   scope: インターネット・ケーブル料金交渉の1件として報道された事例 /   conditions: 人間の契約スタッフが電話を担当したケース /   numeric_value: 1件の従業員報告 (numeric_scope: 報道で紹介された個別事例) /   date_or_period: 2026年9月時点 /   causal_strength: OBSERVED_REPORTED /   notes_for_writer: 従業員の報告として記録する。契約スタッフ全体の行動や実験全体の性質へ一般化しない。 ([channelnewsasia.com](https://www.channelnewsasia.com/business/exclusive-meta-testing-human-concierge-its-new-personal-ai-agent-muse-6402946)) / ,,,ACCEPTABLE,,ACCEPTABLE,UNLABELED,UNLABELED,,,
neg2_meta_refresh_a2,2,It said that one human staffer made an inappropriate comment about race during a call to bargain over internet or cable fees.,MUSE-HC-011,[VERIFIED] MUSE-HC-011: Museにインターネット・ケーブル料金の交渉を依頼した従業員は、電話の記録に人間の契約スタッフによる人種に関する不適切な発言があったと報告した。 /   scope: インターネット・ケーブル料金交渉の1件として報道された事例 /   conditions: 人間の契約スタッフが電話を担当したケース /   numeric_value: 1件の従業員報告 (numeric_scope: 報道で紹介された個別事例) /   date_or_period: 2026年9月時点 /   causal_strength: OBSERVED_REPORTED /   notes_for_writer: 従業員の報告として記録する。契約スタッフ全体の行動や実験全体の性質へ一般化しない。 ([channelnewsasia.com](https://www.channelnewsasia.com/business/exclusive-meta-testing-human-concierge-its-new-personal-ai-agent-muse-6402946)) / ,,,ACCEPTABLE,,ACCEPTABLE,UNLABELED,UNLABELED,,,
neg2_meta_refresh_a2,3,People who asked Muse to make a call might think AI was doing it.,MUSE-HC-006,[VERIFIED] MUSE-HC-006: MetaはMuse経由の電話の一部について、AIではなく訓練を受けた人間の契約スタッフが電話をかけ、相手とのやり取りを完了させる「human concierge」「human agent calls」のテストを実施した。 /   scope: Muse経由で発信された電話の一部 /   conditions: Museから人間の訓練済みエージェントへ依頼が引き渡されるテスト条件 /   date_or_period: 2026年9月中旬 /   notes_for_writer: 全ての電話を人間が担当したとは書かない。「一部の電話」「テスト」と限定する。 ([channelnewsasia.com](https://www.channelnewsasia.com/business/exclusive-meta-testing-human-concierge-its-new-personal-ai-agent-muse-6402946)) / ,True,False,ACCEPTABLE,,ACCEPTABLE,UNLABELED,UNLABELED,,,
neg2_meta_refresh_a2,3,It would be wrong to say this about all contract workers.,MUSE-HC-011,[VERIFIED] MUSE-HC-011: Museにインターネット・ケーブル料金の交渉を依頼した従業員は、電話の記録に人間の契約スタッフによる人種に関する不適切な発言があったと報告した。 /   scope: インターネット・ケーブル料金交渉の1件として報道された事例 /   conditions: 人間の契約スタッフが電話を担当したケース /   numeric_value: 1件の従業員報告 (numeric_scope: 報道で紹介された個別事例) /   date_or_period: 2026年9月時点 /   causal_strength: OBSERVED_REPORTED /   notes_for_writer: 従業員の報告として記録する。契約スタッフ全体の行動や実験全体の性質へ一般化しない。 ([channelnewsasia.com](https://www.channelnewsasia.com/business/exclusive-meta-testing-human-concierge-its-new-personal-ai-agent-muse-6402946)) / ,,,ACCEPTABLE,,ACCEPTABLE,UNLABELED,UNLABELED,,,
neg2_meta_refresh_a2,3,The Muse case showed this simple but important point.,MUSE-HC-012,[VERIFIED] MUSE-HC-012: MetaのSuperintelligence Labs部門の副社長は、適切な開示なしに契約スタッフが電話をかけるテストを開始したことを「ミス」だったと認め、機能を当面ロールバックしたと社内投稿で説明した。 /   scope: Meta社内テストの人間コンシェルジュ機能 /   conditions: 適切な開示なしで契約スタッフが電話を担当していたテスト /   date_or_period: 2026年9月22日まで /   notes_for_writer: 「サービス全体を停止した」とは書かない。ロールバック対象は人間コンシェルジュ機能として扱う。 ([channelnewsasia.com](https://www.channelnewsasia.com/business/exclusive-meta-testing-human-concierge-its-new-personal-ai-agent-muse-6402946)) / ,True,False,ACCEPTABLE,,ACCEPTABLE,UNLABELED,UNLABELED,,,
neg2_meta_refresh_a2,3,There was a small twist.,,,True,False,ACCEPTABLE,,ACCEPTABLE,UNLABELED,UNLABELED,,,
neg2_meta_refresh_a2,3,"If AI can handle difficult phone calls, it seems very useful.",MUSE-HC-004,[VERIFIED] MUSE-HC-004: Museの電話機能では、ユーザーが米国内の企業・店舗へ電話をかけるよう指示し、散髪の予約、在庫確認、業者からの見積もり取得などを依頼できるとReutersが報じた。 /   scope: 米国内の企業・店舗への発信 /   conditions: Museの電話機能が利用可能なユーザー /   date_or_period: 2026年9月中旬までに公開・展開 /   notes_for_writer: Reuters報道の転載。Meta公式発表ページでは電話機能の詳細までは確認できない。 ([channelnewsasia.com](https://www.channelnewsasia.com/business/exclusive-meta-testing-human-concierge-its-new-personal-ai-agent-muse-6402946)) / ,True,False,ACCEPTABLE,,ACCEPTABLE,UNLABELED,UNLABELED,,,
neg2_meta_refresh_a2,3,The problem was not that humans made the calls.,MUSE-HC-012,[VERIFIED] MUSE-HC-012: MetaのSuperintelligence Labs部門の副社長は、適切な開示なしに契約スタッフが電話をかけるテストを開始したことを「ミス」だったと認め、機能を当面ロールバックしたと社内投稿で説明した。 /   scope: Meta社内テストの人間コンシェルジュ機能 /   conditions: 適切な開示なしで契約スタッフが電話を担当していたテスト /   date_or_period: 2026年9月22日まで /   notes_for_writer: 「サービス全体を停止した」とは書かない。ロールバック対象は人間コンシェルジュ機能として扱う。 ([channelnewsasia.com](https://www.channelnewsasia.com/business/exclusive-meta-testing-human-concierge-its-new-personal-ai-agent-muse-6402946)) / ,True,False,ACCEPTABLE,,ACCEPTABLE,UNLABELED,UNLABELED,,,
neg2_meta_refresh_a2,3,The problem was how users were told who was speaking.,MUSE-HC-012,[VERIFIED] MUSE-HC-012: MetaのSuperintelligence Labs部門の副社長は、適切な開示なしに契約スタッフが電話をかけるテストを開始したことを「ミス」だったと認め、機能を当面ロールバックしたと社内投稿で説明した。 /   scope: Meta社内テストの人間コンシェルジュ機能 /   conditions: 適切な開示なしで契約スタッフが電話を担当していたテスト /   date_or_period: 2026年9月22日まで /   notes_for_writer: 「サービス全体を停止した」とは書かない。ロールバック対象は人間コンシェルジュ機能として扱う。 ([channelnewsasia.com](https://www.channelnewsasia.com/business/exclusive-meta-testing-human-concierge-its-new-personal-ai-agent-muse-6402946)) / ,True,False,ACCEPTABLE,,ACCEPTABLE,UNLABELED,UNLABELED,,,
neg2_meta_refresh_a2,3,"If this was not explained clearly, users could not know if it was AI or a person.",MUSE-HC-012,[VERIFIED] MUSE-HC-012: MetaのSuperintelligence Labs部門の副社長は、適切な開示なしに契約スタッフが電話をかけるテストを開始したことを「ミス」だったと認め、機能を当面ロールバックしたと社内投稿で説明した。 /   scope: Meta社内テストの人間コンシェルジュ機能 /   conditions: 適切な開示なしで契約スタッフが電話を担当していたテスト /   date_or_period: 2026年9月22日まで /   notes_for_writer: 「サービス全体を停止した」とは書かない。ロールバック対象は人間コンシェルジュ機能として扱う。 ([channelnewsasia.com](https://www.channelnewsasia.com/business/exclusive-meta-testing-human-concierge-its-new-personal-ai-agent-muse-6402946)) / ,True,False,ACCEPTABLE,,QUALITY,UNLABELED,UNLABELED,,,
neg2_meta_refresh_a2,3,They enjoyed the ease of AI.,,,True,False,ACCEPTABLE,,ACCEPTABLE,UNLABELED,UNLABELED,,,
neg2_meta_refresh_a2,3,But they did not know that a human was on the other end.,MUSE-HC-012,[VERIFIED] MUSE-HC-012: MetaのSuperintelligence Labs部門の副社長は、適切な開示なしに契約スタッフが電話をかけるテストを開始したことを「ミス」だったと認め、機能を当面ロールバックしたと社内投稿で説明した。 /   scope: Meta社内テストの人間コンシェルジュ機能 /   conditions: 適切な開示なしで契約スタッフが電話を担当していたテスト /   date_or_period: 2026年9月22日まで /   notes_for_writer: 「サービス全体を停止した」とは書かない。ロールバック対象は人間コンシェルジュ機能として扱う。 ([channelnewsasia.com](https://www.channelnewsasia.com/business/exclusive-meta-testing-human-concierge-its-new-personal-ai-agent-muse-6402946)) / ,True,False,ACCEPTABLE,,ACCEPTABLE,UNLABELED,UNLABELED,,,
neg2_meta_refresh_a2,3,"The company also changed the human concierge feature back to how it was before, at least for now.",MUSE-HC-012,[VERIFIED] MUSE-HC-012: MetaのSuperintelligence Labs部門の副社長は、適切な開示なしに契約スタッフが電話をかけるテストを開始したことを「ミス」だったと認め、機能を当面ロールバックしたと社内投稿で説明した。 /   scope: Meta社内テストの人間コンシェルジュ機能 /   conditions: 適切な開示なしで契約スタッフが電話を担当していたテスト /   date_or_period: 2026年9月22日まで /   notes_for_writer: 「サービス全体を停止した」とは書かない。ロールバック対象は人間コンシェルジュ機能として扱う。 ([channelnewsasia.com](https://www.channelnewsasia.com/business/exclusive-meta-testing-human-concierge-its-new-personal-ai-agent-muse-6402946)) / ,False,True,ACCEPTABLE,,ACCEPTABLE,UNLABELED,UNLABELED,,,
neg2_meta_refresh_a2,3,The real challenge for AI phone calls is not only how they speak.,,,True,False,ACCEPTABLE,,ACCEPTABLE,UNLABELED,UNLABELED,,,
neg2_meta_refresh_a2,3,It is also whether they can honestly tell people who is on the other end.,MUSE-HC-012,[VERIFIED] MUSE-HC-012: MetaのSuperintelligence Labs部門の副社長は、適切な開示なしに契約スタッフが電話をかけるテストを開始したことを「ミス」だったと認め、機能を当面ロールバックしたと社内投稿で説明した。 /   scope: Meta社内テストの人間コンシェルジュ機能 /   conditions: 適切な開示なしで契約スタッフが電話を担当していたテスト /   date_or_period: 2026年9月22日まで /   notes_for_writer: 「サービス全体を停止した」とは書かない。ロールバック対象は人間コンシェルジュ機能として扱う。 ([channelnewsasia.com](https://www.channelnewsasia.com/business/exclusive-meta-testing-human-concierge-its-new-personal-ai-agent-muse-6402946)) / ,True,False,ACCEPTABLE,,ACCEPTABLE,UNLABELED,UNLABELED,,,
neg2_meta_refresh_a2,3,"The more useful a service is, the less it should hide the people working behind the scenes.",,,True,False,ACCEPTABLE,,ACCEPTABLE,UNLABELED,UNLABELED,,,
neg3_hormuz_prodrunner_b1b,1,# The 20 Percent Fee Plan Is Withdrawn—But Oil Prices Quickly Return,HF-009,[VERIFIED] HF-009: Yahoo Financeは、7月14日の撤回・投資案件への置換発表後、Brent先物が一時的に上げ幅を縮小したものの、ほどなく発表前に近い高い水準へ戻ったと報じた。記事掲載時点ではBrent先物は約2.6％高で、1バレル85ドルを上回っていた。 /   scope: 国際指標Brent原油先物の短時間の値動き /   conditions: 撤回発表以外にも、米・イラン間の攻撃、海上封鎖、タンカー安全上の懸念が継続していた。 /   numeric_value: 約 +2.6%、$85/バレル超 (numeric_scope: 記事掲載時点のリアルタイムに近い価格スナップショット。日中高値でも終値でもない) /   date_or_period: 2026-07-14、撤回発表後の取引時間中 /   causal_strength: CAUSAL_STATED_BY_SOURCE /   notes_for_writer: 撤回後に原油価格が全面的に下落したとは書かない。観測されたのは一時的な上げ幅縮小と、その後の回復。 / ,True,False,ACCEPTABLE,,ACCEPTABLE,UNLABELED,UNLABELED,UNLABELED,,
neg3_hormuz_prodrunner_b1b,1,"Oil-price news sometimes gets its biggest twist not from a policy announcement, but from what prices do after it.",,,True,False,ACCEPTABLE,,ACCEPTABLE,UNLABELED,UNLABELED,,,
neg3_hormuz_prodrunner_b1b,1,"This time, the fee plan left the stage, but the price did not leave with it.",HF-009,[VERIFIED] HF-009: Yahoo Financeは、7月14日の撤回・投資案件への置換発表後、Brent先物が一時的に上げ幅を縮小したものの、ほどなく発表前に近い高い水準へ戻ったと報じた。記事掲載時点ではBrent先物は約2.6％高で、1バレル85ドルを上回っていた。 /   scope: 国際指標Brent原油先物の短時間の値動き /   conditions: 撤回発表以外にも、米・イラン間の攻撃、海上封鎖、タンカー安全上の懸念が継続していた。 /   numeric_value: 約 +2.6%、$85/バレル超 (numeric_scope: 記事掲載時点のリアルタイムに近い価格スナップショット。日中高値でも終値でもない) /   date_or_period: 2026-07-14、撤回発表後の取引時間中 /   causal_strength: CAUSAL_STATED_BY_SOURCE /   notes_for_writer: 撤回後に原油価格が全面的に下落したとは書かない。観測されたのは一時的な上げ幅縮小と、その後の回復。 / ,True,False,ACCEPTABLE,,ACCEPTABLE,UNLABELED,UNLABELED,UNLABELED,,
neg3_hormuz_prodrunner_b1b,1,"On July 13, Trump posted that all cargo passing through the Strait of Hormuz should provide a 20 percent reimbursement.",HF-003,[VERIFIED] HF-003: 7月13日の20％償還料の投稿および同日の発言では、徴収主体、支払義務者、評価方法、徴収通貨、免除、執行方法、法的根拠などの具体的制度設計は示されなかった。 /   scope: ホルムズ海峡の貨物通航に対する米国の償還料案 /   numeric_value: 20% (numeric_scope: 提案された率のみが示され、算定・徴収方法は未提示) /   date_or_period: 2026-07-13 /   notes_for_writer: 「米国が20％通航料を導入した」と確定形で書かず、「提案した」「徴収方針を表明した」とする。 / ,True,False,BLOCKING,deterministic_floor:changed_actor,BLOCKING,UNLABELED,Y,UNLABELED,rca_22_sonnet_guess,
neg3_hormuz_prodrunner_b1b,1,"A large number suddenly appeared, making the proposal the story’s new lead.",HF-002,[VERIFIED] HF-002: ドナルド・トランプ米大統領は7月13日午前10時16分（米東部夏時間）、米国がホルムズ海峡の安全確保に要する費用について、同海峡を通るすべての貨物に20％の率で償還を求めると投稿した。 /   scope: ホルムズ海峡を通じて輸送される「すべての貨物」 /   conditions: 米国が海峡の安全と警備を提供するための費用の償還として提示。投稿は手続きと体制づくりを直ちに開始するとした。 /   numeric_value: 20% (numeric_scope: 投稿上の償還率。課税標準または算定基礎は明記されていない。) /   date_or_period: 2026-07-13 10:16 EDT /   notes_for_writer: 7月13日の提案が先で、7月14日の撤回・置換が後。7月14日の出来事を7月13日の価格上昇の原因として扱わない。 / ,True,False,ACCEPTABLE,,ACCEPTABLE,UNLABELED,UNLABELED,,,
neg3_hormuz_prodrunner_b1b,1,### The price refuses to follow,HF-009,[VERIFIED] HF-009: Yahoo Financeは、7月14日の撤回・投資案件への置換発表後、Brent先物が一時的に上げ幅を縮小したものの、ほどなく発表前に近い高い水準へ戻ったと報じた。記事掲載時点ではBrent先物は約2.6％高で、1バレル85ドルを上回っていた。 /   scope: 国際指標Brent原油先物の短時間の値動き /   conditions: 撤回発表以外にも、米・イラン間の攻撃、海上封鎖、タンカー安全上の懸念が継続していた。 /   numeric_value: 約 +2.6%、$85/バレル超 (numeric_scope: 記事掲載時点のリアルタイムに近い価格スナップショット。日中高値でも終値でもない) /   date_or_period: 2026-07-14、撤回発表後の取引時間中 /   causal_strength: CAUSAL_STATED_BY_SOURCE /   notes_for_writer: 撤回後に原油価格が全面的に下落したとは書かない。観測されたのは一時的な上げ幅縮小と、その後の回復。 / ,True,False,ACCEPTABLE,,ACCEPTABLE,UNLABELED,UNLABELED,UNLABELED,,
neg3_hormuz_prodrunner_b1b,1,Trump said the change was based on “very productive discussions” with Middle Eastern leaders.,HF-007,[VERIFIED] HF-007: トランプ大統領は7月14日午前11時4分（米東部夏時間）、20％の米国償還料を、湾岸諸国による対米貿易・投資案件に置き換えると投稿した。 /   scope: 7月13日に提案したホルムズ海峡通航貨物への20％償還料 /   conditions: トランプ氏は、中東指導者との「非常に生産的な協議」に基づく決定だと説明した。 /   numeric_value: 20% (numeric_scope: 撤回・置換対象となった償還率) /   date_or_period: 2026-07-14 11:04 EDT /   causal_strength: CAUSAL_STATED_BY_SOURCE /   notes_for_writer: この投稿は7月13日の提案から約24時間48分後。Ledger上では必ず7月13日の提案より後に位置付ける。 / ,False,True,ACCEPTABLE,,ACCEPTABLE,UNLABELED,UNLABELED,,,
neg3_hormuz_prodrunner_b1b,1,"Normally, removing the fee plan would seem likely to calm oil prices.",HF-009,[VERIFIED] HF-009: Yahoo Financeは、7月14日の撤回・投資案件への置換発表後、Brent先物が一時的に上げ幅を縮小したものの、ほどなく発表前に近い高い水準へ戻ったと報じた。記事掲載時点ではBrent先物は約2.6％高で、1バレル85ドルを上回っていた。 /   scope: 国際指標Brent原油先物の短時間の値動き /   conditions: 撤回発表以外にも、米・イラン間の攻撃、海上封鎖、タンカー安全上の懸念が継続していた。 /   numeric_value: 約 +2.6%、$85/バレル超 (numeric_scope: 記事掲載時点のリアルタイムに近い価格スナップショット。日中高値でも終値でもない) /   date_or_period: 2026-07-14、撤回発表後の取引時間中 /   causal_strength: CAUSAL_STATED_BY_SOURCE /   notes_for_writer: 撤回後に原油価格が全面的に下落したとは書かない。観測されたのは一時的な上げ幅縮小と、その後の回復。 / ,True,False,ACCEPTABLE,,ACCEPTABLE,UNLABELED,UNLABELED,UNLABELED,,
neg3_hormuz_prodrunner_b1b,1,"At the time of publication, oil was up about 2.6 percent and above $85 a barrel.",HF-009,[VERIFIED] HF-009: Yahoo Financeは、7月14日の撤回・投資案件への置換発表後、Brent先物が一時的に上げ幅を縮小したものの、ほどなく発表前に近い高い水準へ戻ったと報じた。記事掲載時点ではBrent先物は約2.6％高で、1バレル85ドルを上回っていた。 /   scope: 国際指標Brent原油先物の短時間の値動き /   conditions: 撤回発表以外にも、米・イラン間の攻撃、海上封鎖、タンカー安全上の懸念が継続していた。 /   numeric_value: 約 +2.6%、$85/バレル超 (numeric_scope: 記事掲載時点のリアルタイムに近い価格スナップショット。日中高値でも終値でもない) /   date_or_period: 2026-07-14、撤回発表後の取引時間中 /   causal_strength: CAUSAL_STATED_BY_SOURCE /   notes_for_writer: 撤回後に原油価格が全面的に下落したとは書かない。観測されたのは一時的な上げ幅縮小と、その後の回復。 / ,False,True,ACCEPTABLE,,ACCEPTABLE,UNLABELED,UNLABELED,UNLABELED,,
neg3_hormuz_prodrunner_b1b,1,"During that period, attacks between the United States and Iran, a sea blockade, and concerns about tanker safety continued.",HF-009,[VERIFIED] HF-009: Yahoo Financeは、7月14日の撤回・投資案件への置換発表後、Brent先物が一時的に上げ幅を縮小したものの、ほどなく発表前に近い高い水準へ戻ったと報じた。記事掲載時点ではBrent先物は約2.6％高で、1バレル85ドルを上回っていた。 /   scope: 国際指標Brent原油先物の短時間の値動き /   conditions: 撤回発表以外にも、米・イラン間の攻撃、海上封鎖、タンカー安全上の懸念が継続していた。 /   numeric_value: 約 +2.6%、$85/バレル超 (numeric_scope: 記事掲載時点のリアルタイムに近い価格スナップショット。日中高値でも終値でもない) /   date_or_period: 2026-07-14、撤回発表後の取引時間中 /   causal_strength: CAUSAL_STATED_BY_SOURCE /   notes_for_writer: 撤回後に原油価格が全面的に下落したとは書かない。観測されたのは一時的な上げ幅縮小と、その後の回復。 / ,False,True,ACCEPTABLE,,ACCEPTABLE,UNLABELED,UNLABELED,UNLABELED,,
neg3_hormuz_prodrunner_b1b,1,The lesson is that changing the words in an announcement does not always change the price in the same way.,HF-009,[VERIFIED] HF-009: Yahoo Financeは、7月14日の撤回・投資案件への置換発表後、Brent先物が一時的に上げ幅を縮小したものの、ほどなく発表前に近い高い水準へ戻ったと報じた。記事掲載時点ではBrent先物は約2.6％高で、1バレル85ドルを上回っていた。 /   scope: 国際指標Brent原油先物の短時間の値動き /   conditions: 撤回発表以外にも、米・イラン間の攻撃、海上封鎖、タンカー安全上の懸念が継続していた。 /   numeric_value: 約 +2.6%、$85/バレル超 (numeric_scope: 記事掲載時点のリアルタイムに近い価格スナップショット。日中高値でも終値でもない) /   date_or_period: 2026-07-14、撤回発表後の取引時間中 /   causal_strength: CAUSAL_STATED_BY_SOURCE /   notes_for_writer: 撤回後に原油価格が全面的に下落したとは書かない。観測されたのは一時的な上げ幅縮小と、その後の回復。 / ,True,False,ACCEPTABLE,,QUALITY,UNLABELED,UNLABELED,UNLABELED,,
neg3_hormuz_prodrunner_b1b,1,"The fee plan may be replaced, but events continuing at the same time do not simply disappear backstage because of one announcement.",HF-009,[VERIFIED] HF-009: Yahoo Financeは、7月14日の撤回・投資案件への置換発表後、Brent先物が一時的に上げ幅を縮小したものの、ほどなく発表前に近い高い水準へ戻ったと報じた。記事掲載時点ではBrent先物は約2.6％高で、1バレル85ドルを上回っていた。 /   scope: 国際指標Brent原油先物の短時間の値動き /   conditions: 撤回発表以外にも、米・イラン間の攻撃、海上封鎖、タンカー安全上の懸念が継続していた。 /   numeric_value: 約 +2.6%、$85/バレル超 (numeric_scope: 記事掲載時点のリアルタイムに近い価格スナップショット。日中高値でも終値でもない) /   date_or_period: 2026-07-14、撤回発表後の取引時間中 /   causal_strength: CAUSAL_STATED_BY_SOURCE /   notes_for_writer: 撤回後に原油価格が全面的に下落したとは書かない。観測されたのは一時的な上げ幅縮小と、その後の回復。 / ,True,False,ACCEPTABLE,,QUALITY,UNLABELED,UNLABELED,UNLABELED,,
neg3_hormuz_prodrunner_b1b,1,"The fee plan left the stage, but the events driving oil prices—and the prices themselves—quickly returned.",HF-009,[VERIFIED] HF-009: Yahoo Financeは、7月14日の撤回・投資案件への置換発表後、Brent先物が一時的に上げ幅を縮小したものの、ほどなく発表前に近い高い水準へ戻ったと報じた。記事掲載時点ではBrent先物は約2.6％高で、1バレル85ドルを上回っていた。 /   scope: 国際指標Brent原油先物の短時間の値動き /   conditions: 撤回発表以外にも、米・イラン間の攻撃、海上封鎖、タンカー安全上の懸念が継続していた。 /   numeric_value: 約 +2.6%、$85/バレル超 (numeric_scope: 記事掲載時点のリアルタイムに近い価格スナップショット。日中高値でも終値でもない) /   date_or_period: 2026-07-14、撤回発表後の取引時間中 /   causal_strength: CAUSAL_STATED_BY_SOURCE /   notes_for_writer: 撤回後に原油価格が全面的に下落したとは書かない。観測されたのは一時的な上げ幅縮小と、その後の回復。 / ,True,False,BLOCKING,deterministic_floor:changed_time,BLOCKING,UNLABELED,Y,UNLABELED,rca_22_sonnet_guess,
neg3_hormuz_prodrunner_b1b,1,"But the next day, July 14, he posted that the 20 percent fee would be replaced by trade and investment deals between Gulf states and the United States.",HF-009,[VERIFIED] HF-009: Yahoo Financeは、7月14日の撤回・投資案件への置換発表後、Brent先物が一時的に上げ幅を縮小したものの、ほどなく発表前に近い高い水準へ戻ったと報じた。記事掲載時点ではBrent先物は約2.6％高で、1バレル85ドルを上回っていた。 /   scope: 国際指標Brent原油先物の短時間の値動き /   conditions: 撤回発表以外にも、米・イラン間の攻撃、海上封鎖、タンカー安全上の懸念が継続していた。 /   numeric_value: 約 +2.6%、$85/バレル超 (numeric_scope: 記事掲載時点のリアルタイムに近い価格スナップショット。日中高値でも終値でもない) /   date_or_period: 2026-07-14、撤回発表後の取引時間中 /   causal_strength: CAUSAL_STATED_BY_SOURCE /   notes_for_writer: 撤回後に原油価格が全面的に下落したとは書かない。観測されたのは一時的な上げ幅縮小と、その後の回復。 / ,,,ACCEPTABLE,,ACCEPTABLE,UNLABELED,UNLABELED,UNLABELED,,
neg3_hormuz_prodrunner_b1b,1,"At the time of publication, oil was up about 2.",HF-009,[VERIFIED] HF-009: Yahoo Financeは、7月14日の撤回・投資案件への置換発表後、Brent先物が一時的に上げ幅を縮小したものの、ほどなく発表前に近い高い水準へ戻ったと報じた。記事掲載時点ではBrent先物は約2.6％高で、1バレル85ドルを上回っていた。 /   scope: 国際指標Brent原油先物の短時間の値動き /   conditions: 撤回発表以外にも、米・イラン間の攻撃、海上封鎖、タンカー安全上の懸念が継続していた。 /   numeric_value: 約 +2.6%、$85/バレル超 (numeric_scope: 記事掲載時点のリアルタイムに近い価格スナップショット。日中高値でも終値でもない) /   date_or_period: 2026-07-14、撤回発表後の取引時間中 /   causal_strength: CAUSAL_STATED_BY_SOURCE /   notes_for_writer: 撤回後に原油価格が全面的に下落したとは書かない。観測されたのは一時的な上げ幅縮小と、その後の回復。 / ,,,ACCEPTABLE,,ACCEPTABLE,UNLABELED,UNLABELED,UNLABELED,,
neg3_hormuz_prodrunner_b1b,1,6 percent and above $85 a barrel.,HF-009,[VERIFIED] HF-009: Yahoo Financeは、7月14日の撤回・投資案件への置換発表後、Brent先物が一時的に上げ幅を縮小したものの、ほどなく発表前に近い高い水準へ戻ったと報じた。記事掲載時点ではBrent先物は約2.6％高で、1バレル85ドルを上回っていた。 /   scope: 国際指標Brent原油先物の短時間の値動き /   conditions: 撤回発表以外にも、米・イラン間の攻撃、海上封鎖、タンカー安全上の懸念が継続していた。 /   numeric_value: 約 +2.6%、$85/バレル超 (numeric_scope: 記事掲載時点のリアルタイムに近い価格スナップショット。日中高値でも終値でもない) /   date_or_period: 2026-07-14、撤回発表後の取引時間中 /   causal_strength: CAUSAL_STATED_BY_SOURCE /   notes_for_writer: 撤回後に原油価格が全面的に下落したとは書かない。観測されたのは一時的な上げ幅縮小と、その後の回復。 / ,,,ACCEPTABLE,,ACCEPTABLE,UNLABELED,UNLABELED,UNLABELED,,
neg3_hormuz_prodrunner_b1b,2,"The fee plan left the stage, but the prices themselves quickly returned.",HF-009,[VERIFIED] HF-009: Yahoo Financeは、7月14日の撤回・投資案件への置換発表後、Brent先物が一時的に上げ幅を縮小したものの、ほどなく発表前に近い高い水準へ戻ったと報じた。記事掲載時点ではBrent先物は約2.6％高で、1バレル85ドルを上回っていた。 /   scope: 国際指標Brent原油先物の短時間の値動き /   conditions: 撤回発表以外にも、米・イラン間の攻撃、海上封鎖、タンカー安全上の懸念が継続していた。 /   numeric_value: 約 +2.6%、$85/バレル超 (numeric_scope: 記事掲載時点のリアルタイムに近い価格スナップショット。日中高値でも終値でもない) /   date_or_period: 2026-07-14、撤回発表後の取引時間中 /   causal_strength: CAUSAL_STATED_BY_SOURCE /   notes_for_writer: 撤回後に原油価格が全面的に下落したとは書かない。観測されたのは一時的な上げ幅縮小と、その後の回復。 / ,,,ACCEPTABLE,,ACCEPTABLE,UNLABELED,UNLABELED,,,
neg3_hormuz_prodrunner_b1b,2,"A large number suddenly appeared, making the proposal the story’s new lead.",HF-002,[VERIFIED] HF-002: ドナルド・トランプ米大統領は7月13日午前10時16分（米東部夏時間）、米国がホルムズ海峡の安全確保に要する費用について、同海峡を通るすべての貨物に20％の率で償還を求めると投稿した。 /   scope: ホルムズ海峡を通じて輸送される「すべての貨物」 /   conditions: 米国が海峡の安全と警備を提供するための費用の償還として提示。投稿は手続きと体制づくりを直ちに開始するとした。 /   numeric_value: 20% (numeric_scope: 投稿上の償還率。課税標準または算定基礎は明記されていない。) /   date_or_period: 2026-07-13 10:16 EDT /   notes_for_writer: 7月13日の提案が先で、7月14日の撤回・置換が後。7月14日の出来事を7月13日の価格上昇の原因として扱わない。 / ,True,False,ACCEPTABLE,,ACCEPTABLE,UNLABELED,UNLABELED,,,
neg3_hormuz_prodrunner_b1b,2,"The fee plan may be replaced, but events continuing at the same time do not simply disappear backstage because of one announcement.",HF-009,[VERIFIED] HF-009: Yahoo Financeは、7月14日の撤回・投資案件への置換発表後、Brent先物が一時的に上げ幅を縮小したものの、ほどなく発表前に近い高い水準へ戻ったと報じた。記事掲載時点ではBrent先物は約2.6％高で、1バレル85ドルを上回っていた。 /   scope: 国際指標Brent原油先物の短時間の値動き /   conditions: 撤回発表以外にも、米・イラン間の攻撃、海上封鎖、タンカー安全上の懸念が継続していた。 /   numeric_value: 約 +2.6%、$85/バレル超 (numeric_scope: 記事掲載時点のリアルタイムに近い価格スナップショット。日中高値でも終値でもない) /   date_or_period: 2026-07-14、撤回発表後の取引時間中 /   causal_strength: CAUSAL_STATED_BY_SOURCE /   notes_for_writer: 撤回後に原油価格が全面的に下落したとは書かない。観測されたのは一時的な上げ幅縮小と、その後の回復。 / ,True,False,ACCEPTABLE,,QUALITY,UNLABELED,UNLABELED,,,
neg3_hormuz_prodrunner_b1b,3,"Oil-price news sometimes gets its biggest twist not from a policy announcement, but from what prices do after it.",HF-009,[VERIFIED] HF-009: Yahoo Financeは、7月14日の撤回・投資案件への置換発表後、Brent先物が一時的に上げ幅を縮小したものの、ほどなく発表前に近い高い水準へ戻ったと報じた。記事掲載時点ではBrent先物は約2.6％高で、1バレル85ドルを上回っていた。 /   scope: 国際指標Brent原油先物の短時間の値動き /   conditions: 撤回発表以外にも、米・イラン間の攻撃、海上封鎖、タンカー安全上の懸念が継続していた。 /   numeric_value: 約 +2.6%、$85/バレル超 (numeric_scope: 記事掲載時点のリアルタイムに近い価格スナップショット。日中高値でも終値でもない) /   date_or_period: 2026-07-14、撤回発表後の取引時間中 /   causal_strength: CAUSAL_STATED_BY_SOURCE /   notes_for_writer: 撤回後に原油価格が全面的に下落したとは書かない。観測されたのは一時的な上げ幅縮小と、その後の回復。 / ,True,False,ACCEPTABLE,,ACCEPTABLE,UNLABELED,UNLABELED,,,
neg3_hormuz_prodrunner_b1b,3,"This time, the fee plan left the stage, but the price did not leave with it.",HF-007,[VERIFIED] HF-007: トランプ大統領は7月14日午前11時4分（米東部夏時間）、20％の米国償還料を、湾岸諸国による対米貿易・投資案件に置き換えると投稿した。 /   scope: 7月13日に提案したホルムズ海峡通航貨物への20％償還料 /   conditions: トランプ氏は、中東指導者との「非常に生産的な協議」に基づく決定だと説明した。 /   numeric_value: 20% (numeric_scope: 撤回・置換対象となった償還率) /   date_or_period: 2026-07-14 11:04 EDT /   causal_strength: CAUSAL_STATED_BY_SOURCE /   notes_for_writer: この投稿は7月13日の提案から約24時間48分後。Ledger上では必ず7月13日の提案より後に位置付ける。 / ,True,False,ACCEPTABLE,,ACCEPTABLE,UNLABELED,UNLABELED,,,
neg3_hormuz_prodrunner_b1b,3,# The 20 Percent Fee Plan Is Withdrawn—But Oil Prices Quickly Return,HF-009,[VERIFIED] HF-009: Yahoo Financeは、7月14日の撤回・投資案件への置換発表後、Brent先物が一時的に上げ幅を縮小したものの、ほどなく発表前に近い高い水準へ戻ったと報じた。記事掲載時点ではBrent先物は約2.6％高で、1バレル85ドルを上回っていた。 /   scope: 国際指標Brent原油先物の短時間の値動き /   conditions: 撤回発表以外にも、米・イラン間の攻撃、海上封鎖、タンカー安全上の懸念が継続していた。 /   numeric_value: 約 +2.6%、$85/バレル超 (numeric_scope: 記事掲載時点のリアルタイムに近い価格スナップショット。日中高値でも終値でもない) /   date_or_period: 2026-07-14、撤回発表後の取引時間中 /   causal_strength: CAUSAL_STATED_BY_SOURCE /   notes_for_writer: 撤回後に原油価格が全面的に下落したとは書かない。観測されたのは一時的な上げ幅縮小と、その後の回復。 / ,True,False,ACCEPTABLE,,ACCEPTABLE,UNLABELED,UNLABELED,,,
neg3_hormuz_prodrunner_b1b,3,"A large number suddenly appeared, making the proposal the story’s new lead.",HF-002,[VERIFIED] HF-002: ドナルド・トランプ米大統領は7月13日午前10時16分（米東部夏時間）、米国がホルムズ海峡の安全確保に要する費用について、同海峡を通るすべての貨物に20％の率で償還を求めると投稿した。 /   scope: ホルムズ海峡を通じて輸送される「すべての貨物」 /   conditions: 米国が海峡の安全と警備を提供するための費用の償還として提示。投稿は手続きと体制づくりを直ちに開始するとした。 /   numeric_value: 20% (numeric_scope: 投稿上の償還率。課税標準または算定基礎は明記されていない。) /   date_or_period: 2026-07-13 10:16 EDT /   notes_for_writer: 7月13日の提案が先で、7月14日の撤回・置換が後。7月14日の出来事を7月13日の価格上昇の原因として扱わない。 / ,True,False,ACCEPTABLE,,ACCEPTABLE,UNLABELED,UNLABELED,,,
neg3_hormuz_prodrunner_b1b,3,"Normally, removing the fee plan would seem likely to calm oil prices.",HF-009,[VERIFIED] HF-009: Yahoo Financeは、7月14日の撤回・投資案件への置換発表後、Brent先物が一時的に上げ幅を縮小したものの、ほどなく発表前に近い高い水準へ戻ったと報じた。記事掲載時点ではBrent先物は約2.6％高で、1バレル85ドルを上回っていた。 /   scope: 国際指標Brent原油先物の短時間の値動き /   conditions: 撤回発表以外にも、米・イラン間の攻撃、海上封鎖、タンカー安全上の懸念が継続していた。 /   numeric_value: 約 +2.6%、$85/バレル超 (numeric_scope: 記事掲載時点のリアルタイムに近い価格スナップショット。日中高値でも終値でもない) /   date_or_period: 2026-07-14、撤回発表後の取引時間中 /   causal_strength: CAUSAL_STATED_BY_SOURCE /   notes_for_writer: 撤回後に原油価格が全面的に下落したとは書かない。観測されたのは一時的な上げ幅縮小と、その後の回復。 / ,True,False,ACCEPTABLE,,ACCEPTABLE,UNLABELED,UNLABELED,,,
neg3_hormuz_prodrunner_b1b,3,"At the time of publication, oil was up about 2.6 percent and above $85 a barrel.",HF-009,[VERIFIED] HF-009: Yahoo Financeは、7月14日の撤回・投資案件への置換発表後、Brent先物が一時的に上げ幅を縮小したものの、ほどなく発表前に近い高い水準へ戻ったと報じた。記事掲載時点ではBrent先物は約2.6％高で、1バレル85ドルを上回っていた。 /   scope: 国際指標Brent原油先物の短時間の値動き /   conditions: 撤回発表以外にも、米・イラン間の攻撃、海上封鎖、タンカー安全上の懸念が継続していた。 /   numeric_value: 約 +2.6%、$85/バレル超 (numeric_scope: 記事掲載時点のリアルタイムに近い価格スナップショット。日中高値でも終値でもない) /   date_or_period: 2026-07-14、撤回発表後の取引時間中 /   causal_strength: CAUSAL_STATED_BY_SOURCE /   notes_for_writer: 撤回後に原油価格が全面的に下落したとは書かない。観測されたのは一時的な上げ幅縮小と、その後の回復。 / ,False,True,ACCEPTABLE,,ACCEPTABLE,UNLABELED,UNLABELED,,,
neg3_hormuz_prodrunner_b1b,3,The lesson is that changing the words in an announcement does not always change the price in the same way.,HF-009,[VERIFIED] HF-009: Yahoo Financeは、7月14日の撤回・投資案件への置換発表後、Brent先物が一時的に上げ幅を縮小したものの、ほどなく発表前に近い高い水準へ戻ったと報じた。記事掲載時点ではBrent先物は約2.6％高で、1バレル85ドルを上回っていた。 /   scope: 国際指標Brent原油先物の短時間の値動き /   conditions: 撤回発表以外にも、米・イラン間の攻撃、海上封鎖、タンカー安全上の懸念が継続していた。 /   numeric_value: 約 +2.6%、$85/バレル超 (numeric_scope: 記事掲載時点のリアルタイムに近い価格スナップショット。日中高値でも終値でもない) /   date_or_period: 2026-07-14、撤回発表後の取引時間中 /   causal_strength: CAUSAL_STATED_BY_SOURCE /   notes_for_writer: 撤回後に原油価格が全面的に下落したとは書かない。観測されたのは一時的な上げ幅縮小と、その後の回復。 / ,True,False,ACCEPTABLE,,QUALITY,UNLABELED,UNLABELED,,,
neg3_hormuz_prodrunner_b1b,3,"The fee plan may be replaced, but events continuing at the same time do not simply disappear backstage because of one announcement.",HF-009,[VERIFIED] HF-009: Yahoo Financeは、7月14日の撤回・投資案件への置換発表後、Brent先物が一時的に上げ幅を縮小したものの、ほどなく発表前に近い高い水準へ戻ったと報じた。記事掲載時点ではBrent先物は約2.6％高で、1バレル85ドルを上回っていた。 /   scope: 国際指標Brent原油先物の短時間の値動き /   conditions: 撤回発表以外にも、米・イラン間の攻撃、海上封鎖、タンカー安全上の懸念が継続していた。 /   numeric_value: 約 +2.6%、$85/バレル超 (numeric_scope: 記事掲載時点のリアルタイムに近い価格スナップショット。日中高値でも終値でもない) /   date_or_period: 2026-07-14、撤回発表後の取引時間中 /   causal_strength: CAUSAL_STATED_BY_SOURCE /   notes_for_writer: 撤回後に原油価格が全面的に下落したとは書かない。観測されたのは一時的な上げ幅縮小と、その後の回復。 / ,True,False,ACCEPTABLE,,QUALITY,UNLABELED,UNLABELED,,,
neg7_meta_prodrunner_b1b,1,# It Was Supposed to Be an AI Call—Then a Human Appeared Backstage,MUSE-HC-006,[VERIFIED] MUSE-HC-006: MetaはMuse経由の電話の一部について、AIではなく訓練を受けた人間の契約スタッフが電話をかけ、相手とのやり取りを完了させる「human concierge」「human agent calls」のテストを実施した。 /   scope: Muse経由で発信された電話の一部 /   conditions: Museから人間の訓練済みエージェントへ依頼が引き渡されるテスト条件 /   date_or_period: 2026年9月中旬 /   notes_for_writer: 全ての電話を人間が担当したとは書かない。「一部の電話」「テスト」と限定する。 ([channelnewsasia.com](https://www.channelnewsasia.com/business/exclusive-meta-testing-human-concierge-its-new-personal-ai-agent-muse-6402946)) / ,True,False,ACCEPTABLE,,ACCEPTABLE,UNLABELED,UNLABELED,UNLABELED,,
neg7_meta_prodrunner_b1b,1,Imagine asking AI to book a haircut.,MUSE-HC-004,[VERIFIED] MUSE-HC-004: Museの電話機能では、ユーザーが米国内の企業・店舗へ電話をかけるよう指示し、散髪の予約、在庫確認、業者からの見積もり取得などを依頼できるとReutersが報じた。 /   scope: 米国内の企業・店舗への発信 /   conditions: Museの電話機能が利用可能なユーザー /   date_or_period: 2026年9月中旬までに公開・展開 /   notes_for_writer: Reuters報道の転載。Meta公式発表ページでは電話機能の詳細までは確認できない。 ([channelnewsasia.com](https://www.channelnewsasia.com/business/exclusive-meta-testing-human-concierge-its-new-personal-ai-agent-muse-6402946)) / ,True,False,ACCEPTABLE,deterministic_floor:changed_actor,BLOCKING,UNLABELED,UNDECIDABLE,UNLABELED,rca_22_sonnet_guess,
neg7_meta_prodrunner_b1b,1,"In this convenient future, the AI on your screen handles everything for you.",MUSE-HC-002,[VERIFIED] MUSE-HC-002: Metaの説明では、Museは専用のクラウド仮想マシン「Muse Secure VM」上で動作し、ブラウザーを開く、フォームに入力する、ユーザーに代わって交渉するなどの作業を実行できる。 /   scope: Museの公式製品設計・機能説明 /   conditions: Museに必要な権限が付与され、対象サービスへ接続されている場合 /   date_or_period: 2026年9月8日時点 /   notes_for_writer: 機能の存在を示す事実。実際の性能や成功率を示す事実ではない。 ([about.fb.com](https://about.fb.com/news/2026/09/introducing-muse-personal-ai-agent/)) / ,True,False,QUALITY,,QUALITY,UNLABELED,UNLABELED,,,
neg7_meta_prodrunner_b1b,1,"So it sounds like a simple story: you make a request, and AI takes care of the call.",MUSE-HC-006,[VERIFIED] MUSE-HC-006: MetaはMuse経由の電話の一部について、AIではなく訓練を受けた人間の契約スタッフが電話をかけ、相手とのやり取りを完了させる「human concierge」「human agent calls」のテストを実施した。 /   scope: Muse経由で発信された電話の一部 /   conditions: Museから人間の訓練済みエージェントへ依頼が引き渡されるテスト条件 /   date_or_period: 2026年9月中旬 /   notes_for_writer: 全ての電話を人間が担当したとは書かない。「一部の電話」「テスト」と限定する。 ([channelnewsasia.com](https://www.channelnewsasia.com/business/exclusive-meta-testing-human-concierge-its-new-personal-ai-agent-muse-6402946)) / ,True,False,ACCEPTABLE,deterministic_floor:changed_actor,BLOCKING,UNLABELED,N,UNLABELED,rca_22_sonnet_guess,
neg7_meta_prodrunner_b1b,1,But the picture changed once people looked behind the stage.,MUSE-HC-006,[VERIFIED] MUSE-HC-006: MetaはMuse経由の電話の一部について、AIではなく訓練を受けた人間の契約スタッフが電話をかけ、相手とのやり取りを完了させる「human concierge」「human agent calls」のテストを実施した。 /   scope: Muse経由で発信された電話の一部 /   conditions: Museから人間の訓練済みエージェントへ依頼が引き渡されるテスト条件 /   date_or_period: 2026年9月中旬 /   notes_for_writer: 全ての電話を人間が担当したとは書かない。「一部の電話」「テスト」と限定する。 ([channelnewsasia.com](https://www.channelnewsasia.com/business/exclusive-meta-testing-human-concierge-its-new-personal-ai-agent-muse-6402946)) / ,True,False,ACCEPTABLE,,ACCEPTABLE,UNLABELED,UNLABELED,UNLABELED,,
neg7_meta_prodrunner_b1b,1,### The call that was not made by AI,MUSE-HC-006,[VERIFIED] MUSE-HC-006: MetaはMuse経由の電話の一部について、AIではなく訓練を受けた人間の契約スタッフが電話をかけ、相手とのやり取りを完了させる「human concierge」「human agent calls」のテストを実施した。 /   scope: Muse経由で発信された電話の一部 /   conditions: Museから人間の訓練済みエージェントへ依頼が引き渡されるテスト条件 /   date_or_period: 2026年9月中旬 /   notes_for_writer: 全ての電話を人間が担当したとは書かない。「一部の電話」「テスト」と限定する。 ([channelnewsasia.com](https://www.channelnewsasia.com/business/exclusive-meta-testing-human-concierge-its-new-personal-ai-agent-muse-6402946)) / ,True,False,ACCEPTABLE,,ACCEPTABLE,UNLABELED,UNLABELED,UNLABELED,,
neg7_meta_prodrunner_b1b,1,Some calls through Muse were not made by AI at all.,MUSE-HC-006,[VERIFIED] MUSE-HC-006: MetaはMuse経由の電話の一部について、AIではなく訓練を受けた人間の契約スタッフが電話をかけ、相手とのやり取りを完了させる「human concierge」「human agent calls」のテストを実施した。 /   scope: Muse経由で発信された電話の一部 /   conditions: Museから人間の訓練済みエージェントへ依頼が引き渡されるテスト条件 /   date_or_period: 2026年9月中旬 /   notes_for_writer: 全ての電話を人間が担当したとは書かない。「一部の電話」「テスト」と限定する。 ([channelnewsasia.com](https://www.channelnewsasia.com/business/exclusive-meta-testing-human-concierge-its-new-personal-ai-agent-muse-6402946)) / ,False,True,ACCEPTABLE,,ACCEPTABLE,UNLABELED,UNLABELED,UNLABELED,,
neg7_meta_prodrunner_b1b,1,It was like an AI-led play with a hidden supporting actor.,MUSE-HC-006,[VERIFIED] MUSE-HC-006: MetaはMuse経由の電話の一部について、AIではなく訓練を受けた人間の契約スタッフが電話をかけ、相手とのやり取りを完了させる「human concierge」「human agent calls」のテストを実施した。 /   scope: Muse経由で発信された電話の一部 /   conditions: Museから人間の訓練済みエージェントへ依頼が引き渡されるテスト条件 /   date_or_period: 2026年9月中旬 /   notes_for_writer: 全ての電話を人間が担当したとは書かない。「一部の電話」「テスト」と限定する。 ([channelnewsasia.com](https://www.channelnewsasia.com/business/exclusive-meta-testing-human-concierge-its-new-personal-ai-agent-muse-6402946)) / ,True,False,ACCEPTABLE,deterministic_floor:changed_comparison,BLOCKING,UNLABELED,N,UNLABELED,rca_22_sonnet_guess,
neg7_meta_prodrunner_b1b,1,The hidden role made the simple picture less simple.,MUSE-HC-006,[VERIFIED] MUSE-HC-006: MetaはMuse経由の電話の一部について、AIではなく訓練を受けた人間の契約スタッフが電話をかけ、相手とのやり取りを完了させる「human concierge」「human agent calls」のテストを実施した。 /   scope: Muse経由で発信された電話の一部 /   conditions: Museから人間の訓練済みエージェントへ依頼が引き渡されるテスト条件 /   date_or_period: 2026年9月中旬 /   notes_for_writer: 全ての電話を人間が担当したとは書かない。「一部の電話」「テスト」と限定する。 ([channelnewsasia.com](https://www.channelnewsasia.com/business/exclusive-meta-testing-human-concierge-its-new-personal-ai-agent-muse-6402946)) / ,True,False,ACCEPTABLE,,ACCEPTABLE,UNLABELED,UNLABELED,UNLABELED,,
neg7_meta_prodrunner_b1b,1,### Why the hidden role mattered,MUSE-HC-010,[VERIFIED] MUSE-HC-010: Meta従業員は、人間の契約スタッフが電話を担当すると、電話中にユーザーの機微情報がコールセンターの契約スタッフへ意図せず共有される可能性があるとして、社内でプライバシー上の懸念を示した。 /   scope: 人間の契約スタッフがMuse経由の電話を担当するテスト /   conditions: 電話の遂行にユーザー情報が必要となる場合 /   date_or_period: 2026年9月中旬〜2026年9月22日 /   causal_strength: OBSERVED_REPORTED /   notes_for_writer: 懸念の存在を示す事実。実際の大規模な情報漏えいが発生したと断定しない。 ([channelnewsasia.com](https://www.channelnewsasia.com/business/exclusive-meta-testing-human-concierge-its-new-personal-ai-agent-muse-6402946)) / ,True,False,ACCEPTABLE,,ACCEPTABLE,UNLABELED,UNLABELED,UNLABELED,,
neg7_meta_prodrunner_b1b,1,The issue was not that humans handled calls.,MUSE-HC-010,[VERIFIED] MUSE-HC-010: Meta従業員は、人間の契約スタッフが電話を担当すると、電話中にユーザーの機微情報がコールセンターの契約スタッフへ意図せず共有される可能性があるとして、社内でプライバシー上の懸念を示した。 /   scope: 人間の契約スタッフがMuse経由の電話を担当するテスト /   conditions: 電話の遂行にユーザー情報が必要となる場合 /   date_or_period: 2026年9月中旬〜2026年9月22日 /   causal_strength: OBSERVED_REPORTED /   notes_for_writer: 懸念の存在を示す事実。実際の大規模な情報漏えいが発生したと断定しない。 ([channelnewsasia.com](https://www.channelnewsasia.com/business/exclusive-meta-testing-human-concierge-its-new-personal-ai-agent-muse-6402946)) / ,True,False,ACCEPTABLE,"deterministic_floor:changed_negation,changed_comparison",BLOCKING,UNLABELED,N,UNLABELED,rca_22_sonnet_guess,
neg7_meta_prodrunner_b1b,1,It was that testing began without clearly telling users about it.,MUSE-HC-012,[VERIFIED] MUSE-HC-012: MetaのSuperintelligence Labs部門の副社長は、適切な開示なしに契約スタッフが電話をかけるテストを開始したことを「ミス」だったと認め、機能を当面ロールバックしたと社内投稿で説明した。 /   scope: Meta社内テストの人間コンシェルジュ機能 /   conditions: 適切な開示なしで契約スタッフが電話を担当していたテスト /   date_or_period: 2026年9月22日まで /   notes_for_writer: 「サービス全体を停止した」とは書かない。ロールバック対象は人間コンシェルジュ機能として扱う。 ([channelnewsasia.com](https://www.channelnewsasia.com/business/exclusive-meta-testing-human-concierge-its-new-personal-ai-agent-muse-6402946)) / ,True,False,QUALITY,,QUALITY,UNLABELED,UNLABELED,UNLABELED,,
neg7_meta_prodrunner_b1b,1,A service that seemed simple now looked like a mystery story.,MUSE-HC-010,[VERIFIED] MUSE-HC-010: Meta従業員は、人間の契約スタッフが電話を担当すると、電話中にユーザーの機微情報がコールセンターの契約スタッフへ意図せず共有される可能性があるとして、社内でプライバシー上の懸念を示した。 /   scope: 人間の契約スタッフがMuse経由の電話を担当するテスト /   conditions: 電話の遂行にユーザー情報が必要となる場合 /   date_or_period: 2026年9月中旬〜2026年9月22日 /   causal_strength: OBSERVED_REPORTED /   notes_for_writer: 懸念の存在を示す事実。実際の大規模な情報漏えいが発生したと断定しない。 ([channelnewsasia.com](https://www.channelnewsasia.com/business/exclusive-meta-testing-human-concierge-its-new-personal-ai-agent-muse-6402946)) / ,True,False,ACCEPTABLE,deterministic_floor:changed_comparison,BLOCKING,UNLABELED,N,UNLABELED,rca_22_sonnet_guess,
neg7_meta_prodrunner_b1b,1,No large information leak was confirmed.,MUSE-HC-010,[VERIFIED] MUSE-HC-010: Meta従業員は、人間の契約スタッフが電話を担当すると、電話中にユーザーの機微情報がコールセンターの契約スタッフへ意図せず共有される可能性があるとして、社内でプライバシー上の懸念を示した。 /   scope: 人間の契約スタッフがMuse経由の電話を担当するテスト /   conditions: 電話の遂行にユーザー情報が必要となる場合 /   date_or_period: 2026年9月中旬〜2026年9月22日 /   causal_strength: OBSERVED_REPORTED /   notes_for_writer: 懸念の存在を示す事実。実際の大規模な情報漏えいが発生したと断定しない。 ([channelnewsasia.com](https://www.channelnewsasia.com/business/exclusive-meta-testing-human-concierge-its-new-personal-ai-agent-muse-6402946)) / ,True,False,QUALITY,deterministic_floor:changed_negation,BLOCKING,UNLABELED,N,UNLABELED,rca_22_sonnet_guess,
neg7_meta_prodrunner_b1b,1,But users could not know who was really doing the work they had asked AI to do—and their personal information might reach that person.,MUSE-HC-010,[VERIFIED] MUSE-HC-010: Meta従業員は、人間の契約スタッフが電話を担当すると、電話中にユーザーの機微情報がコールセンターの契約スタッフへ意図せず共有される可能性があるとして、社内でプライバシー上の懸念を示した。 /   scope: 人間の契約スタッフがMuse経由の電話を担当するテスト /   conditions: 電話の遂行にユーザー情報が必要となる場合 /   date_or_period: 2026年9月中旬〜2026年9月22日 /   causal_strength: OBSERVED_REPORTED /   notes_for_writer: 懸念の存在を示す事実。実際の大規模な情報漏えいが発生したと断定しない。 ([channelnewsasia.com](https://www.channelnewsasia.com/business/exclusive-meta-testing-human-concierge-its-new-personal-ai-agent-muse-6402946)) / ,True,False,ACCEPTABLE,deterministic_floor:changed_actor,BLOCKING,UNLABELED,UNDECIDABLE,UNLABELED,rca_22_sonnet_guess,
neg7_meta_prodrunner_b1b,1,That uncertainty turned convenience into a mystery.,MUSE-HC-010,[VERIFIED] MUSE-HC-010: Meta従業員は、人間の契約スタッフが電話を担当すると、電話中にユーザーの機微情報がコールセンターの契約スタッフへ意図せず共有される可能性があるとして、社内でプライバシー上の懸念を示した。 /   scope: 人間の契約スタッフがMuse経由の電話を担当するテスト /   conditions: 電話の遂行にユーザー情報が必要となる場合 /   date_or_period: 2026年9月中旬〜2026年9月22日 /   causal_strength: OBSERVED_REPORTED /   notes_for_writer: 懸念の存在を示す事実。実際の大規模な情報漏えいが発生したと断定しない。 ([channelnewsasia.com](https://www.channelnewsasia.com/business/exclusive-meta-testing-human-concierge-its-new-personal-ai-agent-muse-6402946)) / ,True,False,ACCEPTABLE,deterministic_floor:changed_comparison,BLOCKING,UNLABELED,N,UNLABELED,rca_22_sonnet_guess,
neg7_meta_prodrunner_b1b,1,Meta then temporarily put the human-call feature back on hold.,MUSE-HC-012,[VERIFIED] MUSE-HC-012: MetaのSuperintelligence Labs部門の副社長は、適切な開示なしに契約スタッフが電話をかけるテストを開始したことを「ミス」だったと認め、機能を当面ロールバックしたと社内投稿で説明した。 /   scope: Meta社内テストの人間コンシェルジュ機能 /   conditions: 適切な開示なしで契約スタッフが電話を担当していたテスト /   date_or_period: 2026年9月22日まで /   notes_for_writer: 「サービス全体を停止した」とは書かない。ロールバック対象は人間コンシェルジュ機能として扱う。 ([channelnewsasia.com](https://www.channelnewsasia.com/business/exclusive-meta-testing-human-concierge-its-new-personal-ai-agent-muse-6402946)) / ,False,True,ACCEPTABLE,,ACCEPTABLE,UNLABELED,UNLABELED,UNLABELED,,
neg7_meta_prodrunner_b1b,1,The company did not stop Muse itself.,MUSE-HC-012,[VERIFIED] MUSE-HC-012: MetaのSuperintelligence Labs部門の副社長は、適切な開示なしに契約スタッフが電話をかけるテストを開始したことを「ミス」だったと認め、機能を当面ロールバックしたと社内投稿で説明した。 /   scope: Meta社内テストの人間コンシェルジュ機能 /   conditions: 適切な開示なしで契約スタッフが電話を担当していたテスト /   date_or_period: 2026年9月22日まで /   notes_for_writer: 「サービス全体を停止した」とは書かない。ロールバック対象は人間コンシェルジュ機能として扱う。 ([channelnewsasia.com](https://www.channelnewsasia.com/business/exclusive-meta-testing-human-concierge-its-new-personal-ai-agent-muse-6402946)) / ,True,False,ACCEPTABLE,deterministic_floor:changed_negation,BLOCKING,UNLABELED,N,UNLABELED,rca_22_sonnet_guess,
neg7_meta_prodrunner_b1b,1,"In the future, Meta will make the feature public only when it is ready and can clearly explain who will make the call.",MUSE-HC-014,[VERIFIED] MUSE-HC-014: Metaは、電話機能について、商業者との改善を続け、準備が整い、適切な開示ができる場合にのみ公開展開すると広報担当者を通じて説明した。 /   scope: Museの電話機能および人間コンシェルジュを含む可能性のある運用 /   conditions: 準備完了および適切な開示が整うこと /   date_or_period: 2026年9月22日時点 /   notes_for_writer: 公開済みの一般機能と、ロールバックされた人間コンシェルジュ実験を区別する。 ([channelnewsasia.com](https://www.channelnewsasia.com/business/exclusive-meta-testing-human-concierge-its-new-personal-ai-agent-muse-6402946)) / ,True,False,QUALITY,,QUALITY,UNLABELED,UNLABELED,,,
neg7_meta_prodrunner_b1b,1,"Even in an age when AI does our work, a human may still need to help.",MUSE-HC-006,[VERIFIED] MUSE-HC-006: MetaはMuse経由の電話の一部について、AIではなく訓練を受けた人間の契約スタッフが電話をかけ、相手とのやり取りを完了させる「human concierge」「human agent calls」のテストを実施した。 /   scope: Muse経由で発信された電話の一部 /   conditions: Museから人間の訓練済みエージェントへ依頼が引き渡されるテスト条件 /   date_or_period: 2026年9月中旬 /   notes_for_writer: 全ての電話を人間が担当したとは書かない。「一部の電話」「テスト」と限定する。 ([channelnewsasia.com](https://www.channelnewsasia.com/business/exclusive-meta-testing-human-concierge-its-new-personal-ai-agent-muse-6402946)) / ,True,False,ACCEPTABLE,,ACCEPTABLE,UNLABELED,UNLABELED,UNLABELED,,
neg7_meta_prodrunner_b1b,1,But that person should not appear secretly.,MUSE-HC-012,[VERIFIED] MUSE-HC-012: MetaのSuperintelligence Labs部門の副社長は、適切な開示なしに契約スタッフが電話をかけるテストを開始したことを「ミス」だったと認め、機能を当面ロールバックしたと社内投稿で説明した。 /   scope: Meta社内テストの人間コンシェルジュ機能 /   conditions: 適切な開示なしで契約スタッフが電話を担当していたテスト /   date_or_period: 2026年9月22日まで /   notes_for_writer: 「サービス全体を停止した」とは書かない。ロールバック対象は人間コンシェルジュ機能として扱う。 ([channelnewsasia.com](https://www.channelnewsasia.com/business/exclusive-meta-testing-human-concierge-its-new-personal-ai-agent-muse-6402946)) / ,True,False,ACCEPTABLE,,ACCEPTABLE,UNLABELED,UNLABELED,UNLABELED,,
neg7_meta_prodrunner_b1b,1,"If they step onto the stage, they should give their name first.",MUSE-HC-014,[VERIFIED] MUSE-HC-014: Metaは、電話機能について、商業者との改善を続け、準備が整い、適切な開示ができる場合にのみ公開展開すると広報担当者を通じて説明した。 /   scope: Museの電話機能および人間コンシェルジュを含む可能性のある運用 /   conditions: 準備完了および適切な開示が整うこと /   date_or_period: 2026年9月22日時点 /   notes_for_writer: 公開済みの一般機能と、ロールバックされた人間コンシェルジュ実験を区別する。 ([channelnewsasia.com](https://www.channelnewsasia.com/business/exclusive-meta-testing-human-concierge-its-new-personal-ai-agent-muse-6402946)) / ,True,False,ACCEPTABLE,,ACCEPTABLE,UNLABELED,UNLABELED,,,
neg7_meta_prodrunner_b1b,1,This case made that simple rule unusually clear.,MUSE-HC-012,[VERIFIED] MUSE-HC-012: MetaのSuperintelligence Labs部門の副社長は、適切な開示なしに契約スタッフが電話をかけるテストを開始したことを「ミス」だったと認め、機能を当面ロールバックしたと社内投稿で説明した。 /   scope: Meta社内テストの人間コンシェルジュ機能 /   conditions: 適切な開示なしで契約スタッフが電話を担当していたテスト /   date_or_period: 2026年9月22日まで /   notes_for_writer: 「サービス全体を停止した」とは書かない。ロールバック対象は人間コンシェルジュ機能として扱う。 ([channelnewsasia.com](https://www.channelnewsasia.com/business/exclusive-meta-testing-human-concierge-its-new-personal-ai-agent-muse-6402946)) / ,True,False,ACCEPTABLE,,ACCEPTABLE,UNLABELED,UNLABELED,UNLABELED,,
neg7_meta_prodrunner_b1b,1,"AI may need human help, but humans must say clearly when they take over.",MUSE-HC-014,[VERIFIED] MUSE-HC-014: Metaは、電話機能について、商業者との改善を続け、準備が整い、適切な開示ができる場合にのみ公開展開すると広報担当者を通じて説明した。 /   scope: Museの電話機能および人間コンシェルジュを含む可能性のある運用 /   conditions: 準備完了および適切な開示が整うこと /   date_or_period: 2026年9月22日時点 /   notes_for_writer: 公開済みの一般機能と、ロールバックされた人間コンシェルジュ実験を区別する。 ([channelnewsasia.com](https://www.channelnewsasia.com/business/exclusive-meta-testing-human-concierge-its-new-personal-ai-agent-muse-6402946)) / ,True,False,ACCEPTABLE,,ACCEPTABLE,UNLABELED,UNLABELED,,,
neg7_meta_prodrunner_b1b,2,"So it sounds like a simple story: you make a request, and someone takes care of the call.",MUSE-HC-004,[VERIFIED] MUSE-HC-004: Museの電話機能では、ユーザーが米国内の企業・店舗へ電話をかけるよう指示し、散髪の予約、在庫確認、業者からの見積もり取得などを依頼できるとReutersが報じた。 /   scope: 米国内の企業・店舗への発信 /   conditions: Museの電話機能が利用可能なユーザー /   date_or_period: 2026年9月中旬までに公開・展開 /   notes_for_writer: Reuters報道の転載。Meta公式発表ページでは電話機能の詳細までは確認できない。 ([channelnewsasia.com](https://www.channelnewsasia.com/business/exclusive-meta-testing-human-concierge-its-new-personal-ai-agent-muse-6402946)) / ,,,ACCEPTABLE,changed_causality_floor,BLOCKING,UNLABELED,N,UNLABELED,rca_22_sonnet_guess,
neg7_meta_prodrunner_b1b,2,Meta employees worried that sensitive information needed for the calls might be shared by mistake with contract workers at a call center.,MUSE-HC-010,[VERIFIED] MUSE-HC-010: Meta従業員は、人間の契約スタッフが電話を担当すると、電話中にユーザーの機微情報がコールセンターの契約スタッフへ意図せず共有される可能性があるとして、社内でプライバシー上の懸念を示した。 /   scope: 人間の契約スタッフがMuse経由の電話を担当するテスト /   conditions: 電話の遂行にユーザー情報が必要となる場合 /   date_or_period: 2026年9月中旬〜2026年9月22日 /   causal_strength: OBSERVED_REPORTED /   notes_for_writer: 懸念の存在を示す事実。実際の大規模な情報漏えいが発生したと断定しない。 ([channelnewsasia.com](https://www.channelnewsasia.com/business/exclusive-meta-testing-human-concierge-its-new-personal-ai-agent-muse-6402946)) / ,,,ACCEPTABLE,,ACCEPTABLE,UNLABELED,UNLABELED,UNLABELED,,
neg7_meta_prodrunner_b1b,2,The issue was not just that humans handled calls.,MUSE-HC-010,[VERIFIED] MUSE-HC-010: Meta従業員は、人間の契約スタッフが電話を担当すると、電話中にユーザーの機微情報がコールセンターの契約スタッフへ意図せず共有される可能性があるとして、社内でプライバシー上の懸念を示した。 /   scope: 人間の契約スタッフがMuse経由の電話を担当するテスト /   conditions: 電話の遂行にユーザー情報が必要となる場合 /   date_or_period: 2026年9月中旬〜2026年9月22日 /   causal_strength: OBSERVED_REPORTED /   notes_for_writer: 懸念の存在を示す事実。実際の大規模な情報漏えいが発生したと断定しない。 ([channelnewsasia.com](https://www.channelnewsasia.com/business/exclusive-meta-testing-human-concierge-its-new-personal-ai-agent-muse-6402946)) / ,,,ACCEPTABLE,deterministic_floor:changed_comparison,BLOCKING,UNLABELED,N,UNLABELED,rca_22_sonnet_guess,
neg7_meta_prodrunner_b1b,2,Users might not know who was doing the work they had asked AI to do—and their personal information might reach that person.,MUSE-HC-010,[VERIFIED] MUSE-HC-010: Meta従業員は、人間の契約スタッフが電話を担当すると、電話中にユーザーの機微情報がコールセンターの契約スタッフへ意図せず共有される可能性があるとして、社内でプライバシー上の懸念を示した。 /   scope: 人間の契約スタッフがMuse経由の電話を担当するテスト /   conditions: 電話の遂行にユーザー情報が必要となる場合 /   date_or_period: 2026年9月中旬〜2026年9月22日 /   causal_strength: OBSERVED_REPORTED /   notes_for_writer: 懸念の存在を示す事実。実際の大規模な情報漏えいが発生したと断定しない。 ([channelnewsasia.com](https://www.channelnewsasia.com/business/exclusive-meta-testing-human-concierge-its-new-personal-ai-agent-muse-6402946)) / ,,,ACCEPTABLE,tier0:aux:issue_actor,BLOCKING,UNLABELED,UNDECIDABLE,UNLABELED,rca_22_sonnet_guess,
neg7_meta_prodrunner_b1b,2,# It Was Supposed to Be an AI Call—Then a Human Appeared Backstage,MUSE-HC-006,[VERIFIED] MUSE-HC-006: MetaはMuse経由の電話の一部について、AIではなく訓練を受けた人間の契約スタッフが電話をかけ、相手とのやり取りを完了させる「human concierge」「human agent calls」のテストを実施した。 /   scope: Muse経由で発信された電話の一部 /   conditions: Museから人間の訓練済みエージェントへ依頼が引き渡されるテスト条件 /   date_or_period: 2026年9月中旬 /   notes_for_writer: 全ての電話を人間が担当したとは書かない。「一部の電話」「テスト」と限定する。 ([channelnewsasia.com](https://www.channelnewsasia.com/business/exclusive-meta-testing-human-concierge-its-new-personal-ai-agent-muse-6402946)) / ,True,False,ACCEPTABLE,,ACCEPTABLE,UNLABELED,UNLABELED,,,
neg7_meta_prodrunner_b1b,2,But the picture changed once people looked behind the stage.,MUSE-HC-006,[VERIFIED] MUSE-HC-006: MetaはMuse経由の電話の一部について、AIではなく訓練を受けた人間の契約スタッフが電話をかけ、相手とのやり取りを完了させる「human concierge」「human agent calls」のテストを実施した。 /   scope: Muse経由で発信された電話の一部 /   conditions: Museから人間の訓練済みエージェントへ依頼が引き渡されるテスト条件 /   date_or_period: 2026年9月中旬 /   notes_for_writer: 全ての電話を人間が担当したとは書かない。「一部の電話」「テスト」と限定する。 ([channelnewsasia.com](https://www.channelnewsasia.com/business/exclusive-meta-testing-human-concierge-its-new-personal-ai-agent-muse-6402946)) / ,True,False,ACCEPTABLE,,ACCEPTABLE,UNLABELED,UNLABELED,,,
neg7_meta_prodrunner_b1b,2,### The call that was not made by AI,MUSE-HC-006,[VERIFIED] MUSE-HC-006: MetaはMuse経由の電話の一部について、AIではなく訓練を受けた人間の契約スタッフが電話をかけ、相手とのやり取りを完了させる「human concierge」「human agent calls」のテストを実施した。 /   scope: Muse経由で発信された電話の一部 /   conditions: Museから人間の訓練済みエージェントへ依頼が引き渡されるテスト条件 /   date_or_period: 2026年9月中旬 /   notes_for_writer: 全ての電話を人間が担当したとは書かない。「一部の電話」「テスト」と限定する。 ([channelnewsasia.com](https://www.channelnewsasia.com/business/exclusive-meta-testing-human-concierge-its-new-personal-ai-agent-muse-6402946)) / ,True,False,ACCEPTABLE,,ACCEPTABLE,UNLABELED,UNLABELED,,,
neg7_meta_prodrunner_b1b,2,Some calls through Muse were not made by AI at all.,MUSE-HC-006,[VERIFIED] MUSE-HC-006: MetaはMuse経由の電話の一部について、AIではなく訓練を受けた人間の契約スタッフが電話をかけ、相手とのやり取りを完了させる「human concierge」「human agent calls」のテストを実施した。 /   scope: Muse経由で発信された電話の一部 /   conditions: Museから人間の訓練済みエージェントへ依頼が引き渡されるテスト条件 /   date_or_period: 2026年9月中旬 /   notes_for_writer: 全ての電話を人間が担当したとは書かない。「一部の電話」「テスト」と限定する。 ([channelnewsasia.com](https://www.channelnewsasia.com/business/exclusive-meta-testing-human-concierge-its-new-personal-ai-agent-muse-6402946)) / ,False,True,ACCEPTABLE,,ACCEPTABLE,UNLABELED,UNLABELED,,,
neg7_meta_prodrunner_b1b,2,The hidden role made the simple picture less simple.,MUSE-HC-006,[VERIFIED] MUSE-HC-006: MetaはMuse経由の電話の一部について、AIではなく訓練を受けた人間の契約スタッフが電話をかけ、相手とのやり取りを完了させる「human concierge」「human agent calls」のテストを実施した。 /   scope: Muse経由で発信された電話の一部 /   conditions: Museから人間の訓練済みエージェントへ依頼が引き渡されるテスト条件 /   date_or_period: 2026年9月中旬 /   notes_for_writer: 全ての電話を人間が担当したとは書かない。「一部の電話」「テスト」と限定する。 ([channelnewsasia.com](https://www.channelnewsasia.com/business/exclusive-meta-testing-human-concierge-its-new-personal-ai-agent-muse-6402946)) / ,True,False,ACCEPTABLE,,ACCEPTABLE,UNLABELED,UNLABELED,,,
neg7_meta_prodrunner_b1b,2,It was that testing began without clearly telling users about it.,MUSE-HC-012,[VERIFIED] MUSE-HC-012: MetaのSuperintelligence Labs部門の副社長は、適切な開示なしに契約スタッフが電話をかけるテストを開始したことを「ミス」だったと認め、機能を当面ロールバックしたと社内投稿で説明した。 /   scope: Meta社内テストの人間コンシェルジュ機能 /   conditions: 適切な開示なしで契約スタッフが電話を担当していたテスト /   date_or_period: 2026年9月22日まで /   notes_for_writer: 「サービス全体を停止した」とは書かない。ロールバック対象は人間コンシェルジュ機能として扱う。 ([channelnewsasia.com](https://www.channelnewsasia.com/business/exclusive-meta-testing-human-concierge-its-new-personal-ai-agent-muse-6402946)) / ,True,False,QUALITY,,QUALITY,UNLABELED,UNLABELED,,,
neg7_meta_prodrunner_b1b,2,Meta then temporarily put the human-call feature back on hold.,MUSE-HC-012,[VERIFIED] MUSE-HC-012: MetaのSuperintelligence Labs部門の副社長は、適切な開示なしに契約スタッフが電話をかけるテストを開始したことを「ミス」だったと認め、機能を当面ロールバックしたと社内投稿で説明した。 /   scope: Meta社内テストの人間コンシェルジュ機能 /   conditions: 適切な開示なしで契約スタッフが電話を担当していたテスト /   date_or_period: 2026年9月22日まで /   notes_for_writer: 「サービス全体を停止した」とは書かない。ロールバック対象は人間コンシェルジュ機能として扱う。 ([channelnewsasia.com](https://www.channelnewsasia.com/business/exclusive-meta-testing-human-concierge-its-new-personal-ai-agent-muse-6402946)) / ,False,True,ACCEPTABLE,,ACCEPTABLE,UNLABELED,UNLABELED,,,
neg7_meta_prodrunner_b1b,2,"In the future, Meta will make the feature public only when it is ready and can clearly explain who will make the call.",MUSE-HC-014,[VERIFIED] MUSE-HC-014: Metaは、電話機能について、商業者との改善を続け、準備が整い、適切な開示ができる場合にのみ公開展開すると広報担当者を通じて説明した。 /   scope: Museの電話機能および人間コンシェルジュを含む可能性のある運用 /   conditions: 準備完了および適切な開示が整うこと /   date_or_period: 2026年9月22日時点 /   notes_for_writer: 公開済みの一般機能と、ロールバックされた人間コンシェルジュ実験を区別する。 ([channelnewsasia.com](https://www.channelnewsasia.com/business/exclusive-meta-testing-human-concierge-its-new-personal-ai-agent-muse-6402946)) / ,True,False,QUALITY,,QUALITY,UNLABELED,UNLABELED,,,
neg7_meta_prodrunner_b1b,2,"Even in an age when AI does our work, a human may still need to help.",MUSE-HC-006,[VERIFIED] MUSE-HC-006: MetaはMuse経由の電話の一部について、AIではなく訓練を受けた人間の契約スタッフが電話をかけ、相手とのやり取りを完了させる「human concierge」「human agent calls」のテストを実施した。 /   scope: Muse経由で発信された電話の一部 /   conditions: Museから人間の訓練済みエージェントへ依頼が引き渡されるテスト条件 /   date_or_period: 2026年9月中旬 /   notes_for_writer: 全ての電話を人間が担当したとは書かない。「一部の電話」「テスト」と限定する。 ([channelnewsasia.com](https://www.channelnewsasia.com/business/exclusive-meta-testing-human-concierge-its-new-personal-ai-agent-muse-6402946)) / ,True,False,ACCEPTABLE,,ACCEPTABLE,UNLABELED,UNLABELED,,,
